ISO-10303-21;
HEADER;
FILE_DESCRIPTION (( 'STEP AP214' ),
    '1' );
FILE_NAME ('VLS5045EX-100M-H.STEP',
    '2022-03-02T13:22:11',
    ( '' ),
    ( '' ),
    'SwSTEP 2.0',
    'SolidWorks 2017',
    '' );
FILE_SCHEMA (( 'AUTOMOTIVE_DESIGN' ));
ENDSEC;

DATA;
#1 = DIRECTION ( 'NONE',  ( -4.336808689942016900E-015, 1.000000000000000000, 0.0000000000000000000 ) ) ;
#2 = CARTESIAN_POINT ( 'NONE',  ( -1.964294742901957900, 0.6000000000000003100, 1.949999999999998800 ) ) ;
#3 = CARTESIAN_POINT ( 'NONE',  ( -1.200000000000001100, 0.1000000000000000100, 1.849999999999999900 ) ) ;
#4 = SHAPE_DEFINITION_REPRESENTATION ( #5281, #2148 ) ;
#5 = CARTESIAN_POINT ( 'NONE',  ( 1.893879448033117600, 0.4987310626942725900, 1.948193405857499200 ) ) ;
#6 = EDGE_CURVE ( 'NONE', #4035, #1052, #470, .T. ) ;
#7 = CARTESIAN_POINT ( 'NONE',  ( -0.8386609206840862600, 0.9000000000000001300, 1.849999999999999000 ) ) ;
#8 = FILL_AREA_STYLE ('',( #5031 ) ) ;
#9 = LINE ( 'NONE', #4740, #4457 ) ;
#10 = MANIFOLD_SOLID_BREP ( 'Cut-Extrude4[1]', #3483 ) ;
#11 = CARTESIAN_POINT ( 'NONE',  ( -1.254179606750064100, 0.6000000000000005300, 2.149999999999999000 ) ) ;
#12 = CARTESIAN_POINT ( 'NONE',  ( 2.192869499383279100, 0.4932693072543673000, 1.951050632258500800 ) ) ;
#13 = DIRECTION ( 'NONE',  ( 2.344220913482172100E-016, 0.0000000000000000000, -1.000000000000000000 ) ) ;
#14 = CARTESIAN_POINT ( 'NONE',  ( -1.642670458277132500, 0.7033827306083000300, 1.895787742225966600 ) ) ;
#15 = CARTESIAN_POINT ( 'NONE',  ( 1.657117990109689700, 0.8253715398664570600, 1.886862258276311900 ) ) ;
#16 = LINE ( 'NONE', #5766, #1891 ) ;
#17 = CARTESIAN_POINT ( 'NONE',  ( -0.8386609206840866000, 3.500000000000000000, 0.7103414590570749100 ) ) ;
#18 = EDGE_CURVE ( 'NONE', #5330, #1638, #4937, .T. ) ;
#19 = CARTESIAN_POINT ( 'NONE',  ( 0.9058549884426955200, 0.1000000000000000500, 1.883357646619165500 ) ) ;
#20 = FACE_OUTER_BOUND ( 'NONE', #2550, .T. ) ;
#21 = DIRECTION ( 'NONE',  ( 1.112002228190261000E-016, 0.0000000000000000000, -1.000000000000000000 ) ) ;
#22 = EDGE_LOOP ( 'NONE', ( #887, #221, #4036, #4402 ) ) ;
#23 = DIRECTION ( 'NONE',  ( 0.0000000000000000000, -1.000000000000000000, 3.469446951953611800E-015 ) ) ;
#24 = TOROIDAL_SURFACE ( 'NONE', #4803, 4.564977828463508300, 2.966666666666668600 ) ;
#25 = CARTESIAN_POINT ( 'NONE',  ( 1.585487296939212900, 0.6158424543341488600, 1.886789084008145400 ) ) ;
#26 = EDGE_CURVE ( 'NONE', #899, #407, #1717, .T. ) ;
#27 = AXIS2_PLACEMENT_3D ( 'NONE', #1220, #1253, #332 ) ;
#28 = CARTESIAN_POINT ( 'NONE',  ( -1.011703626604006000, 1.245743598126830600, 1.471774017893068700 ) ) ;
#29 = ORIENTED_EDGE ( 'NONE', *, *, #5439, .T. ) ;
#30 = CARTESIAN_POINT ( 'NONE',  ( -1.148214659803442800, 1.100831675754641000, 1.404907142573942600 ) ) ;
#31 = CARTESIAN_POINT ( 'NONE',  ( -1.493355204731819700, 1.064196913193507400, 1.696105585426021900 ) ) ;
#32 = CARTESIAN_POINT ( 'NONE',  ( 2.421434752500690700, 0.4942748007623293200, 1.950525303227349700 ) ) ;
#33 = CARTESIAN_POINT ( 'NONE',  ( 0.0000000000000000000, 0.0000000000000000000, 1.949999999999999700 ) ) ;
#34 = ORIENTED_EDGE ( 'NONE', *, *, #5318, .F. ) ;
#35 = ORIENTED_EDGE ( 'NONE', *, *, #4441, .T. ) ;
#36 = PLANE ( 'NONE',  #3511 ) ;
#37 = AXIS2_PLACEMENT_3D ( 'NONE', #5092, #2726, #5550 ) ;
#38 = CARTESIAN_POINT ( 'NONE',  ( 1.630865150940503000, 0.9751928708471479000, 1.953173396769850400 ) ) ;
#39 = ORIENTED_EDGE ( 'NONE', *, *, #3809, .F. ) ;
#40 = ORIENTED_EDGE ( 'NONE', *, *, #2003, .F. ) ;
#41 = DIRECTION ( 'NONE',  ( -2.344220913482172100E-016, 0.0000000000000000000, -1.000000000000000000 ) ) ;
#42 = CARTESIAN_POINT ( 'NONE',  ( -0.5180367406695145500, 0.3000000000000004900, 2.392706819445609600 ) ) ;
#43 = DIRECTION ( 'NONE',  ( 0.0000000000000000000, -0.0000000000000000000, -1.000000000000000000 ) ) ;
#44 = LINE ( 'NONE', #1517, #4999 ) ;
#45 = EDGE_CURVE ( 'NONE', #1362, #4909, #51, .T. ) ;
#46 = DIRECTION ( 'NONE',  ( 1.000000000000000000, 0.0000000000000000000, 2.990902544787597600E-016 ) ) ;
#47 = VERTEX_POINT ( 'NONE', #1477 ) ;
#48 = ORIENTED_EDGE ( 'NONE', *, *, #2496, .T. ) ;
#49 = CARTESIAN_POINT ( 'NONE',  ( 1.964294742901957900, 0.6000000000000005300, 1.949999999999998800 ) ) ;
#50 = CARTESIAN_POINT ( 'NONE',  ( 2.650000000000000400, 0.6642891388482195000, 2.077980932459958300 ) ) ;
#51 = LINE ( 'NONE', #5153, #5433 ) ;
#52 = ORIENTED_EDGE ( 'NONE', *, *, #5906, .T. ) ;
#53 = DIRECTION ( 'NONE',  ( 1.000000000000000000, 0.0000000000000000000, -2.855701937345342200E-017 ) ) ;
#54 = CARTESIAN_POINT ( 'NONE',  ( -1.035228769152123100, 1.139155403440661700, 1.671626844385644100 ) ) ;
#55 = ORIENTED_EDGE ( 'NONE', *, *, #1182, .F. ) ;
#56 = CARTESIAN_POINT ( 'NONE',  ( -1.792927004375793700, 0.8400616080810119300, 2.024309380075333600 ) ) ;
#57 = DIRECTION ( 'NONE',  ( 0.0000000000000000000, 0.0000000000000000000, -1.000000000000000000 ) ) ;
#58 = DIRECTION ( 'NONE',  ( 1.000000000000000000, 1.869314090492263000E-017, -1.869314090492249700E-017 ) ) ;
#59 = EDGE_CURVE ( 'NONE', #1631, #4114, #2979, .T. ) ;
#60 = VERTEX_POINT ( 'NONE', #4219 ) ;
#61 = CARTESIAN_POINT ( 'NONE',  ( 1.030704209416242400, 1.425344389707045500, 1.369139653481486100 ) ) ;
#62 = CARTESIAN_POINT ( 'NONE',  ( 0.1789714508015686800, 0.1000000000000000300, 2.299788373353536500 ) ) ;
#63 = CARTESIAN_POINT ( 'NONE',  ( 2.650000000000000400, 0.6637294223509944100, 2.073809881459312900 ) ) ;
#64 = AXIS2_PLACEMENT_3D ( 'NONE', #3373, #4817, #2069 ) ;
#65 = CARTESIAN_POINT ( 'NONE',  ( 2.550243401262926900, 0.4112772593471831200, 2.034521267292519900 ) ) ;
#66 = CARTESIAN_POINT ( 'NONE',  ( 2.650000000000000400, 0.6983954277378052700, 2.163494537112705000 ) ) ;
#67 = ORIENTED_EDGE ( 'NONE', *, *, #3266, .F. ) ;
#68 = CARTESIAN_POINT ( 'NONE',  ( -1.067464453049743500, 1.060452662727641600, 1.783318852550419800 ) ) ;
#69 = CARTESIAN_POINT ( 'NONE',  ( -1.925000000000000700, 0.0000000000000000000, -1.849999999999999600 ) ) ;
#70 = CARTESIAN_POINT ( 'NONE',  ( -1.019626432817432900, 1.297285309603991800, 1.328706931612907600 ) ) ;
#71 = AXIS2_PLACEMENT_3D ( 'NONE', #732, #5812, #5847 ) ;
#72 = CARTESIAN_POINT ( 'NONE',  ( -1.964294742901957900, 0.7047197551196603400, 1.949999999999998600 ) ) ;
#73 = CARTESIAN_POINT ( 'NONE',  ( -1.731310763689220700, 0.6532781991784727400, 1.922106177826789200 ) ) ;
#74 = CARTESIAN_POINT ( 'NONE',  ( 1.747605315372386300, 0.8638121026374237000, 2.011840474136392200 ) ) ;
#75 = CARTESIAN_POINT ( 'NONE',  ( 0.4838709677391815300, 0.3000000000000004900, 2.762096774186539400 ) ) ;
#76 = CARTESIAN_POINT ( 'NONE',  ( 1.259679514979581200, 1.258432862634995200, 1.957263103125588300 ) ) ;
#77 = VECTOR ( 'NONE', #5479, 1000.000000000000000 ) ;
#78 = CARTESIAN_POINT ( 'NONE',  ( -0.5722612009522856100, 0.9000000000000001300, 1.943736782287626700E-016 ) ) ;
#79 = CARTESIAN_POINT ( 'NONE',  ( 0.3608819780375719400, 0.09999999999999990800, 2.238675436777876700 ) ) ;
#80 = CARTESIAN_POINT ( 'NONE',  ( 2.549546917464612200, 0.7304978414506591000, 1.996201910279120200 ) ) ;
#81 = CARTESIAN_POINT ( 'NONE',  ( 1.200000000000001100, 0.09999999999999939500, 1.849999999999999200 ) ) ;
#82 = ORIENTED_EDGE ( 'NONE', *, *, #5502, .T. ) ;
#83 = LINE ( 'NONE', #2717, #5243 ) ;
#84 = VERTEX_POINT ( 'NONE', #1012 ) ;
#85 = CARTESIAN_POINT ( 'NONE',  ( -1.285458484761898200, 0.7149958366687867400, 2.089726840593142000 ) ) ;
#86 = VECTOR ( 'NONE', #4727, 1000.000000000000000 ) ;
#87 = ORIENTED_EDGE ( 'NONE', *, *, #4127, .F. ) ;
#88 = CARTESIAN_POINT ( 'NONE',  ( -1.670567217354546300, 0.9252311363298947300, 1.979869706683956600 ) ) ;
#89 = CARTESIAN_POINT ( 'NONE',  ( -1.924410030899832900, 0.8019857579230426100, 2.044241051233045800 ) ) ;
#90 = CARTESIAN_POINT ( 'NONE',  ( -1.207645527113148500, 0.3000000000000004900, -1.841658295496672300 ) ) ;
#91 = CARTESIAN_POINT ( 'NONE',  ( 1.628761299812714800, 0.4752611663760555300, 2.005872187029448500 ) ) ;
#92 = CIRCLE ( 'NONE', #3224, 0.2000000000000002100 ) ;
#93 = FILL_AREA_STYLE ('',( #1515 ) ) ;
#94 = VERTEX_POINT ( 'NONE', #2832 ) ;
#95 = EDGE_CURVE ( 'NONE', #5331, #510, #1432, .T. ) ;
#96 = LINE ( 'NONE', #760, #2668 ) ;
#97 = CARTESIAN_POINT ( 'NONE',  ( -2.550000000000000700, 0.1000000000000002600, 0.9999999999999986700 ) ) ;
#98 = CARTESIAN_POINT ( 'NONE',  ( -0.7534690953832899900, 0.09999999999999996400, 2.020136855995311900 ) ) ;
#99 = LINE ( 'NONE', #1855, #521 ) ;
#100 = CARTESIAN_POINT ( 'NONE',  ( 2.650000000001764300, 0.7308023577509240600, 1.995848624796984400 ) ) ;
#101 = DIRECTION ( 'NONE',  ( 0.0000000000000000000, -1.000000000000000000, 0.0000000000000000000 ) ) ;
#102 = DIRECTION ( 'NONE',  ( 0.0000000000000000000, -3.523657060577895700E-015, -1.000000000000000000 ) ) ;
#103 = VERTEX_POINT ( 'NONE', #4677 ) ;
#104 = EDGE_LOOP ( 'NONE', ( #122, #461, #4409, #848 ) ) ;
#105 = DIRECTION ( 'NONE',  ( 0.0000000000000000000, 0.0000000000000000000, 1.000000000000000000 ) ) ;
#106 = CARTESIAN_POINT ( 'NONE',  ( -1.547336403710213500, 0.7934783820616609900, 1.848657193403494300 ) ) ;
#107 = AXIS2_PLACEMENT_3D ( 'NONE', #2409, #3290, #161 ) ;
#108 = VECTOR ( 'NONE', #4014, 1000.000000000000000 ) ;
#109 = ORIENTED_EDGE ( 'NONE', *, *, #4555, .F. ) ;
#110 = CARTESIAN_POINT ( 'NONE',  ( 1.672540930644304000, 0.6840911495788375400, 1.905938405391626000 ) ) ;
#111 = ORIENTED_EDGE ( 'NONE', *, *, #1974, .F. ) ;
#112 = LINE ( 'NONE', #2987, #5074 ) ;
#113 = CARTESIAN_POINT ( 'NONE',  ( 1.925000000000000300, 0.0000000000000000000, 1.849999999999999900 ) ) ;
#114 = CARTESIAN_POINT ( 'NONE',  ( 1.602410540530401400, 0.5761749128191888700, 2.307641912769403000 ) ) ;
#115 = EDGE_LOOP ( 'NONE', ( #1271, #3613, #4324, #4623 ) ) ;
#116 = ORIENTED_EDGE ( 'NONE', *, *, #273, .T. ) ;
#117 = LINE ( 'NONE', #4756, #260 ) ;
#118 = CARTESIAN_POINT ( 'NONE',  ( 0.1139654656657184300, 0.09999999999999996400, 2.294312566979384000 ) ) ;
#119 = VERTEX_POINT ( 'NONE', #1952 ) ;
#120 = EDGE_CURVE ( 'NONE', #3170, #2539, #267, .T. ) ;
#121 = CARTESIAN_POINT ( 'NONE',  ( -1.964294742901957900, 0.6000000000000004200, 1.949999999999998800 ) ) ;
#122 = ORIENTED_EDGE ( 'NONE', *, *, #2797, .T. ) ;
#123 =( NAMED_UNIT ( * ) PLANE_ANGLE_UNIT ( ) SI_UNIT ( $, .RADIAN. ) );
#124 = EDGE_LOOP ( 'NONE', ( #3767, #372, #2126, #2757, #5358 ) ) ;
#125 = CARTESIAN_POINT ( 'NONE',  ( -1.101615032082829300, 1.431952711689253900, 1.551452447731339800 ) ) ;
#126 = CARTESIAN_POINT ( 'NONE',  ( 2.649999999999999900, 0.1000000000000001600, -0.9000000000000010200 ) ) ;
#127 = CARTESIAN_POINT ( 'NONE',  ( -1.630865150940503000, 0.9751928708471479000, 1.953173396769850400 ) ) ;
#128 = ORIENTED_EDGE ( 'NONE', *, *, #5637, .F. ) ;
#129 = CARTESIAN_POINT ( 'NONE',  ( -1.506142630275728100, 0.5444341867448128100, 1.969564026961800900 ) ) ;
#130 = CARTESIAN_POINT ( 'NONE',  ( -1.688367502434858800, 0.7671839774336254300, 2.317295604473685000 ) ) ;
#131 = CARTESIAN_POINT ( 'NONE',  ( -1.021201469069047000, 0.3000000000000004300, -2.050306665881380200 ) ) ;
#132 = CARTESIAN_POINT ( 'NONE',  ( 1.620037812392821600, 0.8030192911820726000, 2.298494958568887200 ) ) ;
#133 = EDGE_CURVE ( 'NONE', #4114, #5331, #1925, .T. ) ;
#134 = DIRECTION ( 'NONE',  ( 4.336808689942016900E-015, -1.000000000000000000, -2.168404344971008600E-016 ) ) ;
#135 = CARTESIAN_POINT ( 'NONE',  ( -0.8386609206840866000, 0.9000000000000001300, -1.849999999999998500 ) ) ;
#136 = CARTESIAN_POINT ( 'NONE',  ( -0.09884735305053556100, 0.09999999999999990800, 2.295538713022561100 ) ) ;
#137 = EDGE_CURVE ( 'NONE', #4167, #904, #5802, .T. ) ;
#138 = DIRECTION ( 'NONE',  ( -1.000000000000000000, -0.0000000000000000000, 2.168404344970998600E-015 ) ) ;
#139 = CARTESIAN_POINT ( 'NONE',  ( -1.682912790984585600, 0.6554741625017116400, 2.320946710459080200 ) ) ;
#140 = CARTESIAN_POINT ( 'NONE',  ( -1.367850346780454400, 0.8745556439892412400, 1.716827380273656400 ) ) ;
#141 = CARTESIAN_POINT ( 'NONE',  ( -1.214481433492047700, 4.500000000000000000, -2.620162607017971100 ) ) ;
#142 = CIRCLE ( 'NONE', #371, 1.898311161796838900 ) ;
#143 = CARTESIAN_POINT ( 'NONE',  ( 1.566839612366199400, 0.7689058563756616700, 1.861754120745606300 ) ) ;
#144 = CARTESIAN_POINT ( 'NONE',  ( -1.429618400002719200, 0.6060190673058543100, 1.937429192686702900 ) ) ;
#145 = CARTESIAN_POINT ( 'NONE',  ( -1.620155441081601700, 0.5935270909723462400, 1.898523699615781300 ) ) ;
#146 = CARTESIAN_POINT ( 'NONE',  ( 0.5914713179867355800, 0.09999999999999990800, -2.131725795491712400 ) ) ;
#147 = CARTESIAN_POINT ( 'NONE',  ( 1.964294742901957900, 0.4000000000000001900, 2.254719755119658900 ) ) ;
#148 = CIRCLE ( 'NONE', #3052, 0.2000000000000002100 ) ;
#149 = EDGE_CURVE ( 'NONE', #2397, #4570, #117, .T. ) ;
#150 = CARTESIAN_POINT ( 'NONE',  ( 1.200000000000000600, 0.0000000000000000000, -1.849999999999999900 ) ) ;
#151 = TOROIDAL_SURFACE ( 'NONE', #4842, 3.806325207609592800, 2.966666666666668600 ) ;
#152 = CARTESIAN_POINT ( 'NONE',  ( -0.1130535033375608500, 0.09999999999999996400, 2.294132708496529300 ) ) ;
#153 = APPLICATION_CONTEXT ( 'automotive_design' ) ;
#154 = PLANE ( 'NONE',  #1436 ) ;
#155 = ORIENTED_EDGE ( 'NONE', *, *, #1811, .T. ) ;
#156 = CARTESIAN_POINT ( 'NONE',  ( -2.199558586991800200, 0.3981196084764598300, 2.046262699151619700 ) ) ;
#157 = DIRECTION ( 'NONE',  ( -7.309228129115755200E-017, 0.0000000000000000000, -1.000000000000000000 ) ) ;
#158 = VECTOR ( 'NONE', #2798, 1000.000000000000000 ) ;
#159 = CARTESIAN_POINT ( 'NONE',  ( -1.446101183711558900, 0.9410147817117210400, 1.737483079866199500 ) ) ;
#160 = ORIENTED_EDGE ( 'NONE', *, *, #3815, .F. ) ;
#161 = DIRECTION ( 'NONE',  ( 2.168404344971003300E-015, 0.0000000000000000000, -1.000000000000000000 ) ) ;
#162 = FILL_AREA_STYLE_COLOUR ( '', #578 ) ;
#163 = VECTOR ( 'NONE', #1013, 1000.000000000000000 ) ;
#164 = CARTESIAN_POINT ( 'NONE',  ( -1.789048751622745800, 0.7295826985814790600, 2.336973260688770500 ) ) ;
#165 = CARTESIAN_POINT ( 'NONE',  ( -1.627860938368617800, 0.4658460533205753300, 2.220233682012041900 ) ) ;
#166 = CARTESIAN_POINT ( 'NONE',  ( -0.5190155649226189100, 0.3000000000000004900, -2.392292359381737100 ) ) ;
#167 = ORIENTED_EDGE ( 'NONE', *, *, #3621, .F. ) ;
#168 = DIRECTION ( 'NONE',  ( 0.0000000000000000000, 0.0000000000000000000, 1.000000000000000000 ) ) ;
#169 = CARTESIAN_POINT ( 'NONE',  ( -2.549546917464601000, 0.7304978414506444500, 1.996201910279099500 ) ) ;
#170 = VECTOR ( 'NONE', #4327, 1000.000000000000000 ) ;
#171 = LINE ( 'NONE', #4034, #2679 ) ;
#172 = CARTESIAN_POINT ( 'NONE',  ( 2.416623433197966400, 0.7037613982145050100, 1.950500645929076300 ) ) ;
#173 = AXIS2_PLACEMENT_3D ( 'NONE', #867, #4109, #2710 ) ;
#174 = VERTEX_POINT ( 'NONE', #81 ) ;
#175 = ORIENTED_EDGE ( 'NONE', *, *, #2590, .T. ) ;
#176 = CARTESIAN_POINT ( 'NONE',  ( 1.049588111106896100, 0.09999999999999996400, 1.718973578918032500 ) ) ;
#177 = DIRECTION ( 'NONE',  ( 0.9363197852760812800, -0.0000000000000000000, -0.3511484866841278500 ) ) ;
#178 = CIRCLE ( 'NONE', #268, 0.1000000000000000500 ) ;
#179 = CARTESIAN_POINT ( 'NONE',  ( 1.022020518581522300, 1.368971956446978400, 1.525660650063394000 ) ) ;
#180 = DIRECTION ( 'NONE',  ( 0.0000000000000000000, 0.0000000000000000000, 1.000000000000000000 ) ) ;
#181 = ORIENTED_EDGE ( 'NONE', *, *, #4874, .T. ) ;
#182 = EDGE_LOOP ( 'NONE', ( #1218, #2412, #3476, #1448 ) ) ;
#183 = DIRECTION ( 'NONE',  ( 0.7071067811865505700, 0.7071067811865444600, -1.657614504522574000E-016 ) ) ;
#184 = PRESENTATION_LAYER_ASSIGNMENT (  '', '', ( #4810 ) ) ;
#185 = DIRECTION ( 'NONE',  ( 0.0000000000000000000, 0.0000000000000000000, -1.000000000000000000 ) ) ;
#186 = FACE_OUTER_BOUND ( 'NONE', #3054, .T. ) ;
#187 = DIRECTION ( 'NONE',  ( -1.000000000000000000, 0.0000000000000000000, 0.0000000000000000000 ) ) ;
#188 = ORIENTED_EDGE ( 'NONE', *, *, #3080, .T. ) ;
#189 =( GEOMETRIC_REPRESENTATION_CONTEXT ( 3 ) GLOBAL_UNCERTAINTY_ASSIGNED_CONTEXT ( ( #5526 ) ) GLOBAL_UNIT_ASSIGNED_CONTEXT ( ( #5661, #1538, #1028 ) ) REPRESENTATION_CONTEXT ( 'NONE', 'WORKASPACE' ) );
#190 =( NAMED_UNIT ( * ) SI_UNIT ( $, .STERADIAN. ) SOLID_ANGLE_UNIT ( ) );
#191 = ORIENTED_EDGE ( 'NONE', *, *, #4363, .F. ) ;
#192 = ORIENTED_EDGE ( 'NONE', *, *, #2481, .T. ) ;
#193 = SURFACE_STYLE_FILL_AREA ( #2362 ) ;
#194 = CARTESIAN_POINT ( 'NONE',  ( -1.868782500797580900, 0.4999346473388723300, 2.347563049471888900 ) ) ;
#195 = CARTESIAN_POINT ( 'NONE',  ( -1.668084743566666100, 0.4582697860907558600, 2.014762429104409500 ) ) ;
#196 = CARTESIAN_POINT ( 'NONE',  ( 1.789089647745030000, 0.5201337872960892800, 1.936978442184305700 ) ) ;
#197 =( BOUNDED_CURVE ( )  B_SPLINE_CURVE ( 3, ( #1595, #3005, #4839, #2541 ),
 .UNSPECIFIED., .F., .F. ) 
 B_SPLINE_CURVE_WITH_KNOTS ( ( 4, 4 ),
 ( 5.545459338726337800, 6.283185307179586200 ),
 .UNSPECIFIED. ) 
 CURVE ( )  GEOMETRIC_REPRESENTATION_ITEM ( )  RATIONAL_B_SPLINE_CURVE ( ( 1.000000000000000000, 0.9551586035392543000, 0.9551586035392543000, 1.000000000000000000 ) ) 
 REPRESENTATION_ITEM ( '' )  );
#198 = ORIENTED_EDGE ( 'NONE', *, *, #1575, .F. ) ;
#199 =( NAMED_UNIT ( * ) SI_UNIT ( $, .STERADIAN. ) SOLID_ANGLE_UNIT ( ) );
#200 = CARTESIAN_POINT ( 'NONE',  ( 0.5722612009522862800, 0.9000000000000001300, 5.421010862427522200E-017 ) ) ;
#201 = CARTESIAN_POINT ( 'NONE',  ( 1.034215203377436300, 1.295690604572645100, 1.672631336730883800 ) ) ;
#202 = ORIENTED_EDGE ( 'NONE', *, *, #934, .T. ) ;
#203 = ORIENTED_EDGE ( 'NONE', *, *, #2101, .T. ) ;
#204 = CARTESIAN_POINT ( 'NONE',  ( 1.457675612443633000, 1.146606955438629600, 1.583843529532804600 ) ) ;
#205 = CARTESIAN_POINT ( 'NONE',  ( -1.616035301125626800, 0.9359807428910189600, 2.183556279275705900 ) ) ;
#206 = CARTESIAN_POINT ( 'NONE',  ( -0.8611060186406009900, 0.09999999999999996400, -1.926785904018483800 ) ) ;
#207 = PLANE ( 'NONE',  #2414 ) ;
#208 = EDGE_CURVE ( 'NONE', #305, #1849, #5731, .T. ) ;
#209 = CARTESIAN_POINT ( 'NONE',  ( 2.188039544545142200, 0.5978516822771643400, 1.951122340735699500 ) ) ;
#210 = DIRECTION ( 'NONE',  ( -2.990902544787601500E-016, 0.0000000000000000000, -1.000000000000000000 ) ) ;
#211 = CARTESIAN_POINT ( 'NONE',  ( 2.649999999999999500, 0.1000000000000000100, -1.849999999999999900 ) ) ;
#212 = DIRECTION ( 'NONE',  ( 0.7071067811865463500, -0.0000000000000000000, 0.7071067811865487900 ) ) ;
#213 = CARTESIAN_POINT ( 'NONE',  ( 1.086106140609196500, 1.021582879206627000, 1.831891492532632200 ) ) ;
#214 = EDGE_CURVE ( 'NONE', #4805, #3624, #4503, .T. ) ;
#215 = AXIS2_PLACEMENT_3D ( 'NONE', #5843, #4462, #291 ) ;
#216 = LINE ( 'NONE', #2008, #4233 ) ;
#217 = CARTESIAN_POINT ( 'NONE',  ( -1.964294742901957900, 0.7047197551196602300, 2.349999999999999200 ) ) ;
#218 = ADVANCED_FACE ( 'NONE', ( #3119 ), #3422, .T. ) ;
#219 = DIRECTION ( 'NONE',  ( 0.0000000000000000000, 2.258754526011467700E-016, -1.000000000000000000 ) ) ;
#220 = CARTESIAN_POINT ( 'NONE',  ( 1.396616625330779700, 1.032618888842524100, 2.170679554193392300 ) ) ;
#221 = ORIENTED_EDGE ( 'NONE', *, *, #4363, .T. ) ;
#222 = VECTOR ( 'NONE', #5521, 1000.000000000000000 ) ;
#223 = AXIS2_PLACEMENT_3D ( 'NONE', #1747, #1729, #2174 ) ;
#224 = CARTESIAN_POINT ( 'NONE',  ( 1.471048240902722600, 0.8288778666697921300, 2.030115157419782000 ) ) ;
#225 = CARTESIAN_POINT ( 'NONE',  ( 1.924410030899832900, 0.8019857579230426100, 2.044241051233045800 ) ) ;
#226 = CARTESIAN_POINT ( 'NONE',  ( 2.550000000000000700, 0.1000000000000000100, 1.349999999999998100 ) ) ;
#227 = FACE_OUTER_BOUND ( 'NONE', #2618, .T. ) ;
#228 = EDGE_CURVE ( 'NONE', #2007, #4179, #688, .T. ) ;
#229 = EDGE_LOOP ( 'NONE', ( #2942, #2893, #2063, #2265 ) ) ;
#230 = CARTESIAN_POINT ( 'NONE',  ( -1.363001298872029000, 1.173186325927129100, 1.378844749850241200 ) ) ;
#231 = VECTOR ( 'NONE', #2086, 1000.000000000000000 ) ;
#232 = DIRECTION ( 'NONE',  ( 0.0000000000000000000, 0.0000000000000000000, 1.000000000000000000 ) ) ;
#233 = FACE_OUTER_BOUND ( 'NONE', #4545, .T. ) ;
#234 = ORIENTED_EDGE ( 'NONE', *, *, #4719, .T. ) ;
#235 = FACE_OUTER_BOUND ( 'NONE', #750, .T. ) ;
#236 = CARTESIAN_POINT ( 'NONE',  ( 1.669463038097340100, 4.500000000000000000, -2.409272370704574200 ) ) ;
#237 = FACE_OUTER_BOUND ( 'NONE', #5800, .T. ) ;
#238 = ORIENTED_EDGE ( 'NONE', *, *, #4632, .T. ) ;
#239 = CARTESIAN_POINT ( 'NONE',  ( 1.323227258981438200, 1.535155092623763600, 1.434747040433393700 ) ) ;
#240 = ORIENTED_EDGE ( 'NONE', *, *, #2284, .T. ) ;
#241 = ORIENTED_EDGE ( 'NONE', *, *, #2231, .T. ) ;
#242 = CARTESIAN_POINT ( 'NONE',  ( 0.8386609206840866000, 3.500000000000000000, -0.7103414590570740200 ) ) ;
#243 = EDGE_CURVE ( 'NONE', #3176, #3554, #908, .T. ) ;
#244 = FACE_OUTER_BOUND ( 'NONE', #1693, .T. ) ;
#245 = CARTESIAN_POINT ( 'NONE',  ( -1.510788061845506500, 1.067583892207285600, 2.107861096873944600 ) ) ;
#246 = CARTESIAN_POINT ( 'NONE',  ( 2.550000000000000700, 0.6164433852275313900, 2.052117769353037700 ) ) ;
#247 = CARTESIAN_POINT ( 'NONE',  ( 1.689467558815850100, 4.500000000000000000, -2.399999999999999000 ) ) ;
#248 = CARTESIAN_POINT ( 'NONE',  ( 2.170572362749125800, 2.200000000000000200, 0.0000000000000000000 ) ) ;
#249 = CARTESIAN_POINT ( 'NONE',  ( 1.949999999999994400, 0.9000000000000001300, -1.950000000000003500 ) ) ;
#250 = VERTEX_POINT ( 'NONE', #4365 ) ;
#251 = ADVANCED_FACE ( 'NONE', ( #5007 ), #3908, .F. ) ;
#252 = CARTESIAN_POINT ( 'NONE',  ( 2.426244103861252600, 0.4942277222027821600, 2.350549855106533600 ) ) ;
#253 = CYLINDRICAL_SURFACE ( 'NONE', #5493, 0.1000000000000000500 ) ;
#254 = EDGE_CURVE ( 'NONE', #5657, #5330, #3765, .T. ) ;
#255 = CARTESIAN_POINT ( 'NONE',  ( 2.649999999999999900, 0.09999999999999996400, 2.334046343545191100E-017 ) ) ;
#256 = DIRECTION ( 'NONE',  ( 0.0000000000000000000, 2.334046343545183200E-016, -1.000000000000000000 ) ) ;
#257 = ORIENTED_EDGE ( 'NONE', *, *, #5066, .T. ) ;
#258 = VERTEX_POINT ( 'NONE', #5681 ) ;
#259 = DIRECTION ( 'NONE',  ( -1.869314090492249700E-017, 1.000000000000000000, 7.044195017643634300E-015 ) ) ;
#260 = VECTOR ( 'NONE', #3304, 1000.000000000000000 ) ;
#261 = ORIENTED_EDGE ( 'NONE', *, *, #2290, .F. ) ;
#262 = CARTESIAN_POINT ( 'NONE',  ( -8.989973373556660000E-018, 0.9000000000000032400, -2.499999999999999100 ) ) ;
#263 = ORIENTED_EDGE ( 'NONE', *, *, #4813, .T. ) ;
#264 = AXIS2_PLACEMENT_3D ( 'NONE', #3692, #2422, #5168 ) ;
#265 = CARTESIAN_POINT ( 'NONE',  ( -1.711516543093141200, 4.399999999999998600, 2.499999999999999100 ) ) ;
#266 = CARTESIAN_POINT ( 'NONE',  ( 1.259679514979581200, 1.258432862634995200, 1.957263103125588300 ) ) ;
#267 = LINE ( 'NONE', #570, #2552 ) ;
#268 = AXIS2_PLACEMENT_3D ( 'NONE', #3972, #276, #2594 ) ;
#269 = CARTESIAN_POINT ( 'NONE',  ( 1.355188773978914600, 0.9143857050121901900, 2.185003913467137500 ) ) ;
#270 =( BOUNDED_SURFACE ( )  B_SPLINE_SURFACE ( 3, 2, ( 
 ( #2577, #295, #2596 ),
 ( #2105, #5306, #2564 ),
 ( #5830, #3050, #3502 ),
 ( #1257, #4450, #4917 ),
 ( #5368, #2279, #5430 ),
 ( #4058, #5901, #2667 ),
 ( #3628, #424, #1753 ),
 ( #5488, #3131, #3183 ),
 ( #2236, #1335, #2260 ),
 ( #3565, #393, #5949 ),
 ( #413, #441, #3110 ),
 ( #4511, #3606, #1374 ),
 ( #4575, #4531, #5923 ),
 ( #896, #4087, #4995 ) ),
 .UNSPECIFIED., .F., .F., .F. ) 
 B_SPLINE_SURFACE_WITH_KNOTS ( ( 4, 2, 2, 2, 2, 2, 4 ),
 ( 3, 3 ),
 ( 0.0003079772900013716800, 0.0003464744512521970000, 0.0003849716125030222700, 0.0004619659350046728100, 0.0005004630962554980700, 0.0005389602575063233400, 0.0006159545800079739900 ),
 ( 0.0000000000000000000, 1.000000000000000000 ),
 .UNSPECIFIED. ) 
 GEOMETRIC_REPRESENTATION_ITEM ( )  RATIONAL_B_SPLINE_SURFACE ( (
 ( 1.000000000000000000, 0.7060311853116538700, 1.000000000000000000),
 ( 1.000000000000000000, 0.7062282376790942600, 1.000000000000000000),
 ( 1.000000000000000000, 0.7065261554090562800, 1.000000000000000000),
 ( 1.000000000000000000, 0.7069971388334201900, 1.000000000000000000),
 ( 1.000000000000000000, 0.7071927287362799200, 1.000000000000000000),
 ( 1.000000000000000000, 0.7077283124793561900, 1.000000000000000000),
 ( 1.000000000000000000, 0.7080383165876417100, 1.000000000000000000),
 ( 1.000000000000000000, 0.7085207441502389100, 1.000000000000000000),
 ( 1.000000000000000000, 0.7086597592070369400, 1.000000000000000000),
 ( 1.000000000000000000, 0.7087582518302411000, 1.000000000000000000),
 ( 1.000000000000000000, 0.7087521002545759100, 1.000000000000000000),
 ( 1.000000000000000000, 0.7086647100167128300, 1.000000000000000000),
 ( 1.000000000000000000, 0.7085244169330061600, 1.000000000000000000),
 ( 1.000000000000000000, 0.7081586426591012200, 1.000000000000000000) ) ) 
 REPRESENTATION_ITEM ( '' )  SURFACE ( )  );
#271 = ORIENTED_EDGE ( 'NONE', *, *, #2996, .F. ) ;
#272 = CARTESIAN_POINT ( 'NONE',  ( 1.589920150421539200, 0.7458757146600809600, 1.873650262615438800 ) ) ;
#273 = EDGE_CURVE ( 'NONE', #4198, #2452, #1056, .T. ) ;
#274 = CARTESIAN_POINT ( 'NONE',  ( -0.9267364864763818500, 0.3000000000000004900, 2.136637743352436800 ) ) ;
#275 = PLANE ( 'NONE',  #215 ) ;
#276 = DIRECTION ( 'NONE',  ( 0.0000000000000000000, 1.000000000000000000, 0.0000000000000000000 ) ) ;
#277 = PLANE ( 'NONE',  #3550 ) ;
#278 = CARTESIAN_POINT ( 'NONE',  ( -0.4489778057236477600, 0.9000000000000032400, -2.499999999999999600 ) ) ;
#279 = ADVANCED_FACE ( 'NONE', ( #4572 ), #650, .T. ) ;
#280 = DIRECTION ( 'NONE',  ( 1.000000000000000000, 3.491481338843133400E-015, 2.344220913482171700E-016 ) ) ;
#281 = CARTESIAN_POINT ( 'NONE',  ( -2.550214895048588600, 0.5995634437519188300, 2.350228051543927800 ) ) ;
#282 = DIRECTION ( 'NONE',  ( 0.0000000000000000000, 1.000000000000000000, 0.0000000000000000000 ) ) ;
#283 = CARTESIAN_POINT ( 'NONE',  ( 1.067464453049743500, 1.060452662727641600, 1.783318852550419800 ) ) ;
#284 = PLANE ( 'NONE',  #597 ) ;
#285 = CARTESIAN_POINT ( 'NONE',  ( -1.935255410416176500, 0.6002742510206357000, 1.949856722103164400 ) ) ;
#286 = CARTESIAN_POINT ( 'NONE',  ( 1.731310763689220700, 0.6532781991784727400, 1.922106177826789200 ) ) ;
#287 = AXIS2_PLACEMENT_3D ( 'NONE', #3867, #1144, #691 ) ;
#288 = CARTESIAN_POINT ( 'NONE',  ( 2.650000000000000400, 0.5098151581257082100, 2.109373764627556100 ) ) ;
#289 = VECTOR ( 'NONE', #3249, 1000.000000000000000 ) ;
#290 = EDGE_CURVE ( 'NONE', #3913, #1340, #3325, .T. ) ;
#291 = DIRECTION ( 'NONE',  ( 0.0000000000000000000, 0.0000000000000000000, -1.000000000000000000 ) ) ;
#292 = DIRECTION ( 'NONE',  ( -0.0000000000000000000, 2.334046343545183200E-016, -1.000000000000000000 ) ) ;
#293 = FACE_OUTER_BOUND ( 'NONE', #1510, .T. ) ;
#294 = CARTESIAN_POINT ( 'NONE',  ( -2.650000000000002100, 0.5999999999999999800, 0.8999999999999990200 ) ) ;
#295 = CARTESIAN_POINT ( 'NONE',  ( 2.650000000000000800, 0.6381427539271645700, 1.954188604137173900 ) ) ;
#296 = AXIS2_PLACEMENT_3D ( 'NONE', #2019, #1074, #1090 ) ;
#297 = CARTESIAN_POINT ( 'NONE',  ( -0.8677564237645010200, 0.3000000000000004300, -2.273161581894536500 ) ) ;
#298 = DIRECTION ( 'NONE',  ( 2.168404344971012800E-015, 0.0000000000000000000, -1.000000000000000000 ) ) ;
#299 = LINE ( 'NONE', #2293, #1464 ) ;
#300 = CARTESIAN_POINT ( 'NONE',  ( 1.922865068505297000, 0.6003382269798415200, 2.349823313646160400 ) ) ;
#301 = CARTESIAN_POINT ( 'NONE',  ( 0.6709642937535707000, 0.09999999999999999200, -2.083716451587383400 ) ) ;
#302 = CARTESIAN_POINT ( 'NONE',  ( 1.182005927965526200, 1.525546762847769500, 1.501678906225014700 ) ) ;
#303 = CARTESIAN_POINT ( 'NONE',  ( 1.566839612366199400, 0.7689058563756616700, 1.861754120745606300 ) ) ;
#304 = CARTESIAN_POINT ( 'NONE',  ( 2.650000000000000400, 0.5060231982232970000, 2.181682237038625100 ) ) ;
#305 = VERTEX_POINT ( 'NONE', #2542 ) ;
#306 = ADVANCED_FACE ( 'NONE', ( #3255 ), #697, .T. ) ;
#307 = LINE ( 'NONE', #1482, #4974 ) ;
#308 = DIRECTION ( 'NONE',  ( 1.000000000000000000, -9.346570452461285700E-018, -9.346570452461251800E-018 ) ) ;
#309 = EDGE_CURVE ( 'NONE', #1210, #4793, #5348, .T. ) ;
#310 = ORIENTED_EDGE ( 'NONE', *, *, #4301, .F. ) ;
#311 = CARTESIAN_POINT ( 'NONE',  ( -2.549503986683653100, 0.7324825770861954600, 1.975405550548998700 ) ) ;
#312 = CARTESIAN_POINT ( 'NONE',  ( 0.4838709677419348300, 0.9000000000000032400, 2.762096774193547200 ) ) ;
#313 = FACE_OUTER_BOUND ( 'NONE', #5864, .T. ) ;
#314 = CARTESIAN_POINT ( 'NONE',  ( 1.503297030129477900, 0.8520437117848803600, 1.813444340427279300 ) ) ;
#315 = LINE ( 'NONE', #3358, #5059 ) ;
#316 = ORIENTED_EDGE ( 'NONE', *, *, #3945, .F. ) ;
#317 = ORIENTED_EDGE ( 'NONE', *, *, #2181, .F. ) ;
#318 = SURFACE_SIDE_STYLE ('',( #5464 ) ) ;
#319 = CARTESIAN_POINT ( 'NONE',  ( -1.925000000000000900, 0.6000000000000005300, 2.149999999999999000 ) ) ;
#320 = VECTOR ( 'NONE', #503, 1000.000000000000000 ) ;
#321 = CARTESIAN_POINT ( 'NONE',  ( -2.649999999999999900, 0.5070421323616408600, 2.108104722953317200 ) ) ;
#322 = CARTESIAN_POINT ( 'NONE',  ( 1.189669230266347000, 1.549892716848031400, 1.424662124624202600 ) ) ;
#323 = CARTESIAN_POINT ( 'NONE',  ( -1.711322751605630900, 4.500000000000000000, 0.0000000000000000000 ) ) ;
#324 = ORIENTED_EDGE ( 'NONE', *, *, #5376, .F. ) ;
#325 = EDGE_CURVE ( 'NONE', #5077, #4673, #4866, .T. ) ;
#326 = ORIENTED_EDGE ( 'NONE', *, *, #5043, .F. ) ;
#327 = FACE_OUTER_BOUND ( 'NONE', #902, .T. ) ;
#328 = CARTESIAN_POINT ( 'NONE',  ( 1.929061388711463200, 0.4955902182068863100, 1.949838051677019100 ) ) ;
#329 = ORIENTED_EDGE ( 'NONE', *, *, #4752, .T. ) ;
#330 = VERTEX_POINT ( 'NONE', #1151 ) ;
#331 = EDGE_LOOP ( 'NONE', ( #751, #1060, #3094, #3641 ) ) ;
#332 = DIRECTION ( 'NONE',  ( 0.6427368667560700000, -0.7493510564894910700, -0.1592554999071410800 ) ) ;
#333 = EDGE_CURVE ( 'NONE', #4834, #1407, #3615, .T. ) ;
#334 = AXIS2_PLACEMENT_3D ( 'NONE', #1273, #4485, #5319 ) ;
#335 = CARTESIAN_POINT ( 'NONE',  ( 2.650000000000000400, 0.6000000000000005300, 1.949999999999998800 ) ) ;
#336 = CARTESIAN_POINT ( 'NONE',  ( -2.650000000000000400, 0.6952612558843809200, 2.122595516055626700 ) ) ;
#337 = SURFACE_SIDE_STYLE ('',( #1846 ) ) ;
#338 = CARTESIAN_POINT ( 'NONE',  ( -2.650000000000000400, 0.5060231982232970000, 2.181682237038625100 ) ) ;
#339 = ORIENTED_EDGE ( 'NONE', *, *, #4752, .F. ) ;
#340 = ADVANCED_FACE ( 'NONE', ( #1135 ), #3948, .F. ) ;
#341 = ADVANCED_FACE ( 'NONE', ( #2066 ), #277, .T. ) ;
#342 = ORIENTED_EDGE ( 'NONE', *, *, #5637, .T. ) ;
#343 = CARTESIAN_POINT ( 'NONE',  ( 1.102122023881315400, 1.127441745476950300, 1.913849506031861700 ) ) ;
#344 = AXIS2_PLACEMENT_3D ( 'NONE', #3220, #4663, #41 ) ;
#345 = CARTESIAN_POINT ( 'NONE',  ( -2.550000000000000700, 0.1000000000000000100, 1.849999999999999900 ) ) ;
#346 = CARTESIAN_POINT ( 'NONE',  ( 2.550000000000000700, 0.1000000000000000100, 1.849999999999999900 ) ) ;
#347 = CARTESIAN_POINT ( 'NONE',  ( 1.749072755408382900, 0.4303274523388142500, 2.029391413141012500 ) ) ;
#348 = EDGE_CURVE ( 'NONE', #2259, #4289, #4196, .T. ) ;
#349 = CARTESIAN_POINT ( 'NONE',  ( 2.650000000000000400, 0.5899668104304465200, 2.050223115153869500 ) ) ;
#350 = CARTESIAN_POINT ( 'NONE',  ( -0.8386609206840862600, 3.500000000000000000, 1.849999999999999000 ) ) ;
#351 = CARTESIAN_POINT ( 'NONE',  ( -2.549754449861622300, 0.7878981885597855500, 2.266120709846359800 ) ) ;
#352 = CARTESIAN_POINT ( 'NONE',  ( -2.650000000000003500, 0.6213551020596433900, 2.053206118816912600 ) ) ;
#353 =( LENGTH_UNIT ( ) NAMED_UNIT ( * ) SI_UNIT ( .MILLI., .METRE. ) );
#354 = CARTESIAN_POINT ( 'NONE',  ( -2.550000000000000700, 0.0000000000000000000, -0.9000000000000010200 ) ) ;
#355 = CARTESIAN_POINT ( 'NONE',  ( -1.925000000000000700, 0.0000000000000000000, -1.849999999999999600 ) ) ;
#356 = EDGE_CURVE ( 'NONE', #60, #3761, #5878, .T. ) ;
#357 = CARTESIAN_POINT ( 'NONE',  ( -2.649999999999973700, 0.3993717568828197300, 2.172248115414142900 ) ) ;
#358 = CARTESIAN_POINT ( 'NONE',  ( 1.523752989779011000, 0.8231839144109466300, 1.832818554932567300 ) ) ;
#359 = CARTESIAN_POINT ( 'NONE',  ( -2.550000000000000300, 0.0000000000000000000, -6.023628521165059900E-016 ) ) ;
#360 = LINE ( 'NONE', #69, #1887 ) ;
#361 = B_SPLINE_CURVE_WITH_KNOTS ( 'NONE', 3,
 ( #4914, #1733, #1300, #4379, #4345 ),
 .UNSPECIFIED., .F., .F.,
 ( 4, 1, 4 ),
 ( 0.0005818120552885040500, 0.0006008701937734247000, 0.0006199283322583454600 ),
 .UNSPECIFIED. ) ;
#362 = CARTESIAN_POINT ( 'NONE',  ( 1.964294742901957900, 0.4000000000000001900, 2.254719755119658900 ) ) ;
#363 = AXIS2_PLACEMENT_3D ( 'NONE', #1749, #2648, #5359 ) ;
#364 = ADVANCED_FACE ( 'NONE', ( #1358 ), #2617, .T. ) ;
#365 = LINE ( 'NONE', #2582, #1954 ) ;
#366 = CARTESIAN_POINT ( 'NONE',  ( -1.442591212320319900, 1.235766943727923700, 1.405610229178795100 ) ) ;
#367 = DIRECTION ( 'NONE',  ( -0.6427368667560704500, -0.7493510564894908500, -0.1592554999071405500 ) ) ;
#368 = CARTESIAN_POINT ( 'NONE',  ( -2.650000000000000400, 0.6453367488554819800, 2.237464620941381500 ) ) ;
#369 = CARTESIAN_POINT ( 'NONE',  ( -2.650000000000000400, 0.4990958689950801800, 2.147496354197082600 ) ) ;
#370 = LINE ( 'NONE', #744, #3878 ) ;
#371 = AXIS2_PLACEMENT_3D ( 'NONE', #5412, #861, #5437 ) ;
#372 = ORIENTED_EDGE ( 'NONE', *, *, #3836, .T. ) ;
#373 = AXIS2_PLACEMENT_3D ( 'NONE', #3935, #4405, #1241 ) ;
#374 = DIRECTION ( 'NONE',  ( 0.0000000000000000000, 0.0000000000000000000, 1.000000000000000000 ) ) ;
#375 = PLANE ( 'NONE',  #2632 ) ;
#376 = CARTESIAN_POINT ( 'NONE',  ( -2.650000000000002600, 0.6921758770645489700, 2.192194370214016100 ) ) ;
#377 = CIRCLE ( 'NONE', #5246, 1.139658540942924100 ) ;
#378 = CARTESIAN_POINT ( 'NONE',  ( -1.964294742901957900, 0.7047197551196602300, 2.349999999999999200 ) ) ;
#379 = ORIENTED_EDGE ( 'NONE', *, *, #3462, .T. ) ;
#380 = CARTESIAN_POINT ( 'NONE',  ( 2.550000000000000700, 0.1000000000000002600, 1.099999999999998800 ) ) ;
#381 = VECTOR ( 'NONE', #4436, 1000.000000000000000 ) ;
#382 = LINE ( 'NONE', #3181, #2387 ) ;
#383 = CARTESIAN_POINT ( 'NONE',  ( 1.515266833267403500, 0.6218911739690877700, 2.283665547017188900 ) ) ;
#384 = ORIENTED_EDGE ( 'NONE', *, *, #3729, .F. ) ;
#385 = ORIENTED_EDGE ( 'NONE', *, *, #2231, .F. ) ;
#386 = CARTESIAN_POINT ( 'NONE',  ( -1.454256544261385100, 1.152982386112245000, 2.039133673852013800 ) ) ;
#387 = LINE ( 'NONE', #4074, #4106 ) ;
#388 = VERTEX_POINT ( 'NONE', #4466 ) ;
#389 = DIRECTION ( 'NONE',  ( 0.6444347552184380700, 0.6444347552184436200, 0.4115916575115395900 ) ) ;
#390 = CARTESIAN_POINT ( 'NONE',  ( 2.650000000000000400, 0.6000000000000005300, 1.949999999999998800 ) ) ;
#391 = DIRECTION ( 'NONE',  ( 1.000000000000000000, 0.0000000000000000000, -1.266949100621695300E-016 ) ) ;
#392 = ORIENTED_EDGE ( 'NONE', *, *, #5913, .F. ) ;
#393 = CARTESIAN_POINT ( 'NONE',  ( 2.649999999999966600, 0.4141193719059623700, 2.224846433205176500 ) ) ;
#394 = CARTESIAN_POINT ( 'NONE',  ( -2.650000000000000400, 0.5402401737518834900, 2.073341643272450100 ) ) ;
#395 = CIRCLE ( 'NONE', #2490, 1.139658540942924100 ) ;
#396 = ADVANCED_FACE ( 'NONE', ( #4654 ), #4882, .T. ) ;
#397 = VERTEX_POINT ( 'NONE', #1280 ) ;
#398 = ORIENTED_EDGE ( 'NONE', *, *, #4445, .T. ) ;
#399 = CARTESIAN_POINT ( 'NONE',  ( -2.418094330524389200, 0.7990271874411576400, 2.255227893905505300 ) ) ;
#400 = LINE ( 'NONE', #265, #1999 ) ;
#401 = ORIENTED_EDGE ( 'NONE', *, *, #5341, .T. ) ;
#402 = EDGE_CURVE ( 'NONE', #4834, #531, #761, .T. ) ;
#403 = ORIENTED_EDGE ( 'NONE', *, *, #1478, .T. ) ;
#404 = CARTESIAN_POINT ( 'NONE',  ( 0.5722612009522861600, 2.200000000000000200, 0.0000000000000000000 ) ) ;
#405 = CARTESIAN_POINT ( 'NONE',  ( 1.868782500797580900, 0.4999346473388723300, 2.347563049471888900 ) ) ;
#406 = CARTESIAN_POINT ( 'NONE',  ( -1.669463038097339600, 4.500000000000000000, 2.409272370704574200 ) ) ;
#407 = VERTEX_POINT ( 'NONE', #4897 ) ;
#408 = CARTESIAN_POINT ( 'NONE',  ( -1.047457737986158300, 1.253758802465591000, 1.741661186493029800 ) ) ;
#409 = ORIENTED_EDGE ( 'NONE', *, *, #4936, .T. ) ;
#410 = DIRECTION ( 'NONE',  ( 0.0000000000000000000, 1.000000000000000000, -0.0000000000000000000 ) ) ;
#411 = CARTESIAN_POINT ( 'NONE',  ( -2.550000000000000700, 0.0000000000000000000, 0.9999999999999986700 ) ) ;
#412 = CARTESIAN_POINT ( 'NONE',  ( 1.020553501198831100, 0.3000000000000004900, -2.050948169901910800 ) ) ;
#413 = CARTESIAN_POINT ( 'NONE',  ( 2.650000000000000400, 0.5122020076634720100, 2.195763583469918100 ) ) ;
#414 =( NAMED_UNIT ( * ) PLANE_ANGLE_UNIT ( ) SI_UNIT ( $, .RADIAN. ) );
#415 = CARTESIAN_POINT ( 'NONE',  ( 1.480281440072031200, 1.091456216223175800, 1.662057769848577900 ) ) ;
#416 = CARTESIAN_POINT ( 'NONE',  ( -2.550029792796809900, 0.6746306012998059000, 2.335966758763554200 ) ) ;
#417 = CARTESIAN_POINT ( 'NONE',  ( -2.650000000000000400, 0.6000000000000005300, 1.949999999999998800 ) ) ;
#418 = DIRECTION ( 'NONE',  ( 0.0000000000000000000, -0.0000000000000000000, 1.000000000000000000 ) ) ;
#419 = CARTESIAN_POINT ( 'NONE',  ( 0.4489778057236477600, 0.3000000000000004300, -2.499999999999999600 ) ) ;
#420 = DIRECTION ( 'NONE',  ( 0.0000000000000000000, 1.000000000000000000, -0.0000000000000000000 ) ) ;
#421 = EDGE_CURVE ( 'NONE', #3624, #2259, #2131, .T. ) ;
#422 = CARTESIAN_POINT ( 'NONE',  ( -1.102122023881315400, 1.127441745476950300, 1.913849506031861700 ) ) ;
#423 = DIRECTION ( 'NONE',  ( 0.0000000000000000000, 1.000000000000000000, 0.0000000000000000000 ) ) ;
#424 = CARTESIAN_POINT ( 'NONE',  ( 2.650000000000017200, 0.4162441928734295600, 2.056795011105105400 ) ) ;
#425 = CARTESIAN_POINT ( 'NONE',  ( 1.964294742901957900, 0.6000000000000005300, 1.949999999999998800 ) ) ;
#426 = CARTESIAN_POINT ( 'NONE',  ( 1.494898854449303800, 1.200219186521328300, 1.740394630131539600 ) ) ;
#427 = EDGE_CURVE ( 'NONE', #5048, #258, #1212, .T. ) ;
#428 = CARTESIAN_POINT ( 'NONE',  ( -2.415580228462010000, 0.7990518504944984500, 2.045775521658310200 ) ) ;
#429 = CARTESIAN_POINT ( 'NONE',  ( 1.021201469069048700, 0.3000000000000004300, 2.050306665881378900 ) ) ;
#430 = ORIENTED_EDGE ( 'NONE', *, *, #1025, .F. ) ;
#431 = CYLINDRICAL_SURFACE ( 'NONE', #1884, 0.1999999999999996500 ) ;
#432 = CARTESIAN_POINT ( 'NONE',  ( 1.401314468797899800, 1.026359773736647900, 1.639845128611228600 ) ) ;
#433 = EDGE_CURVE ( 'NONE', #4564, #522, #5943, .T. ) ;
#434 = DIRECTION ( 'NONE',  ( 1.000000000000000000, -3.491481338843133400E-015, 0.0000000000000000000 ) ) ;
#435 = UNCERTAINTY_MEASURE_WITH_UNIT (LENGTH_MEASURE( 1.000000000000000100E-005 ), #794, 'distance_accuracy_value', 'NONE');
#436 = CARTESIAN_POINT ( 'NONE',  ( -1.387018782962577100, 1.271757484768597300, 1.914805355431013200 ) ) ;
#437 = VECTOR ( 'NONE', #5826, 1000.000000000000000 ) ;
#438 = PLANE ( 'NONE',  #3344 ) ;
#439 = ORIENTED_EDGE ( 'NONE', *, *, #5555, .T. ) ;
#440 = CARTESIAN_POINT ( 'NONE',  ( 0.0000000000000000000, 0.1000000000000000100, 0.0000000000000000000 ) ) ;
#441 = CARTESIAN_POINT ( 'NONE',  ( 2.650000000000000800, 0.4260592265144242400, 2.246813809136833000 ) ) ;
#442 = CARTESIAN_POINT ( 'NONE',  ( 1.623596139805919100, 0.8628118432296341100, 1.867192320201121800 ) ) ;
#443 = VECTOR ( 'NONE', #792, 1000.000000000000000 ) ;
#444 = AXIS2_PLACEMENT_3D ( 'NONE', #2436, #5700, #5659 ) ;
#445 = ORIENTED_EDGE ( 'NONE', *, *, #3173, .F. ) ;
#446 = CARTESIAN_POINT ( 'NONE',  ( 1.542248837701228900, 0.9780171296165476300, 1.786165626430730000 ) ) ;
#447 = ADVANCED_FACE ( 'NONE', ( #3395 ), #270, .T. ) ;
#448 = CIRCLE ( 'NONE', #1103, 2.966666666666668600 ) ;
#449 = CARTESIAN_POINT ( 'NONE',  ( -2.192869499383279100, 0.4932693072543673000, 1.951050632258500800 ) ) ;
#450 = CARTESIAN_POINT ( 'NONE',  ( 0.06843382461831358500, 0.3000000000000004900, 2.498598827007055600 ) ) ;
#451 = VECTOR ( 'NONE', #389, 1000.000000000000000 ) ;
#452 = PLANE ( 'NONE',  #5293 ) ;
#453 = EDGE_CURVE ( 'NONE', #2489, #1266, #5648, .T. ) ;
#454 = CARTESIAN_POINT ( 'NONE',  ( 2.550000000000000700, 0.1000000000000002600, -1.100000000000001200 ) ) ;
#455 = ORIENTED_EDGE ( 'NONE', *, *, #3073, .F. ) ;
#456 = ORIENTED_EDGE ( 'NONE', *, *, #2797, .F. ) ;
#457 = CARTESIAN_POINT ( 'NONE',  ( 1.503297030129477900, 0.8520437117848803600, 1.813444340427279300 ) ) ;
#458 = DIRECTION ( 'NONE',  ( 0.0000000000000000000, 0.0000000000000000000, -1.000000000000000000 ) ) ;
#459 = DIRECTION ( 'NONE',  ( -1.000000000000000000, -0.0000000000000000000, -0.0000000000000000000 ) ) ;
#460 = ORIENTED_EDGE ( 'NONE', *, *, #5000, .F. ) ;
#461 = ORIENTED_EDGE ( 'NONE', *, *, #4240, .T. ) ;
#462 = CARTESIAN_POINT ( 'NONE',  ( -1.265901757107129800, 0.8186124525458748900, 1.800959930908917500 ) ) ;
#463 = TOROIDAL_SURFACE ( 'NONE', #5739, 3.806325207609592800, 2.966666666666668600 ) ;
#464 = CARTESIAN_POINT ( 'NONE',  ( 1.964294742901957900, 0.4952802448803403400, 2.349999999999998800 ) ) ;
#465 = ORIENTED_EDGE ( 'NONE', *, *, #3933, .T. ) ;
#466 = CARTESIAN_POINT ( 'NONE',  ( -1.964294742901957900, 0.6000000000000004200, 1.949999999999998800 ) ) ;
#467 = CARTESIAN_POINT ( 'NONE',  ( 1.882000055513765900, 0.8093155072016489100, 2.040399876104368000 ) ) ;
#468 = VERTEX_POINT ( 'NONE', #4548 ) ;
#469 = ORIENTED_EDGE ( 'NONE', *, *, #5934, .T. ) ;
#470 = LINE ( 'NONE', #2423, #2005 ) ;
#471 = PLANE ( 'NONE',  #4717 ) ;
#472 = CARTESIAN_POINT ( 'NONE',  ( -0.3076409810993986900, 0.1000000000000000100, 2.256414289581424100 ) ) ;
#473 = CARTESIAN_POINT ( 'NONE',  ( 0.3628527767106010700, 0.3000000000000004900, 2.448169715087300100 ) ) ;
#474 = ORIENTED_EDGE ( 'NONE', *, *, #5183, .T. ) ;
#475 = DIRECTION ( 'NONE',  ( 0.1540488043623516900, -0.6986662171146320600, -0.6986662171146245100 ) ) ;
#476 = PRESENTATION_LAYER_ASSIGNMENT (  '', '', ( #4907 ) ) ;
#477 = CARTESIAN_POINT ( 'NONE',  ( 2.649999999999999500, 0.6000000000000000900, -1.950000000000001500 ) ) ;
#478 = B_SPLINE_CURVE_WITH_KNOTS ( 'NONE', 3,
 ( #5209, #2081, #2928, #2973, #3406, #5685 ),
 .UNSPECIFIED., .F., .F.,
 ( 4, 2, 4 ),
 ( 0.001201333426855426600, 0.001220676982116783500, 0.001240020537378140300 ),
 .UNSPECIFIED. ) ;
#479 = CARTESIAN_POINT ( 'NONE',  ( 1.759734600111408900, 0.6410045579439729300, 1.928525523696643000 ) ) ;
#480 = CARTESIAN_POINT ( 'NONE',  ( 2.650000000000000400, 0.6175463026559993000, 2.248553053859189400 ) ) ;
#481 = ORIENTED_EDGE ( 'NONE', *, *, #4082, .T. ) ;
#482 = CARTESIAN_POINT ( 'NONE',  ( -1.208458445650570500, 0.9198811739018771800, 1.695149736026858800 ) ) ;
#483 = PLANE ( 'NONE',  #5850 ) ;
#484 = CARTESIAN_POINT ( 'NONE',  ( -1.378366482324259400, 1.082347921297782000, 1.560440944930504800 ) ) ;
#485 = AXIS2_PLACEMENT_3D ( 'NONE', #4454, #1264, #801 ) ;
#486 = CARTESIAN_POINT ( 'NONE',  ( -1.944133680021654900, 0.8002199437977455300, 2.045165354712860300 ) ) ;
#487 = CARTESIAN_POINT ( 'NONE',  ( 0.6366676781959790300, 0.3000000000000004900, -2.335789274250184500 ) ) ;
#488 = DIRECTION ( 'NONE',  ( 0.0000000000000000000, -1.000000000000000000, 0.0000000000000000000 ) ) ;
#489 = CARTESIAN_POINT ( 'NONE',  ( -1.711516543093141800, 3.499999999999999600, -2.499999999999998200 ) ) ;
#490 = CARTESIAN_POINT ( 'NONE',  ( 0.6696268278675052700, 0.09999999999999999200, 2.084922656515900900 ) ) ;
#491 = CARTESIAN_POINT ( 'NONE',  ( 0.8407078088839937700, 0.3000000000000004300, 2.205133334576582000 ) ) ;
#492 = DIRECTION ( 'NONE',  ( 1.000000000000000000, -0.0000000000000000000, -0.0000000000000000000 ) ) ;
#493 = CARTESIAN_POINT ( 'NONE',  ( -2.550000000000000300, 0.1000000000000001300, 0.8999999999999988000 ) ) ;
#494 = CARTESIAN_POINT ( 'NONE',  ( 0.0000000000000000000, 0.1000000000000000100, 1.949999999999999700 ) ) ;
#495 = CARTESIAN_POINT ( 'NONE',  ( 2.650000000000000400, 0.6723726702709576000, 2.085380417698156300 ) ) ;
#496 = CARTESIAN_POINT ( 'NONE',  ( -1.150114993625849500, 1.039586041606920900, 2.009886198763079600 ) ) ;
#497 =( LENGTH_UNIT ( ) NAMED_UNIT ( * ) SI_UNIT ( .MILLI., .METRE. ) );
#498 = LINE ( 'NONE', #1433, #2859 ) ;
#499 = DIRECTION ( 'NONE',  ( -1.000000000000000000, 1.869314090492263000E-017, -1.869314090492249700E-017 ) ) ;
#500 = CARTESIAN_POINT ( 'NONE',  ( -1.747938485359137500, 0.8496964779288317400, 2.228702749418865400 ) ) ;
#501 = CARTESIAN_POINT ( 'NONE',  ( -1.847750251907291500, 0.6130413872200688500, 1.943168051463058000 ) ) ;
#502 = ORIENTED_EDGE ( 'NONE', *, *, #3099, .F. ) ;
#503 = DIRECTION ( 'NONE',  ( -1.000000000000000000, 0.0000000000000000000, 0.0000000000000000000 ) ) ;
#504 = VECTOR ( 'NONE', #1866, 1000.000000000000000 ) ;
#505 = CARTESIAN_POINT ( 'NONE',  ( 1.022826065478609700, 1.400385517110741300, 1.448148057681516400 ) ) ;
#506 = EDGE_CURVE ( 'NONE', #1722, #4484, #3178, .T. ) ;
#507 = CARTESIAN_POINT ( 'NONE',  ( -2.549999999999999800, 0.1000000000000000100, -1.849999999999999900 ) ) ;
#508 = CARTESIAN_POINT ( 'NONE',  ( 0.02935008701650226200, 0.09999999999999996400, 2.299978214961760700 ) ) ;
#509 = CARTESIAN_POINT ( 'NONE',  ( -2.549999999999999800, 4.399999999999998600, -2.111351376446603600 ) ) ;
#510 = VERTEX_POINT ( 'NONE', #868 ) ;
#511 = DIRECTION ( 'NONE',  ( -2.344220913482172100E-016, 0.0000000000000000000, -1.000000000000000000 ) ) ;
#512 = VECTOR ( 'NONE', #3712, 1000.000000000000000 ) ;
#513 = AXIS2_PLACEMENT_3D ( 'NONE', #715, #3920, #2968 ) ;
#514 = CARTESIAN_POINT ( 'NONE',  ( 2.650000000000000400, 0.6795281418716419000, 2.093960446878687000 ) ) ;
#515 = AXIS2_PLACEMENT_3D ( 'NONE', #1670, #3989, #3932 ) ;
#516 = CARTESIAN_POINT ( 'NONE',  ( -1.193267242786742100, 0.9515690921350571400, 1.655548590482292600 ) ) ;
#517 = ORIENTED_EDGE ( 'NONE', *, *, #3795, .F. ) ;
#518 = CARTESIAN_POINT ( 'NONE',  ( 0.8386609206840851500, 2.200000000000000600, -4.516666666666667500 ) ) ;
#519 = CARTESIAN_POINT ( 'NONE',  ( -1.464350960922946400, 0.9109885594081055200, 1.766035075666145400 ) ) ;
#520 = FACE_OUTER_BOUND ( 'NONE', #1915, .T. ) ;
#521 = VECTOR ( 'NONE', #5608, 1000.000000000000000 ) ;
#522 = VERTEX_POINT ( 'NONE', #923 ) ;
#523 = ORIENTED_EDGE ( 'NONE', *, *, #5008, .T. ) ;
#524 = CARTESIAN_POINT ( 'NONE',  ( 1.627860938368617800, 0.4658460533205753300, 2.220233682012041900 ) ) ;
#525 = CIRCLE ( 'NONE', #3318, 0.1000000000000000500 ) ;
#526 = FACE_OUTER_BOUND ( 'NONE', #3544, .T. ) ;
#527 = CLOSED_SHELL ( 'NONE', ( #3998, #1592, #3480, #4215, #2940, #4951, #3389, #1353, #1714, #1531, #610, #1806, #1619, #727, #3002, #5273, #279 ) ) ;
#528 = CARTESIAN_POINT ( 'NONE',  ( -2.550000000000000300, 0.1000000000000005300, -0.9000000000000010200 ) ) ;
#529 = CARTESIAN_POINT ( 'NONE',  ( 1.322347497523768600, 0.9612633312501196500, 1.617632487373878800 ) ) ;
#530 = VERTEX_POINT ( 'NONE', #5401 ) ;
#531 = VERTEX_POINT ( 'NONE', #4489 ) ;
#532 = CARTESIAN_POINT ( 'NONE',  ( 0.5173822060915802500, 0.09999999999999996400, 2.172407309742149000 ) ) ;
#533 = CARTESIAN_POINT ( 'NONE',  ( 2.649999999999992800, 0.7858368910593074300, 2.075081796567097100 ) ) ;
#534 = SURFACE_STYLE_USAGE ( .BOTH. , #2438 ) ;
#535 = LINE ( 'NONE', #5225, #4047 ) ;
#536 = EDGE_CURVE ( 'NONE', #5330, #1187, #1496, .T. ) ;
#537 = DIRECTION ( 'NONE',  ( -2.990902544787597600E-016, 0.0000000000000000000, 1.000000000000000000 ) ) ;
#538 = ORIENTED_EDGE ( 'NONE', *, *, #5043, .T. ) ;
#539 = ORIENTED_EDGE ( 'NONE', *, *, #944, .F. ) ;
#540 = DIRECTION ( 'NONE',  ( -0.0000000000000000000, 1.000000000000000000, 0.0000000000000000000 ) ) ;
#541 = CARTESIAN_POINT ( 'NONE',  ( 2.650000000000000400, 0.5829173176695020600, 2.248383508018046300 ) ) ;
#542 = LINE ( 'NONE', #2993, #2205 ) ;
#543 = CARTESIAN_POINT ( 'NONE',  ( 5.137239029415794400, 2.200000000000000600, 0.0000000000000000000 ) ) ;
#544 = CARTESIAN_POINT ( 'NONE',  ( -1.283411385423738100, 1.110605708126334500, 1.352079270521687100 ) ) ;
#545 = VERTEX_POINT ( 'NONE', #4955 ) ;
#546 = CARTESIAN_POINT ( 'NONE',  ( -1.580610153352663100, 0.9199653586412918100, 1.832846802555592200 ) ) ;
#547 = COLOUR_RGB ( '',0.5372549019607842900, 0.3490196078431372400, 0.3372549019607843400 ) ;
#548 = CARTESIAN_POINT ( 'NONE',  ( -1.911269300056061000, 0.8026159533692850400, 2.253350507640674100 ) ) ;
#549 = CARTESIAN_POINT ( 'NONE',  ( -1.642670458277132500, 0.7033827306083000300, 1.895787742225966600 ) ) ;
#550 = CARTESIAN_POINT ( 'NONE',  ( -0.3308907126040058800, 0.3000000000000004900, -2.457054041205934500 ) ) ;
#551 = CARTESIAN_POINT ( 'NONE',  ( 1.929059320118893300, 0.7050297474763659300, 2.349838072843058800 ) ) ;
#552 = EDGE_CURVE ( 'NONE', #1154, #5265, #5501, .T. ) ;
#553 = ORIENTED_EDGE ( 'NONE', *, *, #1794, .F. ) ;
#554 = CARTESIAN_POINT ( 'NONE',  ( -1.254179606750064100, 0.6000000000000005300, 2.349999999999998800 ) ) ;
#555 = CARTESIAN_POINT ( 'NONE',  ( -0.4397507391440991800, 0.09999999999999990800, 2.208606249880581600 ) ) ;
#556 = DIRECTION ( 'NONE',  ( -0.9072762929542516100, 0.0000000000000000000, -0.4205350499580161000 ) ) ;
#557 = EDGE_CURVE ( 'NONE', #2824, #2121, #1943, .T. ) ;
#558 = CARTESIAN_POINT ( 'NONE',  ( -1.567652322830112700, 0.7124552325755801900, 2.291080252793038100 ) ) ;
#559 = CARTESIAN_POINT ( 'NONE',  ( 2.650000000000000400, 0.6308493461894858500, 2.056618157104340500 ) ) ;
#560 = CARTESIAN_POINT ( 'NONE',  ( -1.022922748198152000, 1.178183982903133300, 1.607327294999090000 ) ) ;
#561 = CARTESIAN_POINT ( 'NONE',  ( -1.394760078095233200, 0.8642773512779241600, 2.211573121436070100 ) ) ;
#562 = CARTESIAN_POINT ( 'NONE',  ( 1.642670458277132500, 0.7033827306083000300, 1.895787742225966600 ) ) ;
#563 = CARTESIAN_POINT ( 'NONE',  ( -1.442591212320319900, 1.235766943727923700, 1.405610229178795100 ) ) ;
#564 = PLANE ( 'NONE',  #4603 ) ;
#565 = CARTESIAN_POINT ( 'NONE',  ( 0.4397507391440977900, 0.09999999999999990800, -2.208606249880583000 ) ) ;
#566 = CARTESIAN_POINT ( 'NONE',  ( 1.350735698543351400, 0.7541026910353572100, 2.214673282618121200 ) ) ;
#567 = DIRECTION ( 'NONE',  ( 0.0000000000000000000, 0.0000000000000000000, 1.000000000000000000 ) ) ;
#568 = EDGE_CURVE ( 'NONE', #4553, #1339, #4350, .T. ) ;
#569 = VECTOR ( 'NONE', #1537, 1000.000000000000000 ) ;
#570 = CARTESIAN_POINT ( 'NONE',  ( -2.549999999999999800, 4.336808689942017700E-016, -2.183462708477746700E-017 ) ) ;
#571 = CARTESIAN_POINT ( 'NONE',  ( 2.550000000000000300, 0.1000000000000000100, -5.977763329379539700E-016 ) ) ;
#572 = VECTOR ( 'NONE', #511, 1000.000000000000000 ) ;
#573 = DIRECTION ( 'NONE',  ( -1.000000000000000000, 0.0000000000000000000, 0.0000000000000000000 ) ) ;
#574 = ADVANCED_FACE ( 'NONE', ( #4271 ), #3204, .F. ) ;
#575 = CARTESIAN_POINT ( 'NONE',  ( 2.550297732634558400, 0.5615536664349057800, 2.346074376379448700 ) ) ;
#576 = DIRECTION ( 'NONE',  ( 1.000000000000000000, -0.0000000000000000000, -0.0000000000000000000 ) ) ;
#577 = CARTESIAN_POINT ( 'NONE',  ( 1.847750251907291500, 0.6130413872200688500, 1.943168051463058000 ) ) ;
#578 = COLOUR_RGB ( '',0.5372549019607842900, 0.3490196078431372400, 0.3372549019607843400 ) ;
#579 = CARTESIAN_POINT ( 'NONE',  ( -1.664521693777649000, 0.8969284500386881500, 2.203884766438113400 ) ) ;
#580 = CARTESIAN_POINT ( 'NONE',  ( -0.3628527767106014500, 0.3000000000000004900, -2.448169715087299600 ) ) ;
#581 = CARTESIAN_POINT ( 'NONE',  ( 1.724566217200916200, 0.8788134112726943000, 2.003936369439267100 ) ) ;
#582 = LINE ( 'NONE', #4006, #5047 ) ;
#583 = CARTESIAN_POINT ( 'NONE',  ( 2.550000000000000700, -9.486769009248163800E-017, 1.849999999999999900 ) ) ;
#584 = ORIENTED_EDGE ( 'NONE', *, *, #2607, .T. ) ;
#585 = EDGE_CURVE ( 'NONE', #4705, #3753, #542, .T. ) ;
#586 = CIRCLE ( 'NONE', #2924, 1.139658540942924100 ) ;
#587 = DIRECTION ( 'NONE',  ( -0.3814408140374508400, -0.1769974230406578300, -0.9072898200814408800 ) ) ;
#588 = CARTESIAN_POINT ( 'NONE',  ( -0.5914713179867372400, 0.09999999999999990800, 2.131725795491711000 ) ) ;
#589 = FACE_OUTER_BOUND ( 'NONE', #1844, .T. ) ;
#590 = CARTESIAN_POINT ( 'NONE',  ( 2.549999999999999800, 3.499999999999999600, -2.111351376446604100 ) ) ;
#591 = DIRECTION ( 'NONE',  ( -0.0000000000000000000, -1.000000000000000000, -0.0000000000000000000 ) ) ;
#592 = ORIENTED_EDGE ( 'NONE', *, *, #557, .T. ) ;
#593 = VERTEX_POINT ( 'NONE', #2952 ) ;
#594 = CIRCLE ( 'NONE', #5635, 1.598311161796839700 ) ;
#595 = DIRECTION ( 'NONE',  ( -0.7071067811865491300, 0.0000000000000000000, -0.7071067811865459100 ) ) ;
#596 = DIRECTION ( 'NONE',  ( -0.9072762929542511600, 0.0000000000000000000, 0.4205350499580168300 ) ) ;
#597 = AXIS2_PLACEMENT_3D ( 'NONE', #1587, #1158, #4355 ) ;
#598 = FACE_OUTER_BOUND ( 'NONE', #2566, .T. ) ;
#599 = CARTESIAN_POINT ( 'NONE',  ( -1.446644612656586600, 0.7549649842201676700, 1.813723758911932800 ) ) ;
#600 = ORIENTED_EDGE ( 'NONE', *, *, #4879, .T. ) ;
#601 = EDGE_LOOP ( 'NONE', ( #1221, #1571, #3691, #4921, #538, #385, #5495 ) ) ;
#602 = CARTESIAN_POINT ( 'NONE',  ( 1.759734600111408900, 0.6410045579439729300, 1.928525523696643000 ) ) ;
#603 = FACE_OUTER_BOUND ( 'NONE', #5935, .T. ) ;
#604 = CARTESIAN_POINT ( 'NONE',  ( -1.319255951117685300, 0.6721868277111854300, 2.112403601530749200 ) ) ;
#605 = CARTESIAN_POINT ( 'NONE',  ( -1.522931390394985500, 0.8756199207431701900, 2.260547205007816400 ) ) ;
#606 = CARTESIAN_POINT ( 'NONE',  ( -0.9986063345002760300, 0.3000000000000004900, -2.072061939748061700 ) ) ;
#607 = CARTESIAN_POINT ( 'NONE',  ( 1.863345014939384000, 0.4049154491658448200, 2.252146054359566400 ) ) ;
#608 = ORIENTED_EDGE ( 'NONE', *, *, #2214, .F. ) ;
#609 = ORIENTED_EDGE ( 'NONE', *, *, #3061, .F. ) ;
#610 = ADVANCED_FACE ( 'NONE', ( #5282 ), #2918, .T. ) ;
#611 = CIRCLE ( 'NONE', #4920, 0.1000000000000000500 ) ;
#612 = CARTESIAN_POINT ( 'NONE',  ( -2.550000000000001200, 0.6000000000000005300, 2.349999999999998800 ) ) ;
#613 = ORIENTED_EDGE ( 'NONE', *, *, #5279, .F. ) ;
#614 = DIRECTION ( 'NONE',  ( 0.0000000000000000000, 0.0000000000000000000, -1.000000000000000000 ) ) ;
#615 = ORIENTED_EDGE ( 'NONE', *, *, #773, .T. ) ;
#616 = EDGE_CURVE ( 'NONE', #1043, #1196, #1790, .T. ) ;
#617 = DIRECTION ( 'NONE',  ( 0.7071067811865491300, -0.0000000000000000000, 0.7071067811865459100 ) ) ;
#618 = ORIENTED_EDGE ( 'NONE', *, *, #1974, .T. ) ;
#619 = CARTESIAN_POINT ( 'NONE',  ( 2.550000000000000300, 4.399999999999998600, -6.023628521165059900E-016 ) ) ;
#620 = PLANE ( 'NONE',  #5317 ) ;
#621 = ORIENTED_EDGE ( 'NONE', *, *, #4445, .F. ) ;
#622 = PLANE ( 'NONE',  #681 ) ;
#623 = CARTESIAN_POINT ( 'NONE',  ( 1.200000000000000600, 0.3000000000000033800, -1.849999999999999900 ) ) ;
#624 = ORIENTED_EDGE ( 'NONE', *, *, #4757, .F. ) ;
#625 = EDGE_LOOP ( 'NONE', ( #1689, #202, #4791, #5087 ) ) ;
#626 = CARTESIAN_POINT ( 'NONE',  ( -1.721319208631946700, 0.7529585367956361800, 2.324736550608455000 ) ) ;
#627 = CARTESIAN_POINT ( 'NONE',  ( -1.492587938102023100, 0.5327342795169908200, 2.185178184048285100 ) ) ;
#628 = CARTESIAN_POINT ( 'NONE',  ( 1.620155441081601700, 0.5935270909723462400, 1.898523699615781300 ) ) ;
#629 = EDGE_CURVE ( 'NONE', #5704, #1362, #400, .T. ) ;
#630 = PLANE ( 'NONE',  #5810 ) ;
#631 = CARTESIAN_POINT ( 'NONE',  ( -2.549999999999999800, 0.9000000000000014700, 1.350000000000001200 ) ) ;
#632 = CARTESIAN_POINT ( 'NONE',  ( 1.282737387224788300, 1.092210571345176200, 1.397954325229644000 ) ) ;
#633 = EDGE_CURVE ( 'NONE', #2007, #5242, #3040, .T. ) ;
#634 =( GEOMETRIC_REPRESENTATION_CONTEXT ( 3 ) GLOBAL_UNCERTAINTY_ASSIGNED_CONTEXT ( ( #3557 ) ) GLOBAL_UNIT_ASSIGNED_CONTEXT ( ( #4715, #5165, #2357 ) ) REPRESENTATION_CONTEXT ( 'NONE', 'WORKASPACE' ) );
#635 = DIRECTION ( 'NONE',  ( 0.0000000000000000000, 0.0000000000000000000, 1.000000000000000000 ) ) ;
#636 = CARTESIAN_POINT ( 'NONE',  ( 2.470572362749125200, 3.500000000000000000, 0.0000000000000000000 ) ) ;
#637 = DIRECTION ( 'NONE',  ( 0.0000000000000000000, -1.000000000000000000, 0.0000000000000000000 ) ) ;
#638 = DIRECTION ( 'NONE',  ( -1.000000000000000000, 0.0000000000000000000, -2.344220913482172100E-016 ) ) ;
#639 = CARTESIAN_POINT ( 'NONE',  ( 1.446101183711558900, 0.9410147817117210400, 1.737483079866199500 ) ) ;
#640 = AXIS2_PLACEMENT_3D ( 'NONE', #4754, #5639, #587 ) ;
#641 = CARTESIAN_POINT ( 'NONE',  ( -1.628761299812714800, 0.4752611663760555300, 2.005872187029448500 ) ) ;
#642 = CARTESIAN_POINT ( 'NONE',  ( -1.916670816891700600, 0.4956467064833171600, 2.349808554449261500 ) ) ;
#643 = CARTESIAN_POINT ( 'NONE',  ( 1.817949410868546800, 0.6209064701127271500, 1.939045903244058600 ) ) ;
#644 = CIRCLE ( 'NONE', #3233, 2.966666666666668600 ) ;
#645 = ORIENTED_EDGE ( 'NONE', *, *, #18, .T. ) ;
#646 = CARTESIAN_POINT ( 'NONE',  ( 2.186165177302926500, 0.7978129979191670400, 2.255862113502977700 ) ) ;
#647 = EDGE_CURVE ( 'NONE', #1043, #4978, #611, .T. ) ;
#648 = LINE ( 'NONE', #5277, #5905 ) ;
#649 = CARTESIAN_POINT ( 'NONE',  ( -2.449999999999999300, 4.500000000000000000, 2.047482745188188500 ) ) ;
#650 = PLANE ( 'NONE',  #1004 ) ;
#651 = CARTESIAN_POINT ( 'NONE',  ( 1.241990378884432600, 0.8967755951296955100, 2.131874629936777700 ) ) ;
#652 = CARTESIAN_POINT ( 'NONE',  ( -2.202511208985248500, 0.4934471917213567000, 2.350957617029184400 ) ) ;
#653 = VECTOR ( 'NONE', #5751, 1000.000000000000000 ) ;
#654 = CARTESIAN_POINT ( 'NONE',  ( 2.550000000000000700, 0.0000000000000000000, -1.000000000000001100 ) ) ;
#655 = EDGE_LOOP ( 'NONE', ( #2947, #4646, #5338, #2486, #2254 ) ) ;
#656 = CARTESIAN_POINT ( 'NONE',  ( 1.469904581277675600, 1.261210354463544700, 1.653877871640204900 ) ) ;
#657 = DIRECTION ( 'NONE',  ( 0.0000000000000000000, 0.0000000000000000000, -1.000000000000000000 ) ) ;
#658 = FACE_OUTER_BOUND ( 'NONE', #3824, .T. ) ;
#659 = B_SPLINE_SURFACE_WITH_KNOTS ( 'NONE', 3, 3, ( 
 ( #5411, #2677, #3649, #2 ),
 ( #2713, #2656, #5891, #2731 ),
 ( #3569, #428, #3635, #4018 ),
 ( #1838, #399, #2285, #3118 ),
 ( #3587, #1820, #860, #378 ),
 ( #2266, #905, #5932, #5498 ),
 ( #2242, #847, #4041, #1379 ),
 ( #5039, #1788, #3190, #4065 ),
 ( #4536, #3146, #449, #1306 ),
 ( #417, #4501, #1321, #4516 ) ),
 .UNSPECIFIED., .T., .F., .F.,
 ( 4, 2, 2, 2, 4 ),
 ( 4, 4 ),
 ( 0.0000000000000000000, 0.2500000000000000000, 0.5000000000000000000, 0.7500000000000000000, 1.000000000000000000 ),
 ( 0.0000000000000000000, 0.3155082430143768500 ),
 .UNSPECIFIED. ) ;
#660 = EDGE_CURVE ( 'NONE', #1039, #3161, #2691, .T. ) ;
#661 = B_SPLINE_CURVE_WITH_KNOTS ( 'NONE', 3,
 ( #3586, #1724, #2153, #5904, #3133, #4514, #2228, #5852 ),
 .UNSPECIFIED., .F., .F.,
 ( 4, 2, 2, 4 ),
 ( 3.848987882470139500E-015, 0.0002909060276461758300, 0.0004363590414673399100, 0.0005818120552885040500 ),
 .UNSPECIFIED. ) ;
#662 = CARTESIAN_POINT ( 'NONE',  ( -1.765682894265371500, 0.4219695034424916200, 2.243211250757922900 ) ) ;
#663 = CARTESIAN_POINT ( 'NONE',  ( -1.595254244244953500, 0.9564536391584007600, 2.172963075207522600 ) ) ;
#664 = ORIENTED_EDGE ( 'NONE', *, *, #3722, .T. ) ;
#665 = EDGE_LOOP ( 'NONE', ( #4411, #553, #5072, #4913 ) ) ;
#666 = LINE ( 'NONE', #5399, #4097 ) ;
#667 = AXIS2_PLACEMENT_3D ( 'NONE', #1319, #3114, #1741 ) ;
#668 = AXIS2_PLACEMENT_3D ( 'NONE', #2348, #1405, #1430 ) ;
#669 = PLANE ( 'NONE',  #2220 ) ;
#670 = ORIENTED_EDGE ( 'NONE', *, *, #4356, .T. ) ;
#671 = ORIENTED_EDGE ( 'NONE', *, *, #3978, .F. ) ;
#672 = CARTESIAN_POINT ( 'NONE',  ( -2.550000000000000300, 0.1000000000000005300, -0.9000000000000010200 ) ) ;
#673 = CARTESIAN_POINT ( 'NONE',  ( 0.6631149980723982700, 0.09999999999999996400, 2.086373583320472000 ) ) ;
#674 = DIRECTION ( 'NONE',  ( 0.0000000000000000000, 7.228014483236703500E-016, -1.000000000000000000 ) ) ;
#675 = CYLINDRICAL_SURFACE ( 'NONE', #5254, 0.09999999999999986700 ) ;
#676 = CARTESIAN_POINT ( 'NONE',  ( 1.316493186676005700, 1.513460607632466100, 1.503147923560944600 ) ) ;
#677 = ORIENTED_EDGE ( 'NONE', *, *, #5756, .T. ) ;
#678 = VERTEX_POINT ( 'NONE', #3845 ) ;
#679 = CARTESIAN_POINT ( 'NONE',  ( -2.424770859207676200, 0.3989619256994409400, 2.045822610934173300 ) ) ;
#680 = DIRECTION ( 'NONE',  ( 0.0000000000000000000, 0.0000000000000000000, 1.000000000000000000 ) ) ;
#681 = AXIS2_PLACEMENT_3D ( 'NONE', #141, #1035, #2366 ) ;
#682 = FACE_OUTER_BOUND ( 'NONE', #5487, .T. ) ;
#683 = CARTESIAN_POINT ( 'NONE',  ( -0.1789714508004323600, 0.09999999999999999200, -2.299788373353469400 ) ) ;
#684 = CARTESIAN_POINT ( 'NONE',  ( 1.441926414227402200, 1.218172081829718800, 1.449537920565507900 ) ) ;
#685 = AXIS2_PLACEMENT_3D ( 'NONE', #2505, #2060, #2931 ) ;
#686 = DIRECTION ( 'NONE',  ( 1.000000000000000000, -0.0000000000000000000, -0.0000000000000000000 ) ) ;
#687 = EDGE_LOOP ( 'NONE', ( #1997, #2419, #1637, #5361, #2404, #4644, #1655, #5699, #3537, #469 ) ) ;
#688 = CIRCLE ( 'NONE', #1317, 2.966666666666668600 ) ;
#689 = DIRECTION ( 'NONE',  ( 0.5693756040746119600, -0.7282268375108914600, 0.3814408140374555600 ) ) ;
#690 = CARTESIAN_POINT ( 'NONE',  ( -2.550000000000000300, 0.1000000000000000100, -5.977763329379539700E-016 ) ) ;
#691 = DIRECTION ( 'NONE',  ( 0.0000000000000000000, 7.228014483236703500E-016, -1.000000000000000000 ) ) ;
#692 = DIRECTION ( 'NONE',  ( -1.000000000000000000, -0.0000000000000000000, 2.168404344970998600E-015 ) ) ;
#693 = CARTESIAN_POINT ( 'NONE',  ( -2.650000000000000400, 0.6869201445274848400, 2.104674811156316500 ) ) ;
#694 = ORIENTED_EDGE ( 'NONE', *, *, #4220, .F. ) ;
#695 = CARTESIAN_POINT ( 'NONE',  ( 2.188039544545142200, 0.5978516822771643400, 1.951122340735699500 ) ) ;
#696 = DIRECTION ( 'NONE',  ( 0.0000000000000000000, -1.000000000000000000, 0.0000000000000000000 ) ) ;
#697 = PLANE ( 'NONE',  #513 ) ;
#698 = CARTESIAN_POINT ( 'NONE',  ( 1.711516543093142500, 3.499999999999999600, 2.499999999999998700 ) ) ;
#699 = ORIENTED_EDGE ( 'NONE', *, *, #1215, .T. ) ;
#700 = CARTESIAN_POINT ( 'NONE',  ( 2.650000000000093600, 0.6164433852275312800, 2.052117769353036400 ) ) ;
#701 = ADVANCED_FACE ( 'NONE', ( #829 ), #3450, .F. ) ;
#702 = CARTESIAN_POINT ( 'NONE',  ( 0.0000000000000000000, 0.09999999999999965900, -1.949999999999999700 ) ) ;
#703 = DIRECTION ( 'NONE',  ( 0.0000000000000000000, -1.000000000000000000, 3.491481338843133400E-015 ) ) ;
#704 = CARTESIAN_POINT ( 'NONE',  ( 1.240015809975297100, 1.299408517998818800, 1.906080995308106400 ) ) ;
#705 = DIRECTION ( 'NONE',  ( 0.0000000000000000000, 0.0000000000000000000, 1.000000000000000000 ) ) ;
#706 = DIRECTION ( 'NONE',  ( 0.0000000000000000000, -0.2163350407602740200, 0.9763191845596656000 ) ) ;
#707 = CARTESIAN_POINT ( 'NONE',  ( -1.759734600111408900, 0.6410045579439729300, 1.928525523696643000 ) ) ;
#708 = AXIS2_PLACEMENT_3D ( 'NONE', #5516, #5037, #3665 ) ;
#709 = CARTESIAN_POINT ( 'NONE',  ( -1.925000000000000300, 0.0000000000000000000, 1.849999999999999900 ) ) ;
#710 = CARTESIAN_POINT ( 'NONE',  ( 0.0000000000000000000, 0.9000000000000001300, 0.0000000000000000000 ) ) ;
#711 = EDGE_CURVE ( 'NONE', #4094, #987, #3680, .T. ) ;
#712 = CARTESIAN_POINT ( 'NONE',  ( 2.650000000000000400, 0.4000000000000003000, 2.254719755119658900 ) ) ;
#713 = CARTESIAN_POINT ( 'NONE',  ( -0.8386609206840864900, 2.200000000000000600, 0.7103414590570751300 ) ) ;
#714 = CARTESIAN_POINT ( 'NONE',  ( 1.207677945610529800, 0.3000000000000004900, -1.841613349576775200 ) ) ;
#715 = CARTESIAN_POINT ( 'NONE',  ( -2.550000000000000300, 0.0000000000000000000, -6.023628521165059900E-016 ) ) ;
#716 = DIRECTION ( 'NONE',  ( 0.4205350499580168800, 0.0000000000000000000, -0.9072762929542512700 ) ) ;
#717 = AXIS2_PLACEMENT_3D ( 'NONE', #3926, #686, #3430 ) ;
#718 = FILL_AREA_STYLE ('',( #5833 ) ) ;
#719 = CARTESIAN_POINT ( 'NONE',  ( -0.8386609206840862600, 0.9000000000000001300, 1.849999999999999400 ) ) ;
#720 = CARTESIAN_POINT ( 'NONE',  ( 1.193116479845847100, 1.423340242431381200, 1.720845464163730100 ) ) ;
#721 = CARTESIAN_POINT ( 'NONE',  ( 1.126766868105524500, 1.318017836606449900, 1.765063771095323000 ) ) ;
#722 = CIRCLE ( 'NONE', #4291, 0.2791601061504556700 ) ;
#723 = CARTESIAN_POINT ( 'NONE',  ( 2.550000000000000300, 0.1000000000000001300, 0.8999999999999989100 ) ) ;
#724 = CARTESIAN_POINT ( 'NONE',  ( 1.882000055513765900, 0.8093155072016489100, 2.040399876104368000 ) ) ;
#725 = CARTESIAN_POINT ( 'NONE',  ( -1.279748546945701900, 0.3000000000000004900, 1.741894709753589300 ) ) ;
#726 = ADVANCED_FACE ( 'NONE', ( #4650 ), #1283, .F. ) ;
#727 = ADVANCED_FACE ( 'NONE', ( #2966 ), #1743, .T. ) ;
#728 = DIRECTION ( 'NONE',  ( 1.000000000000000000, 0.0000000000000000000, -0.0000000000000000000 ) ) ;
#729 = EDGE_CURVE ( 'NONE', #904, #3111, #2059, .T. ) ;
#730 = DIRECTION ( 'NONE',  ( 3.491481338843133400E-015, -1.000000000000000000, -2.409338161078890300E-016 ) ) ;
#731 = VECTOR ( 'NONE', #1244, 1000.000000000000000 ) ;
#732 = CARTESIAN_POINT ( 'NONE',  ( 1.200000000000000600, 0.1000000000000000100, -1.950000000000000000 ) ) ;
#733 = CARTESIAN_POINT ( 'NONE',  ( -1.238850292672835300, 3.500000000000000000, -1.777426299400804300 ) ) ;
#734 = VECTOR ( 'NONE', #5262, 1000.000000000000000 ) ;
#735 = EDGE_LOOP ( 'NONE', ( #5054, #4110, #2383, #1480 ) ) ;
#736 = TOROIDAL_SURFACE ( 'NONE', #708, 4.564977828463508300, 2.966666666666668600 ) ;
#737 = DIRECTION ( 'NONE',  ( -2.168404344971003300E-015, 0.0000000000000000000, -1.000000000000000000 ) ) ;
#738 = CARTESIAN_POINT ( 'NONE',  ( -1.106569541588191500, 0.2265137443033394000, -1.849999999999999600 ) ) ;
#739 = VECTOR ( 'NONE', #5381, 1000.000000000000000 ) ;
#740 = CARTESIAN_POINT ( 'NONE',  ( 2.550000000000000700, 0.0000000000000000000, 1.949999999999999700 ) ) ;
#741 = CARTESIAN_POINT ( 'NONE',  ( 1.030704209416242400, 1.425344389707045500, 1.369139653481486100 ) ) ;
#742 = ORIENTED_EDGE ( 'NONE', *, *, #4117, .F. ) ;
#743 = ORIENTED_EDGE ( 'NONE', *, *, #3350, .T. ) ;
#744 = CARTESIAN_POINT ( 'NONE',  ( -2.649999999999999500, 0.1000000000000000100, -1.849999999999999900 ) ) ;
#745 = EDGE_CURVE ( 'NONE', #1986, #103, #3336, .T. ) ;
#746 = VECTOR ( 'NONE', #3655, 1000.000000000000000 ) ;
#747 = FACE_OUTER_BOUND ( 'NONE', #229, .T. ) ;
#748 = CARTESIAN_POINT ( 'NONE',  ( -1.759734600111408900, 0.6410045579439729300, 1.928525523696643000 ) ) ;
#749 = CARTESIAN_POINT ( 'NONE',  ( -1.494586396350189300, 0.6944883353273108000, 1.845901327346421500 ) ) ;
#750 = EDGE_LOOP ( 'NONE', ( #4254, #5137, #2745, #671 ) ) ;
#751 = ORIENTED_EDGE ( 'NONE', *, *, #1867, .F. ) ;
#752 = DIRECTION ( 'NONE',  ( 0.0000000000000000000, -0.0000000000000000000, 1.000000000000000000 ) ) ;
#753 = LINE ( 'NONE', #249, #1913 ) ;
#754 = EDGE_CURVE ( 'NONE', #5132, #2197, #1206, .T. ) ;
#755 =( GEOMETRIC_REPRESENTATION_CONTEXT ( 3 ) GLOBAL_UNCERTAINTY_ASSIGNED_CONTEXT ( ( #2576 ) ) GLOBAL_UNIT_ASSIGNED_CONTEXT ( ( #4657, #3352, #190 ) ) REPRESENTATION_CONTEXT ( 'NONE', 'WORKASPACE' ) );
#756 = CARTESIAN_POINT ( 'NONE',  ( 2.418094330524389200, 0.7990271874411576400, 2.255227893905505300 ) ) ;
#757 = CARTESIAN_POINT ( 'NONE',  ( -2.550000000000000300, 0.1000000000000001200, 0.8999999999999989100 ) ) ;
#758 = VERTEX_POINT ( 'NONE', #5794 ) ;
#759 = EDGE_LOOP ( 'NONE', ( #2190, #3034, #3186, #2058 ) ) ;
#760 = CARTESIAN_POINT ( 'NONE',  ( -1.711516543093141200, 3.499999999999999600, 2.499999999999999100 ) ) ;
#761 = LINE ( 'NONE', #2128, #836 ) ;
#762 = ADVANCED_FACE ( 'NONE', ( #5572 ), #2393, .T. ) ;
#763 = DIRECTION ( 'NONE',  ( 4.336808689942016900E-015, 1.000000000000000000, 2.168404344971006200E-016 ) ) ;
#764 = ORIENTED_EDGE ( 'NONE', *, *, #1167, .T. ) ;
#765 = CARTESIAN_POINT ( 'NONE',  ( -2.550000000000002500, 0.6000000000000003100, 0.8999999999999990200 ) ) ;
#766 = CARTESIAN_POINT ( 'NONE',  ( -2.550214895048588600, 0.5995634437519188300, 2.350228051543927800 ) ) ;
#767 = CARTESIAN_POINT ( 'NONE',  ( 1.446644612656586600, 0.7549649842201676700, 1.813723758911932800 ) ) ;
#768 = VERTEX_POINT ( 'NONE', #4557 ) ;
#769 = AXIS2_PLACEMENT_3D ( 'NONE', #78, #1010, #5537 ) ;
#770 = ORIENTED_EDGE ( 'NONE', *, *, #1822, .F. ) ;
#771 = PLANE ( 'NONE',  #871 ) ;
#772 = CARTESIAN_POINT ( 'NONE',  ( -0.8386609206840857100, 2.200000000000000600, 1.549999999999999400 ) ) ;
#773 = EDGE_CURVE ( 'NONE', #3778, #2452, #2817, .T. ) ;
#774 = CARTESIAN_POINT ( 'NONE',  ( 2.650000000000000400, 0.5027379655748942500, 2.173584019007754000 ) ) ;
#775 = ORIENTED_EDGE ( 'NONE', *, *, #3710, .F. ) ;
#776 = DIRECTION ( 'NONE',  ( -1.000000000000000000, 0.0000000000000000000, -0.0000000000000000000 ) ) ;
#777 = CARTESIAN_POINT ( 'NONE',  ( -1.200000000000001300, 0.3000000000000004900, 1.849999999999999000 ) ) ;
#778 = CARTESIAN_POINT ( 'NONE',  ( 1.523752989779011000, 0.8231839144109466300, 1.832818554932567300 ) ) ;
#779 = CARTESIAN_POINT ( 'NONE',  ( 2.550000000000000300, 0.1000000000000001200, 0.8999999999999989100 ) ) ;
#780 = DIRECTION ( 'NONE',  ( 0.0000000000000000000, -0.2163350407602740200, 0.9763191845596656000 ) ) ;
#781 = DIRECTION ( 'NONE',  ( -1.000000000000000000, 0.0000000000000000000, 0.0000000000000000000 ) ) ;
#782 = CARTESIAN_POINT ( 'NONE',  ( -2.550439734967351300, 0.3989320640798038600, 2.172305209667090500 ) ) ;
#783 = CARTESIAN_POINT ( 'NONE',  ( 1.154240927403579400, 1.140341591335515700, 1.295352537709438100 ) ) ;
#784 = DIRECTION ( 'NONE',  ( 0.0000000000000000000, 1.000000000000000000, 0.0000000000000000000 ) ) ;
#785 = B_SPLINE_SURFACE_WITH_KNOTS ( 'NONE', 3, 3, ( 
 ( #5921, #3180, #4190, #5592, #2855, #4228, #1944, #2336, #1488, #3277, #4169, #1437 ),
 ( #72, #1907, #4669, #4211, #5105, #1466, #1511, #2793, #4709, #5146, #5573, #3681 ),
 ( #3769, #1451, #1962, #3259, #5120, #2369, #56, #2388, #5160, #3217, #88, #958 ),
 ( #4153, #5547, #548, #3746, #1020, #3236, #500, #3703, #4310, #2920, #4768, #1605 ),
 ( #1572, #2428, #3353, #5692, #164, #626, #3805, #2491, #5671, #4278, #4747, #2025 ),
 ( #5715, #1097, #194, #5255, #3865, #2042, #1991, #5235, #3371, #1079, #4251, #5176 ),
 ( #3397, #2936, #3338, #662, #1142, #1546, #4336, #3828, #1062, #5653, #604, #4815 ),
 ( #1525, #2067, #2445, #3851, #5219, #2509, #641, #5741, #129, #144, #4729, #2875 ),
 ( #2011, #5196, #2958, #1627, #2140, #1231, #5769, #5822, #3016, #4876, #3041, #2553 ),
 ( #5315, #285, #4373, #3928, #2585, #748, #2997, #2117, #1184, #5335, #3961, #3477 ) ),
 .UNSPECIFIED., .T., .F., .F.,
 ( 4, 2, 2, 2, 4 ),
 ( 4, 2, 2, 2, 2, 4 ),
 ( 0.0000000000000000000, 0.2500000000000000000, 0.5000000000000000000, 0.7500000000000000000, 1.000000000000000000 ),
 ( 0.3155082430143768500, 0.3641475987153899300, 0.4142491139411944000, 0.4650707556951786400, 0.5244402834339316800, 0.5819328839176166600 ),
 .UNSPECIFIED. ) ;
#786 = CARTESIAN_POINT ( 'NONE',  ( 1.319255951117685300, 0.6721868277111854300, 2.112403601530749200 ) ) ;
#787 = AXIS2_PLACEMENT_3D ( 'NONE', #2150, #1172, #5347 ) ;
#788 = AXIS2_PLACEMENT_3D ( 'NONE', #1228, #1680, #5449 ) ;
#789 = ADVANCED_FACE ( 'NONE', ( #5275 ), #659, .T. ) ;
#790 = ADVANCED_FACE ( 'NONE', ( #1423 ), #463, .F. ) ;
#791 = CARTESIAN_POINT ( 'NONE',  ( 2.186165177302926500, 0.7978129979191670400, 2.255862113502977700 ) ) ;
#792 = DIRECTION ( 'NONE',  ( 4.336808689942016900E-015, -1.000000000000000000, -2.168404344971008600E-016 ) ) ;
#793 = CYLINDRICAL_SURFACE ( 'NONE', #1540, 2.966666666666668600 ) ;
#794 =( LENGTH_UNIT ( ) NAMED_UNIT ( * ) SI_UNIT ( .MILLI., .METRE. ) );
#795 = CARTESIAN_POINT ( 'NONE',  ( -2.650000000000000400, 0.5098151581257082100, 2.109373764627556100 ) ) ;
#796 = AXIS2_PLACEMENT_3D ( 'NONE', #1267, #4903, #803 ) ;
#797 = DIRECTION ( 'NONE',  ( 1.000000000000000000, 0.0000000000000000000, -2.168404344971003300E-015 ) ) ;
#798 = CARTESIAN_POINT ( 'NONE',  ( -1.200000000000001100, 0.09999999999999939500, 1.849999999999999200 ) ) ;
#799 = FACE_OUTER_BOUND ( 'NONE', #3121, .T. ) ;
#800 = CARTESIAN_POINT ( 'NONE',  ( 1.799932697871851300, 0.6182436234240691300, 2.340443075399214000 ) ) ;
#801 = DIRECTION ( 'NONE',  ( 0.0000000000000000000, -1.000000000000000000, 0.0000000000000000000 ) ) ;
#802 = CARTESIAN_POINT ( 'NONE',  ( 1.022922748198152000, 1.178183982903133300, 1.607327294999090000 ) ) ;
#803 = DIRECTION ( 'NONE',  ( 1.000000000000000000, 0.0000000000000000000, -0.0000000000000000000 ) ) ;
#804 = ORIENTED_EDGE ( 'NONE', *, *, #1896, .T. ) ;
#805 = CARTESIAN_POINT ( 'NONE',  ( 1.829065643959407100, 0.8193890335387472600, 2.244560289732062700 ) ) ;
#806 = ORIENTED_EDGE ( 'NONE', *, *, #2470, .F. ) ;
#807 = CARTESIAN_POINT ( 'NONE',  ( -1.576749219766256300, 0.9798301502660553600, 2.160525809809401100 ) ) ;
#808 = FACE_OUTER_BOUND ( 'NONE', #4261, .T. ) ;
#809 = CARTESIAN_POINT ( 'NONE',  ( -1.464350960922946400, 0.9109885594081055200, 1.766035075666145400 ) ) ;
#810 = ORIENTED_EDGE ( 'NONE', *, *, #2698, .F. ) ;
#811 = DIRECTION ( 'NONE',  ( 0.0000000000000000000, 0.0000000000000000000, -1.000000000000000000 ) ) ;
#812 = DIRECTION ( 'NONE',  ( 0.2973631855519386900, 0.7071067811865443500, 0.6415412191577467600 ) ) ;
#813 = LINE ( 'NONE', #4432, #5402 ) ;
#814 = CARTESIAN_POINT ( 'NONE',  ( -1.199999999999999700, 4.873977856002723800, 1.849999999999999400 ) ) ;
#815 = LINE ( 'NONE', #3971, #739 ) ;
#816 = ORIENTED_EDGE ( 'NONE', *, *, #864, .F. ) ;
#817 = ORIENTED_EDGE ( 'NONE', *, *, #2456, .T. ) ;
#818 = ADVANCED_FACE ( 'NONE', ( #682 ), #5110, .F. ) ;
#819 = CARTESIAN_POINT ( 'NONE',  ( 0.0000000000000000000, 0.1000000000000000100, 0.0000000000000000000 ) ) ;
#820 = ADVANCED_FACE ( 'NONE', ( #327 ), #1442, .T. ) ;
#821 = LINE ( 'NONE', #2984, #4040 ) ;
#822 = ORIENTED_EDGE ( 'NONE', *, *, #3933, .F. ) ;
#823 = DIRECTION ( 'NONE',  ( 2.168404344971012800E-015, -6.234162491791661500E-015, -1.000000000000000000 ) ) ;
#824 = CARTESIAN_POINT ( 'NONE',  ( 1.177909463667248900, 0.9935777090415971500, 2.053927978330177200 ) ) ;
#825 = CARTESIAN_POINT ( 'NONE',  ( -1.711516543093141800, 4.500000000000000000, -2.399999999999998600 ) ) ;
#826 = VERTEX_POINT ( 'NONE', #5133 ) ;
#827 = EDGE_CURVE ( 'NONE', #1834, #2397, #2198, .T. ) ;
#828 = EDGE_LOOP ( 'NONE', ( #1355, #911, #2271, #1934, #5788, #2107, #82, #3337, #1647, #5652 ) ) ;
#829 = FACE_OUTER_BOUND ( 'NONE', #1365, .T. ) ;
#830 = CARTESIAN_POINT ( 'NONE',  ( 1.627860938368617800, 0.4658460533205753300, 2.220233682012041900 ) ) ;
#831 = ORIENTED_EDGE ( 'NONE', *, *, #5000, .T. ) ;
#832 = EDGE_LOOP ( 'NONE', ( #5524, #3988, #3697, #3400 ) ) ;
#833 = CARTESIAN_POINT ( 'NONE',  ( -1.580610153352663100, 0.9199653586412918100, 1.832846802555592200 ) ) ;
#834 = EDGE_CURVE ( 'NONE', #5149, #2390, #4932, .T. ) ;
#835 = STYLED_ITEM ( 'NONE', ( #5288 ), #4002 ) ;
#836 = VECTOR ( 'NONE', #3974, 1000.000000000000000 ) ;
#837 = FILL_AREA_STYLE_COLOUR ( '', #3378 ) ;
#838 = CARTESIAN_POINT ( 'NONE',  ( 2.650000000000000400, 0.8000000000000007100, 2.254719755119658900 ) ) ;
#839 = CARTESIAN_POINT ( 'NONE',  ( -2.650000000000000400, 0.6983954277378052700, 2.163494537112705000 ) ) ;
#840 = B_SPLINE_SURFACE_WITH_KNOTS ( 'NONE', 3, 3, ( 
 ( #5090, #4710, #2819, #501, #2354, #3704, #73, #1963, #549, #5121, #5161, #2794 ),
 ( #2415, #959, #1005, #5627, #1945, #3260, #984, #2856, #5548, #3218, #3719, #3747 ),
 ( #4170, #486, #89, #4154, #4670, #2840, #1438, #4638, #1021, #1467, #1931, #2370 ),
 ( #2337, #5593, #4659, #1452, #1489, #5106, #4311, #4748, #579, #205, #663, #3806 ),
 ( #5197, #4279, #1080, #5654, #2043, #4797, #130, #2446, #3866, #605, #4816, #5256 ),
 ( #5672, #642, #2904, #1992, #1547, #1124, #2921, #4769, #1606, #1526, #4296, #2429 ),
 ( #5716, #1063, #5236, #2012, #2492, #165, #3354, #627, #2026, #1143, #2937, #1098 ),
 ( #2510, #4337, #3398, #5177, #1589, #195, #3829, #4252, #2876, #1573, #5220, #2466 ),
 ( #5693, #3372, #3852, #4730, #2068, #5742, #3319, #145, #3786, #3339, #749, #2141 ),
 ( #1160, #4374, #2586, #2983, #3944, #707, #5823, #4830, #3042, #2571, #5753, #2098 ) ),
 .UNSPECIFIED., .T., .F., .F.,
 ( 4, 2, 2, 2, 4 ),
 ( 4, 2, 2, 2, 2, 4 ),
 ( 0.0000000000000000000, 0.2500000000000000000, 0.5000000000000000000, 0.7500000000000000000, 1.000000000000000000 ),
 ( 0.3155082430143768500, 0.3641475987153899300, 0.4142491139411944000, 0.4650707556951786400, 0.5244402834339316800, 0.5819328839176166600 ),
 .UNSPECIFIED. ) ;
#841 = ORIENTED_EDGE ( 'NONE', *, *, #1692, .T. ) ;
#842 = CARTESIAN_POINT ( 'NONE',  ( -2.650000000000000400, 0.6052332028919718000, 2.050222781088269800 ) ) ;
#843 = ORIENTED_EDGE ( 'NONE', *, *, #3384, .T. ) ;
#844 =( NAMED_UNIT ( * ) SI_UNIT ( $, .STERADIAN. ) SOLID_ANGLE_UNIT ( ) );
#845 = DIRECTION ( 'NONE',  ( 0.0000000000000000000, 0.0000000000000000000, 1.000000000000000000 ) ) ;
#846 = CARTESIAN_POINT ( 'NONE',  ( -2.549731988320306900, 0.7832979840704538100, 2.243506644251329200 ) ) ;
#847 = CARTESIAN_POINT ( 'NONE',  ( -2.427289628803702000, 0.3989372771355708700, 2.255274975613067700 ) ) ;
#848 = ORIENTED_EDGE ( 'NONE', *, *, #5300, .F. ) ;
#849 = CARTESIAN_POINT ( 'NONE',  ( 2.549974324845156700, 0.6966396597256766500, 2.323962249770863900 ) ) ;
#850 = CARTESIAN_POINT ( 'NONE',  ( -0.8386609206840866000, 2.200000000000000600, -0.7103414590570742400 ) ) ;
#851 = CARTESIAN_POINT ( 'NONE',  ( 1.595254244244953500, 0.9564536391584007600, 2.172963075207522600 ) ) ;
#852 = EDGE_CURVE ( 'NONE', #522, #3101, #2335, .T. ) ;
#853 = CARTESIAN_POINT ( 'NONE',  ( -8.989973373556660000E-018, 0.9000000000000001300, -2.499999999999999100 ) ) ;
#854 = CARTESIAN_POINT ( 'NONE',  ( -1.034215203377436300, 1.295690604572645100, 1.672631336730883800 ) ) ;
#855 = CARTESIAN_POINT ( 'NONE',  ( -1.925000000000000700, 10.00000000000000000, -1.849999999999999600 ) ) ;
#856 = CARTESIAN_POINT ( 'NONE',  ( -2.550000000000001200, 0.6000000000000005300, 2.349999999999998300 ) ) ;
#857 = CARTESIAN_POINT ( 'NONE',  ( -2.549999999999999800, 0.6000000000000000900, -1.950000000000001500 ) ) ;
#858 = CARTESIAN_POINT ( 'NONE',  ( -2.650000000000042100, 0.5894307620705070400, 2.351924741851512100 ) ) ;
#859 = EDGE_CURVE ( 'NONE', #2670, #1986, #1061, .T. ) ;
#860 = CARTESIAN_POINT ( 'NONE',  ( -2.192856824238384100, 0.7027089236140124900, 2.351050375022972500 ) ) ;
#861 = DIRECTION ( 'NONE',  ( 0.0000000000000000000, 1.000000000000000000, -0.0000000000000000000 ) ) ;
#862 = CARTESIAN_POINT ( 'NONE',  ( 2.450000000000000200, 4.500000000000000000, 2.047482745188187600 ) ) ;
#863 = CARTESIAN_POINT ( 'NONE',  ( 1.547507484727732800, 0.5178828803889213800, 1.983518384317257000 ) ) ;
#864 = EDGE_CURVE ( 'NONE', #2630, #3768, #1989, .T. ) ;
#865 = LINE ( 'NONE', #454, #948 ) ;
#866 = CARTESIAN_POINT ( 'NONE',  ( -1.259679514979581200, 1.258432862634995200, 1.957263103125588300 ) ) ;
#867 = CARTESIAN_POINT ( 'NONE',  ( 2.549999999999999800, -1.149254302834634200E-014, 2.344220913481904100E-017 ) ) ;
#868 = CARTESIAN_POINT ( 'NONE',  ( -2.049999999999997600, 0.1000000000000000100, -1.849999999999999400 ) ) ;
#869 = CARTESIAN_POINT ( 'NONE',  ( -2.649999999999998100, 0.6109192363838024100, 2.050893715801509500 ) ) ;
#870 = AXIS2_PLACEMENT_3D ( 'NONE', #5590, #2812, #2384 ) ;
#871 = AXIS2_PLACEMENT_3D ( 'NONE', #2097, #1249, #2982 ) ;
#872 = CARTESIAN_POINT ( 'NONE',  ( 1.469904581277675600, 1.261210354463544700, 1.653877871640204900 ) ) ;
#873 = ADVANCED_FACE ( 'NONE', ( #3758 ), #253, .F. ) ;
#874 = CARTESIAN_POINT ( 'NONE',  ( -2.649999999999967000, 0.7537418520009731000, 2.281202695768745200 ) ) ;
#875 = CARTESIAN_POINT ( 'NONE',  ( -2.650000000000013700, 0.4689555101659432800, 2.303948844721332500 ) ) ;
#876 = LINE ( 'NONE', #5697, #5620 ) ;
#877 = CARTESIAN_POINT ( 'NONE',  ( 0.8788654356299151500, 0.3000000000000004900, 2.175721169536906100 ) ) ;
#878 = CARTESIAN_POINT ( 'NONE',  ( 2.650000000000000400, 0.6921758770645599600, 2.192194370214015200 ) ) ;
#879 = EDGE_CURVE ( 'NONE', #4094, #510, #44, .T. ) ;
#880 = ORIENTED_EDGE ( 'NONE', *, *, #745, .F. ) ;
#881 = DIRECTION ( 'NONE',  ( 1.000000000000000000, -0.0000000000000000000, -0.0000000000000000000 ) ) ;
#882 = FACE_OUTER_BOUND ( 'NONE', #5339, .T. ) ;
#883 = LINE ( 'NONE', #1411, #5626 ) ;
#884 = CARTESIAN_POINT ( 'NONE',  ( 1.925000000000000300, 0.6000000000000002000, 1.849999999999999400 ) ) ;
#885 = DIRECTION ( 'NONE',  ( 1.827307032278939000E-016, 0.0000000000000000000, 1.000000000000000000 ) ) ;
#886 = ORIENTED_EDGE ( 'NONE', *, *, #5154, .T. ) ;
#887 = ORIENTED_EDGE ( 'NONE', *, *, #3197, .F. ) ;
#888 = UNCERTAINTY_MEASURE_WITH_UNIT (LENGTH_MEASURE( 1.000000000000000100E-005 ), #5484, 'distance_accuracy_value', 'NONE');
#889 = CARTESIAN_POINT ( 'NONE',  ( -1.193116479845847100, 1.423340242431381200, 1.720845464163730100 ) ) ;
#890 = VECTOR ( 'NONE', #2087, 1000.000000000000000 ) ;
#891 = ORIENTED_EDGE ( 'NONE', *, *, #6, .F. ) ;
#892 = CARTESIAN_POINT ( 'NONE',  ( 0.9370122315488818000, 0.1000000000000000100, 1.850000891826769400 ) ) ;
#893 = CARTESIAN_POINT ( 'NONE',  ( -2.821966363851285800E-012, 0.3000000000000004900, -2.500000000246297200 ) ) ;
#894 = DIRECTION ( 'NONE',  ( -6.982962677686266700E-015, 1.000000000000000000, 4.602975439493631500E-016 ) ) ;
#895 = ORIENTED_EDGE ( 'NONE', *, *, #3285, .T. ) ;
#896 = CARTESIAN_POINT ( 'NONE',  ( 2.649999999999999500, 0.5829173176695020600, 2.248383508018046300 ) ) ;
#897 = ORIENTED_EDGE ( 'NONE', *, *, #1516, .T. ) ;
#898 = CARTESIAN_POINT ( 'NONE',  ( 1.964294742901957900, 0.7047197551196603400, 1.949999999999998600 ) ) ;
#899 = VERTEX_POINT ( 'NONE', #1951 ) ;
#900 = FACE_OUTER_BOUND ( 'NONE', #4864, .T. ) ;
#901 = CARTESIAN_POINT ( 'NONE',  ( 1.600861366901435100, 0.8914028446017253600, 1.851913350953201500 ) ) ;
#902 = EDGE_LOOP ( 'NONE', ( #2204, #2961, #2331, #4630 ) ) ;
#903 = CARTESIAN_POINT ( 'NONE',  ( -2.550160919043988500, 0.6220544177684795800, 2.350788248156272500 ) ) ;
#904 = VERTEX_POINT ( 'NONE', #2782 ) ;
#905 = CARTESIAN_POINT ( 'NONE',  ( -2.426244103861252600, 0.4942277222027821600, 2.350549855106533600 ) ) ;
#906 = CARTESIAN_POINT ( 'NONE',  ( 1.128757201843270300, 0.3000000000000004900, 1.937423936165152800 ) ) ;
#907 = PLANE ( 'NONE',  #2600 ) ;
#908 = CIRCLE ( 'NONE', #5245, 0.2999999999999997100 ) ;
#909 = AXIS2_PLACEMENT_3D ( 'NONE', #2082, #2950, #298 ) ;
#910 = MECHANICAL_DESIGN_GEOMETRIC_PRESENTATION_REPRESENTATION (  '', ( #3540 ), #1234 ) ;
#911 = ORIENTED_EDGE ( 'NONE', *, *, #3362, .T. ) ;
#912 = VERTEX_POINT ( 'NONE', #507 ) ;
#913 = CARTESIAN_POINT ( 'NONE',  ( -1.378366482324259400, 1.082347921297782000, 1.560440944930504800 ) ) ;
#914 = ORIENTED_EDGE ( 'NONE', *, *, #1882, .T. ) ;
#915 = CARTESIAN_POINT ( 'NONE',  ( -1.240015809975297100, 1.299408517998818800, 1.906080995308106400 ) ) ;
#916 = ADVANCED_FACE ( 'NONE', ( #5872 ), #1578, .T. ) ;
#917 = CARTESIAN_POINT ( 'NONE',  ( -1.240015809975297100, 1.299408517998818800, 1.906080995308106400 ) ) ;
#918 = ORIENTED_EDGE ( 'NONE', *, *, #2964, .F. ) ;
#919 = AXIS2_PLACEMENT_3D ( 'NONE', #477, #3668, #1367 ) ;
#920 = DIRECTION ( 'NONE',  ( -0.7071067811865462400, 0.0000000000000000000, -0.7071067811865489100 ) ) ;
#921 = DIRECTION ( 'NONE',  ( 2.344220913482172100E-016, -4.688441826964344300E-016, 1.000000000000000000 ) ) ;
#922 = CARTESIAN_POINT ( 'NONE',  ( 0.5180367406695132200, 0.3000000000000004900, -2.392706819445610500 ) ) ;
#923 = CARTESIAN_POINT ( 'NONE',  ( -2.650000000000002100, 0.5999999999999999800, 0.8999999999999990200 ) ) ;
#924 = DIRECTION ( 'NONE',  ( -4.336808689942016900E-015, 1.000000000000000000, 2.168404344971006200E-016 ) ) ;
#925 = ORIENTED_EDGE ( 'NONE', *, *, #5287, .F. ) ;
#926 = B_SPLINE_CURVE_WITH_KNOTS ( 'NONE', 3,
 ( #4043, #2287, #3589, #4121, #3147, #2268 ),
 .UNSPECIFIED., .F., .F.,
 ( 4, 2, 4 ),
 ( 0.001201333426855426600, 0.001220676982116783500, 0.001240020537378140300 ),
 .UNSPECIFIED. ) ;
#927 = VERTEX_POINT ( 'NONE', #135 ) ;
#928 = CARTESIAN_POINT ( 'NONE',  ( 1.401314468797899800, 1.026359773736647900, 1.639845128611228600 ) ) ;
#929 = CARTESIAN_POINT ( 'NONE',  ( -2.550230051156360000, 0.5931963356897301800, 2.350228239318417500 ) ) ;
#930 = CARTESIAN_POINT ( 'NONE',  ( 0.1682388325769538200, 0.3000000000000004900, 2.489290043678990600 ) ) ;
#931 = DIRECTION ( 'NONE',  ( 0.0000000000000000000, 1.000000000000000000, 0.0000000000000000000 ) ) ;
#932 = ORIENTED_EDGE ( 'NONE', *, *, #1692, .F. ) ;
#933 = CARTESIAN_POINT ( 'NONE',  ( 1.589920150421539200, 0.7458757146600809600, 1.873650262615438800 ) ) ;
#934 = EDGE_CURVE ( 'NONE', #1272, #2121, #5722, .T. ) ;
#935 = CARTESIAN_POINT ( 'NONE',  ( -1.711322751605630900, 4.500000000000000000, 0.0000000000000000000 ) ) ;
#936 = CARTESIAN_POINT ( 'NONE',  ( -1.181209545584136300, 1.494933466931528800, 1.577244245399285600 ) ) ;
#937 = CARTESIAN_POINT ( 'NONE',  ( -2.049999999999998500, 0.1000000000000000100, 1.850000000000000100 ) ) ;
#938 = CARTESIAN_POINT ( 'NONE',  ( -1.148924225908658300, 1.122691891307555900, 1.350609946706378400 ) ) ;
#939 = CARTESIAN_POINT ( 'NONE',  ( 2.550000000000000700, 4.399999999999998600, 2.111351376446604100 ) ) ;
#940 = FACE_OUTER_BOUND ( 'NONE', #665, .T. ) ;
#941 = CARTESIAN_POINT ( 'NONE',  ( -1.906425996537373800, 0.6028488112221462900, 1.948508730989112000 ) ) ;
#942 = CARTESIAN_POINT ( 'NONE',  ( 1.814786452727372500, 0.8306326671251094100, 2.029238552143644500 ) ) ;
#943 = VECTOR ( 'NONE', #5664, 1000.000000000000000 ) ;
#944 = EDGE_CURVE ( 'NONE', #84, #1340, #4788, .T. ) ;
#945 = CARTESIAN_POINT ( 'NONE',  ( -0.7742810599397280700, 0.1000000000000000200, 2.003857473773800600 ) ) ;
#946 = CARTESIAN_POINT ( 'NONE',  ( 0.6932914912023793200, 0.3000000000000004900, 2.303917641368109100 ) ) ;
#947 = CARTESIAN_POINT ( 'NONE',  ( 2.550000000000000700, 0.6000000000000004200, 1.949999999999999500 ) ) ;
#948 = VECTOR ( 'NONE', #3652, 1000.000000000000000 ) ;
#949 = CARTESIAN_POINT ( 'NONE',  ( 1.620155441081601700, 0.5935270909723462400, 1.898523699615781300 ) ) ;
#950 = EDGE_CURVE ( 'NONE', #3750, #119, #535, .T. ) ;
#951 = PLANE ( 'NONE',  #4285 ) ;
#952 = AXIS2_PLACEMENT_3D ( 'NONE', #1226, #3067, #3952 ) ;
#953 = CARTESIAN_POINT ( 'NONE',  ( -1.148214659803442800, 1.100831675754641000, 1.404907142573942600 ) ) ;
#954 = DIRECTION ( 'NONE',  ( 0.0000000000000000000, 0.0000000000000000000, 1.000000000000000000 ) ) ;
#955 = FILL_AREA_STYLE_COLOUR ( '', #4236 ) ;
#956 = PRESENTATION_STYLE_ASSIGNMENT (( #1042 ) ) ;
#957 = VERTEX_POINT ( 'NONE', #3345 ) ;
#958 = CARTESIAN_POINT ( 'NONE',  ( -1.656637997043548300, 0.9427598966707988500, 1.970503474246424500 ) ) ;
#959 = CARTESIAN_POINT ( 'NONE',  ( -1.941449432120890200, 0.7049582838343851900, 1.949875392529309700 ) ) ;
#960 = CARTESIAN_POINT ( 'NONE',  ( -0.06843382461831287700, 0.3000000000000004900, -2.498598827007055200 ) ) ;
#961 = AXIS2_PLACEMENT_3D ( 'NONE', #1322, #1381, #5469 ) ;
#962 = VECTOR ( 'NONE', #3901, 1000.000000000000200 ) ;
#963 = AXIS2_PLACEMENT_3D ( 'NONE', #246, #3432, #706 ) ;
#964 = ORIENTED_EDGE ( 'NONE', *, *, #1071, .F. ) ;
#965 = CARTESIAN_POINT ( 'NONE',  ( 1.367281466543723000, 1.187878130681741000, 1.333198689089988100 ) ) ;
#966 = CIRCLE ( 'NONE', #1610, 0.09999999999999986700 ) ;
#967 = CARTESIAN_POINT ( 'NONE',  ( -0.4334174742712547700, 0.09999999999999999200, 2.211806644407476400 ) ) ;
#968 = CARTESIAN_POINT ( 'NONE',  ( -0.6366676781959800200, 0.3000000000000004900, 2.335789274250183600 ) ) ;
#969 = VECTOR ( 'NONE', #13, 1000.000000000000000 ) ;
#970 = CARTESIAN_POINT ( 'NONE',  ( 2.549548256587891100, 0.8002001257542188400, 2.128089692089564900 ) ) ;
#971 = EDGE_CURVE ( 'NONE', #2539, #5963, #2754, .T. ) ;
#972 = CARTESIAN_POINT ( 'NONE',  ( 2.549999999999999800, 4.336808689942017700E-016, 0.8999999999999988000 ) ) ;
#973 = ORIENTED_EDGE ( 'NONE', *, *, #2827, .F. ) ;
#974 = B_SPLINE_SURFACE_WITH_KNOTS ( 'NONE', 1, 3, ( 
 ( #725, #3931, #1668, #3460, #2558, #5302, #5773, #3911, #1217, #3001, #274, #4878, #4395, #1188, #4377, #1652, #4856, #968, #4160, #1380, #42, #2732, #1839, #4582, #3165, #5538, #2771, #3614, #3191, #4648, #5040, #5096, #4558, #4120, #450, #4143, #930, #5468, #2286, #1878, #473, #2302, #5558, #5024, #2752, #5957, #1399, #3207, #4600, #946, #5499, #3221, #1421, #491, #2783, #877, #1364, #1821, #2267, #2714, #429, #3636, #906, #4092, #4720, #1046 ),
 ( #3283, #1938, #5151, #1518, #2375, #3757, #4237, #1917, #2399, #3708, #2846, #98, #3301, #5598, #1474, #1971, #588, #4664, #2829, #2421, #555, #1070, #5660, #5185, #1026, #993, #2862, #3793, #5167, #152, #136, #1456, #4217, #508, #2885, #118, #3327, #5111, #2360, #2803, #4262, #1536, #79, #4736, #2000, #4676, #3268, #532, #3727, #1011, #1108, #673, #5680, #3421, #4820, #1150, #5701, #5226, #2518, #3346, #1170, #2017, #1636, #176, #2476, #1555 ) ),
 .UNSPECIFIED., .F., .F., .F.,
 ( 2, 2 ),
 ( 4, 2, 2, 2, 2, 2, 2, 2, 2, 2, 2, 2, 2, 2, 2, 2, 2, 2, 2, 2, 2, 2, 2, 2, 2, 2, 2, 2, 2, 2, 2, 2, 4 ),
 ( 0.0000000000000000000, 1.000000000000000000 ),
 ( 0.005012388142793959400, 0.005180699847155533600, 0.005264855699336320300, 0.005349011551517107000, 0.005433167403697893700, 0.005517323255878680400, 0.005601479108059467100, 0.005685634960240253800, 0.005769790812421040500, 0.005853946664601827200, 0.005938102516782613900, 0.006022258368963401400, 0.006106414221144189000, 0.006190570073324975700, 0.006232647999415369100, 0.006274725925505762400, 0.006358881777686549100, 0.006443037629867335800, 0.006527193482048122500, 0.006611349334228909200, 0.006695505186409696700, 0.006737583112500091000, 0.006779661038590484300, 0.006863816890771271000, 0.006947972742952057700, 0.007032128595132844400, 0.007116284447313631100, 0.007158362373404024400, 0.007200440299494417800, 0.007284596151675204500, 0.007368752003855991200, 0.007537063708217564600, 0.007705375412579138800 ),
 .UNSPECIFIED. ) ;
#975 = EDGE_LOOP ( 'NONE', ( #5504, #609, #2463, #1219 ) ) ;
#976 = VECTOR ( 'NONE', #2497, 1000.000000000000000 ) ;
#977 = CARTESIAN_POINT ( 'NONE',  ( 1.906425996537373800, 0.6028488112221462900, 1.948508730989112000 ) ) ;
#978 = CARTESIAN_POINT ( 'NONE',  ( -1.285458484761898200, 0.7149958366687867400, 2.089726840593142000 ) ) ;
#979 = DIRECTION ( 'NONE',  ( 0.6427368667560704500, -0.7493510564894908500, -0.1592554999071405500 ) ) ;
#980 = ORIENTED_EDGE ( 'NONE', *, *, #660, .F. ) ;
#981 = VERTEX_POINT ( 'NONE', #3893 ) ;
#982 = CARTESIAN_POINT ( 'NONE',  ( -1.166966019098065700, 1.015758924339695800, 1.564486583146252000 ) ) ;
#983 = VECTOR ( 'NONE', #992, 1000.000000000000000 ) ;
#984 = CARTESIAN_POINT ( 'NONE',  ( -1.774289244641455500, 0.7487827314856921900, 1.926933023678934600 ) ) ;
#985 = CARTESIAN_POINT ( 'NONE',  ( -0.03481971795286779200, 0.3000000000000004900, -2.499974152542719700 ) ) ;
#986 = CARTESIAN_POINT ( 'NONE',  ( 1.566839612366199400, 0.7689058563756616700, 1.861754120745606300 ) ) ;
#987 = VERTEX_POINT ( 'NONE', #4819 ) ;
#988 = EDGE_CURVE ( 'NONE', #987, #4570, #3804, .T. ) ;
#989 = ORIENTED_EDGE ( 'NONE', *, *, #5239, .T. ) ;
#990 = VECTOR ( 'NONE', #1315, 1000.000000000000000 ) ;
#991 = CARTESIAN_POINT ( 'NONE',  ( 1.285458484761898200, 0.7149958366687867400, 2.089726840593142000 ) ) ;
#992 = DIRECTION ( 'NONE',  ( -1.000000000000000000, 0.0000000000000000000, 0.0000000000000000000 ) ) ;
#993 = CARTESIAN_POINT ( 'NONE',  ( -0.2251463180908878100, 0.09999999999999996400, 2.276635061742660900 ) ) ;
#994 = EDGE_LOOP ( 'NONE', ( #3892, #5622, #5811, #4704 ) ) ;
#995 = MECHANICAL_DESIGN_GEOMETRIC_PRESENTATION_REPRESENTATION (  '', ( #1612 ), #2434 ) ;
#996 = CARTESIAN_POINT ( 'NONE',  ( 1.200000000000001100, 0.9000000000000014700, 1.849999999999999200 ) ) ;
#997 = ORIENTED_EDGE ( 'NONE', *, *, #3189, .F. ) ;
#998 = CARTESIAN_POINT ( 'NONE',  ( -1.148924225908658300, 1.122691891307555900, 1.350609946706378400 ) ) ;
#999 = CARTESIAN_POINT ( 'NONE',  ( -2.175246257163843100, 2.200000000000000600, -4.274279060137022400 ) ) ;
#1000 = CARTESIAN_POINT ( 'NONE',  ( -1.011703626604006000, 1.245743598126830600, 1.471774017893068700 ) ) ;
#1001 = AXIS2_PLACEMENT_3D ( 'NONE', #2112, #2570, #1840 ) ;
#1002 = ORIENTED_EDGE ( 'NONE', *, *, #5228, .T. ) ;
#1003 = CARTESIAN_POINT ( 'NONE',  ( -1.362331900726095200, 1.155191326587447400, 1.423746122897575800 ) ) ;
#1004 = AXIS2_PLACEMENT_3D ( 'NONE', #5760, #212, #2053 ) ;
#1005 = CARTESIAN_POINT ( 'NONE',  ( -1.918972545041629500, 0.7069665597500201000, 1.948824056120724600 ) ) ;
#1006 = CARTESIAN_POINT ( 'NONE',  ( 0.6932467555884650500, 0.3000000000000004900, -2.303945421352957500 ) ) ;
#1007 = CARTESIAN_POINT ( 'NONE',  ( 1.749072755408382900, 0.4303274523388142500, 2.029391413141012500 ) ) ;
#1008 = CARTESIAN_POINT ( 'NONE',  ( -0.8386609206840862600, 2.200000000000000600, 1.549999999999999400 ) ) ;
#1009 = CARTESIAN_POINT ( 'NONE',  ( 1.306616667488059000, 1.172504317051865600, 2.051197597948166300 ) ) ;
#1010 = DIRECTION ( 'NONE',  ( 0.0000000000000000000, 1.000000000000000000, 0.0000000000000000000 ) ) ;
#1011 = CARTESIAN_POINT ( 'NONE',  ( 0.5915104151331336300, 0.09999999999999996400, 2.131701528603057800 ) ) ;
#1012 = CARTESIAN_POINT ( 'NONE',  ( 0.8386609206840858200, 3.500000000000000000, 1.849999999999999000 ) ) ;
#1013 = DIRECTION ( 'NONE',  ( 0.0000000000000000000, 0.0000000000000000000, -1.000000000000000000 ) ) ;
#1014 = CARTESIAN_POINT ( 'NONE',  ( 1.989976780834386900, 4.960023219165615900, -1.753672211636208500 ) ) ;
#1015 = CARTESIAN_POINT ( 'NONE',  ( -1.248064453699956600, 0.7623603755913149800, 2.064636927226309600 ) ) ;
#1016 = DIRECTION ( 'NONE',  ( 1.000000000000000000, 0.0000000000000000000, 0.0000000000000000000 ) ) ;
#1017 = ORIENTED_EDGE ( 'NONE', *, *, #1594, .T. ) ;
#1018 = FACE_OUTER_BOUND ( 'NONE', #4476, .T. ) ;
#1019 = CARTESIAN_POINT ( 'NONE',  ( -1.547336403710213100, 0.7934783820616608800, 1.848657193403494300 ) ) ;
#1020 = CARTESIAN_POINT ( 'NONE',  ( -1.829065643959407100, 0.8193890335387472600, 2.244560289732062700 ) ) ;
#1021 = CARTESIAN_POINT ( 'NONE',  ( -1.724566217200916200, 0.8788134112726943000, 2.003936369439267100 ) ) ;
#1022 = CARTESIAN_POINT ( 'NONE',  ( 0.8602059850877527000, 0.09999999999999990800, -1.927643065226287700 ) ) ;
#1023 = CARTESIAN_POINT ( 'NONE',  ( 1.776035663235344500, 0.5161235654771606500, 2.339081367390512000 ) ) ;
#1024 = LINE ( 'NONE', #3616, #5688 ) ;
#1025 = EDGE_CURVE ( 'NONE', #2670, #4661, #1350, .T. ) ;
#1026 = CARTESIAN_POINT ( 'NONE',  ( -0.2799448084553217100, 0.09999999999999990800, 2.263587403908697800 ) ) ;
#1027 = CARTESIAN_POINT ( 'NONE',  ( -2.550000000000000700, 0.0000000000000000000, 1.949999999999999700 ) ) ;
#1028 =( NAMED_UNIT ( * ) SI_UNIT ( $, .STERADIAN. ) SOLID_ANGLE_UNIT ( ) );
#1029 = CARTESIAN_POINT ( 'NONE',  ( -2.155672040684715200, 0.5981624634961095800, 1.950959980011210100 ) ) ;
#1030 = B_SPLINE_CURVE_WITH_KNOTS ( 'NONE', 3,
 ( #2702, #5938, #457, #2272, #5964, #3172, #432, #3639, #3654, #4607, #5065, #5522 ),
 .UNSPECIFIED., .F., .F.,
 ( 4, 2, 2, 2, 2, 4 ),
 ( 0.5819328839176166600, 0.6579959241240468400, 0.7366919789667576400, 0.8167155206589358200, 0.9100549755234312900, 1.000000000000000000 ),
 .UNSPECIFIED. ) ;
#1031 = DIRECTION ( 'NONE',  ( -0.6427368667560704500, -0.7493510564894908500, -0.1592554999071405500 ) ) ;
#1032 = CARTESIAN_POINT ( 'NONE',  ( 2.650000000000000400, 0.6998476029789396600, 2.142974798491693800 ) ) ;
#1033 = TOROIDAL_SURFACE ( 'NONE', #4241, 4.564977828463508300, 2.966666666666668600 ) ;
#1034 = ORIENTED_EDGE ( 'NONE', *, *, #950, .T. ) ;
#1035 = DIRECTION ( 'NONE',  ( -0.2973631855519395800, 0.7071067811865421300, -0.6415412191577486400 ) ) ;
#1036 = PLANE ( 'NONE',  #1583 ) ;
#1037 = FACE_OUTER_BOUND ( 'NONE', #5344, .T. ) ;
#1038 = CARTESIAN_POINT ( 'NONE',  ( 0.2799448084553206000, 0.09999999999999990800, -2.263587403908696900 ) ) ;
#1039 = VERTEX_POINT ( 'NONE', #150 ) ;
#1040 = ORIENTED_EDGE ( 'NONE', *, *, #5389, .F. ) ;
#1041 = CARTESIAN_POINT ( 'NONE',  ( 1.789048751622745800, 0.7295826985814790600, 2.336973260688770500 ) ) ;
#1042 = SURFACE_STYLE_USAGE ( .BOTH. , #3281 ) ;
#1043 = VERTEX_POINT ( 'NONE', #5781 ) ;
#1044 = EDGE_LOOP ( 'NONE', ( #3374, #3488, #439, #1494 ) ) ;
#1045 = ORIENTED_EDGE ( 'NONE', *, *, #2248, .F. ) ;
#1046 = CARTESIAN_POINT ( 'NONE',  ( 1.280307702309076800, 0.3000000000000004900, 1.741087714758657200 ) ) ;
#1047 = FILL_AREA_STYLE_COLOUR ( '', #5166 ) ;
#1048 = CARTESIAN_POINT ( 'NONE',  ( 2.649999999999999900, 0.09999999999999975600, 0.8999999999999989100 ) ) ;
#1049 = VECTOR ( 'NONE', #1278, 1000.000000000000000 ) ;
#1050 = EDGE_CURVE ( 'NONE', #1638, #5497, #3538, .T. ) ;
#1051 = CARTESIAN_POINT ( 'NONE',  ( 2.049999999999997600, 0.8999999999999998000, 1.849999999999999400 ) ) ;
#1052 = VERTEX_POINT ( 'NONE', #5320 ) ;
#1053 = EDGE_LOOP ( 'NONE', ( #4206, #4264, #3244, #5271 ) ) ;
#1054 = DIRECTION ( 'NONE',  ( 0.3511484866841287400, 0.0000000000000000000, -0.9363197852760809500 ) ) ;
#1055 = DIRECTION ( 'NONE',  ( 0.0000000000000000000, 1.000000000000000000, -0.0000000000000000000 ) ) ;
#1056 = CIRCLE ( 'NONE', #4168, 0.09999999999999982500 ) ;
#1057 = CARTESIAN_POINT ( 'NONE',  ( -1.283411385423738100, 1.110605708126334500, 1.352079270521687100 ) ) ;
#1058 = CARTESIAN_POINT ( 'NONE',  ( 1.711516543093142500, 4.399999999999998600, 2.499999999999998700 ) ) ;
#1059 = SURFACE_STYLE_USAGE ( .BOTH. , #4706 ) ;
#1060 = ORIENTED_EDGE ( 'NONE', *, *, #552, .T. ) ;
#1061 = B_SPLINE_CURVE_WITH_KNOTS ( 'NONE', 3,
 ( #3725, #4200, #5597, #929, #2828 ),
 .UNSPECIFIED., .F., .F.,
 ( 4, 1, 4 ),
 ( 0.0005818120552885040500, 0.0006008701937734242700, 0.0006199283322583445900 ),
 .UNSPECIFIED. ) ;
#1062 = CARTESIAN_POINT ( 'NONE',  ( -1.446098106852461400, 0.5625492255108064400, 2.169512423960666200 ) ) ;
#1063 = CARTESIAN_POINT ( 'NONE',  ( -1.913986326579996800, 0.4003774167876813500, 2.254522573387660200 ) ) ;
#1064 = CARTESIAN_POINT ( 'NONE',  ( 0.6627858300964093500, 0.09999999999999990800, -2.086592465416922800 ) ) ;
#1065 = CARTESIAN_POINT ( 'NONE',  ( 1.868782500797580900, 0.4999346473388723300, 2.347563049471888900 ) ) ;
#1066 = EDGE_CURVE ( 'NONE', #5870, #305, #1634, .T. ) ;
#1067 = ORIENTED_EDGE ( 'NONE', *, *, #1896, .F. ) ;
#1068 = EDGE_LOOP ( 'NONE', ( #2344, #618, #764, #2332 ) ) ;
#1069 = CARTESIAN_POINT ( 'NONE',  ( 2.549999999999999800, 4.336808689942017700E-016, -0.9000000000000011300 ) ) ;
#1070 = CARTESIAN_POINT ( 'NONE',  ( -0.3872299775554371400, 0.09999999999999996400, 2.229508892961678400 ) ) ;
#1071 = EDGE_CURVE ( 'NONE', #2397, #1569, #197, .T. ) ;
#1072 = VERTEX_POINT ( 'NONE', #3438 ) ;
#1073 = AXIS2_PLACEMENT_3D ( 'NONE', #3369, #5624, #4274 ) ;
#1074 = DIRECTION ( 'NONE',  ( -2.344220913482164300E-016, -2.168404344971016300E-016, 1.000000000000000000 ) ) ;
#1075 = CARTESIAN_POINT ( 'NONE',  ( -1.322347497523768600, 0.9612633312501196500, 1.617632487373878800 ) ) ;
#1076 = PLANE ( 'NONE',  #107 ) ;
#1077 =( NAMED_UNIT ( * ) PLANE_ANGLE_UNIT ( ) SI_UNIT ( $, .RADIAN. ) );
#1078 = AXIS2_PLACEMENT_3D ( 'NONE', #4521, #4982, #5416 ) ;
#1079 = CARTESIAN_POINT ( 'NONE',  ( -1.388535711018647800, 0.7166282703304199800, 2.234123213686079800 ) ) ;
#1080 = CARTESIAN_POINT ( 'NONE',  ( -1.893875597806100600, 0.7081701443946163400, 2.348193699735151400 ) ) ;
#1081 = CARTESIAN_POINT ( 'NONE',  ( 1.115378604831601200, 0.09999999999999993600, -1.627953838555376500 ) ) ;
#1082 = B_SPLINE_SURFACE_WITH_KNOTS ( 'NONE', 3, 3, ( 
 ( #2502, #4326, #2521, #2034 ),
 ( #4809, #5733, #3843, #3388 ),
 ( #4823, #4366, #2091, #1562 ),
 ( #3425, #2949, #1641, #2020 ),
 ( #4304, #2441, #1598, #217 ),
 ( #1092, #1584, #652, #4845 ),
 ( #2484, #2895, #4351, #5748 ),
 ( #5665, #679, #156, #1115 ),
 ( #3347, #4786, #1155, #4290 ),
 ( #1174, #3859, #1617, #4760 ) ),
 .UNSPECIFIED., .T., .F., .F.,
 ( 4, 2, 2, 2, 4 ),
 ( 4, 4 ),
 ( 0.0000000000000000000, 0.2500000000000000000, 0.5000000000000000000, 0.7500000000000000000, 1.000000000000000000 ),
 ( 0.0000000000000000000, 0.3155082430143768500 ),
 .UNSPECIFIED. ) ;
#1083 = CARTESIAN_POINT ( 'NONE',  ( 1.494586396350189300, 0.6944883353273108000, 1.845901327346421500 ) ) ;
#1084 = UNCERTAINTY_MEASURE_WITH_UNIT (LENGTH_MEASURE( 1.000000000000000100E-005 ), #2886, 'distance_accuracy_value', 'NONE');
#1085 = CARTESIAN_POINT ( 'NONE',  ( 2.049999999999998500, 0.1000000000000000100, -1.849999999999999900 ) ) ;
#1086 = EDGE_CURVE ( 'NONE', #1043, #3258, #112, .T. ) ;
#1087 = B_SPLINE_CURVE_WITH_KNOTS ( 'NONE', 3,
 ( #4293, #1959, #1566, #1927, #1942, #5117 ),
 .UNSPECIFIED., .F., .F.,
 ( 4, 2, 4 ),
 ( 0.0006199283322583454600, 0.0009106308795568860400, 0.001201333426855426600 ),
 .UNSPECIFIED. ) ;
#1088 = VECTOR ( 'NONE', #475, 1000.000000000000000 ) ;
#1089 = CARTESIAN_POINT ( 'NONE',  ( -0.8386609206840866000, 3.500000000000000000, -0.7103414590570740200 ) ) ;
#1090 = DIRECTION ( 'NONE',  ( -1.000000000000000000, 0.0000000000000000000, -2.344220913482164300E-016 ) ) ;
#1091 = FACE_OUTER_BOUND ( 'NONE', #3028, .T. ) ;
#1092 = CARTESIAN_POINT ( 'NONE',  ( -2.650000000000000400, 0.4952802448803405600, 2.349999999999999200 ) ) ;
#1093 = DIRECTION ( 'NONE',  ( -2.168404344970998600E-015, 0.0000000000000000000, -1.000000000000000000 ) ) ;
#1094 = CARTESIAN_POINT ( 'NONE',  ( -1.355188773978914600, 0.9143857050121901900, 2.185003913467137500 ) ) ;
#1095 = CARTESIAN_POINT ( 'NONE',  ( 3.040677841492066900E-016, 4.500000000000000000, 2.399999999999998600 ) ) ;
#1096 = LINE ( 'NONE', #380, #5108 ) ;
#1097 = CARTESIAN_POINT ( 'NONE',  ( -1.916670816891700600, 0.4956467064833171600, 2.349808554449261500 ) ) ;
#1098 = CARTESIAN_POINT ( 'NONE',  ( -1.285458484761898800, 0.7149958366687871900, 2.089726840593142000 ) ) ;
#1099 = CARTESIAN_POINT ( 'NONE',  ( -0.8016684245834643200, 0.3000000000000004900, -2.233781694231752500 ) ) ;
#1100 = DIRECTION ( 'NONE',  ( -0.0000000000000000000, -1.000000000000000000, -0.0000000000000000000 ) ) ;
#1101 = ADVANCED_FACE ( 'NONE', ( #2473 ), #5427, .T. ) ;
#1102 = CARTESIAN_POINT ( 'NONE',  ( -2.650000000000000400, 3.499999999999999600, -2.064999999999999500 ) ) ;
#1103 = AXIS2_PLACEMENT_3D ( 'NONE', #2896, #5686, #157 ) ;
#1104 = ORIENTED_EDGE ( 'NONE', *, *, #1653, .T. ) ;
#1105 = AXIS2_PLACEMENT_3D ( 'NONE', #5867, #3547, #811 ) ;
#1106 = DIRECTION ( 'NONE',  ( 2.344220913482172100E-016, 0.0000000000000000000, -1.000000000000000000 ) ) ;
#1107 = DIRECTION ( 'NONE',  ( 0.0000000000000000000, -0.0000000000000000000, 1.000000000000000000 ) ) ;
#1108 = CARTESIAN_POINT ( 'NONE',  ( 0.6156506814538879000, 0.09999999999999990800, 2.117090528802436600 ) ) ;
#1109 = VECTOR ( 'NONE', #1979, 1000.000000000000100 ) ;
#1110 = DIRECTION ( 'NONE',  ( 0.0000000000000000000, -1.000000000000000000, 6.123233995736766000E-017 ) ) ;
#1111 = CARTESIAN_POINT ( 'NONE',  ( 1.283411385423738100, 1.110605708126334500, 1.352079270521687100 ) ) ;
#1112 = CARTESIAN_POINT ( 'NONE',  ( 2.549999999999999800, 0.09999999999999965900, -1.949999999999999700 ) ) ;
#1113 = ORIENTED_EDGE ( 'NONE', *, *, #3672, .F. ) ;
#1114 = FACE_OUTER_BOUND ( 'NONE', #1916, .T. ) ;
#1115 = CARTESIAN_POINT ( 'NONE',  ( -1.964294742901958400, 0.4000000000000000200, 2.045280244880339100 ) ) ;
#1116 = CARTESIAN_POINT ( 'NONE',  ( 0.5722612009522861600, 2.200000000000000200, 5.421010862427522200E-017 ) ) ;
#1117 = AXIS2_PLACEMENT_3D ( 'NONE', #242, #2115, #4389 ) ;
#1118 = CARTESIAN_POINT ( 'NONE',  ( -2.549999999999999800, 0.0000000000000000000, 0.0000000000000000000 ) ) ;
#1119 = CARTESIAN_POINT ( 'NONE',  ( 1.452243306204926300, 1.341400440149881800, 1.503424552735833400 ) ) ;
#1120 = ORIENTED_EDGE ( 'NONE', *, *, #4719, .F. ) ;
#1121 = ORIENTED_EDGE ( 'NONE', *, *, #5263, .T. ) ;
#1122 = CARTESIAN_POINT ( 'NONE',  ( 1.547336403710213500, 0.7934783820616609900, 1.848657193403494300 ) ) ;
#1123 = VECTOR ( 'NONE', #2533, 1000.000000000000000 ) ;
#1124 = CARTESIAN_POINT ( 'NONE',  ( -1.644506373337224700, 0.5579897882077871100, 2.317156870309705000 ) ) ;
#1125 = CARTESIAN_POINT ( 'NONE',  ( -0.4664931551425057200, 0.09999999999999990800, -2.196851660324955300 ) ) ;
#1126 = CARTESIAN_POINT ( 'NONE',  ( 2.550000000000000300, 0.0000000000000000000, -6.023628521165059900E-016 ) ) ;
#1127 = VERTEX_POINT ( 'NONE', #1276 ) ;
#1128 = CARTESIAN_POINT ( 'NONE',  ( -2.549696006926527800, 0.6380767893437858700, 1.954486302015122200 ) ) ;
#1129 = ORIENTED_EDGE ( 'NONE', *, *, #2304, .T. ) ;
#1130 = DIRECTION ( 'NONE',  ( 6.982962677686266700E-015, 1.000000000000000000, 4.602975439493631500E-016 ) ) ;
#1131 = ORIENTED_EDGE ( 'NONE', *, *, #3173, .T. ) ;
#1132 = DIRECTION ( 'NONE',  ( 0.0000000000000000000, 0.0000000000000000000, -1.000000000000000000 ) ) ;
#1133 = ORIENTED_EDGE ( 'NONE', *, *, #2641, .T. ) ;
#1134 = CARTESIAN_POINT ( 'NONE',  ( 1.082081867427022100, 1.169215633025781200, 1.861655712833393900 ) ) ;
#1135 = FACE_OUTER_BOUND ( 'NONE', #2474, .T. ) ;
#1136 = DIRECTION ( 'NONE',  ( 0.0000000000000000000, 1.000000000000000000, -1.084202172485504000E-015 ) ) ;
#1137 = VERTEX_POINT ( 'NONE', #4893 ) ;
#1138 = DIRECTION ( 'NONE',  ( 0.0000000000000000000, 0.0000000000000000000, 1.000000000000000000 ) ) ;
#1139 = CARTESIAN_POINT ( 'NONE',  ( 1.523752989779011000, 0.8231839144109466300, 1.832818554932567300 ) ) ;
#1140 = CARTESIAN_POINT ( 'NONE',  ( 1.964294742901957900, 0.6000000000000004200, 1.949999999999998800 ) ) ;
#1141 = ORIENTED_EDGE ( 'NONE', *, *, #2402, .T. ) ;
#1142 = CARTESIAN_POINT ( 'NONE',  ( -1.718829468977767200, 0.4344657391651504700, 2.236663170196654200 ) ) ;
#1143 = CARTESIAN_POINT ( 'NONE',  ( -1.359358460690403400, 0.6323290580086913200, 2.133090173254818200 ) ) ;
#1144 = DIRECTION ( 'NONE',  ( -1.000000000000000000, -0.0000000000000000000, 2.344220913482172100E-016 ) ) ;
#1145 = DIRECTION ( 'NONE',  ( 1.000000000000000000, 0.0000000000000000000, -2.344220913482172100E-016 ) ) ;
#1146 = EDGE_CURVE ( 'NONE', #305, #1196, #5134, .T. ) ;
#1147 = CARTESIAN_POINT ( 'NONE',  ( 2.419029092849328300, 0.5990180994884172200, 1.950512974578213000 ) ) ;
#1148 = DIRECTION ( 'NONE',  ( -1.000000000000000000, 0.0000000000000000000, -2.344220913482172100E-016 ) ) ;
#1149 = DIRECTION ( 'NONE',  ( -0.0000000000000000000, -2.258754526011467700E-016, 1.000000000000000000 ) ) ;
#1150 = CARTESIAN_POINT ( 'NONE',  ( 0.7545720860282030300, 0.09999999999999996400, 2.019022118727652700 ) ) ;
#1151 = CARTESIAN_POINT ( 'NONE',  ( -1.711322751605630900, 4.500000000000000000, 0.2791601061504556700 ) ) ;
#1152 = CARTESIAN_POINT ( 'NONE',  ( 1.315732273005495400, 1.486312362522056900, 1.570291428054944900 ) ) ;
#1153 = AXIS2_PLACEMENT_3D ( 'NONE', #4806, #2454, #232 ) ;
#1154 = VERTEX_POINT ( 'NONE', #2592 ) ;
#1155 = CARTESIAN_POINT ( 'NONE',  ( -2.192869499383279100, 0.4932693072543673000, 1.951050632258500800 ) ) ;
#1156 = CARTESIAN_POINT ( 'NONE',  ( 0.1805840033249546900, 0.1000000000000000500, -2.288167332167578400 ) ) ;
#1157 = CARTESIAN_POINT ( 'NONE',  ( 1.369737594342602900, 1.109998787272264100, 1.514664959070758800 ) ) ;
#1158 = DIRECTION ( 'NONE',  ( 1.266949100621695300E-016, -0.0000000000000000000, 1.000000000000000000 ) ) ;
#1159 = DIRECTION ( 'NONE',  ( 0.3814408140374508400, -0.1769974230406578300, -0.9072898200814408800 ) ) ;
#1160 = CARTESIAN_POINT ( 'NONE',  ( -1.964294742901957900, 0.6000000000000005300, 1.949999999999998800 ) ) ;
#1161 = CARTESIAN_POINT ( 'NONE',  ( -0.4010376748766928400, 0.09999999999999990800, -2.224023859907518400 ) ) ;
#1162 = CARTESIAN_POINT ( 'NONE',  ( 1.964294742901958400, 0.4952802448803405600, 1.949999999999999100 ) ) ;
#1163 = FACE_OUTER_BOUND ( 'NONE', #1288, .T. ) ;
#1164 = ADVANCED_FACE ( 'NONE', ( #3609 ), #5203, .T. ) ;
#1165 = ADVANCED_FACE ( 'NONE', ( #4343 ), #2675, .F. ) ;
#1166 = CARTESIAN_POINT ( 'NONE',  ( 2.650000000000000400, 0.4000000000000003000, 2.045280244880339100 ) ) ;
#1167 = EDGE_CURVE ( 'NONE', #4401, #3868, #1893, .T. ) ;
#1168 = CARTESIAN_POINT ( 'NONE',  ( -1.362331900726095200, 1.155191326587447400, 1.423746122897575800 ) ) ;
#1169 = FACE_OUTER_BOUND ( 'NONE', #2378, .T. ) ;
#1170 = CARTESIAN_POINT ( 'NONE',  ( 0.8813327773738204300, 0.09999999999999990800, 1.907313707803431000 ) ) ;
#1171 = CARTESIAN_POINT ( 'NONE',  ( 2.550000000000000700, 0.1000000000000000300, 1.849999999999999900 ) ) ;
#1172 = DIRECTION ( 'NONE',  ( 1.000000000000000000, 0.0000000000000000000, 0.0000000000000000000 ) ) ;
#1173 = B_SPLINE_SURFACE_WITH_KNOTS ( 'NONE', 3, 3, ( 
 ( #3834, #1147, #695, #3357 ),
 ( #4837, #172, #4298, #5286 ),
 ( #2514, #5757, #4818, #2030 ),
 ( #2088, #2923, #646, #3871 ),
 ( #2985, #4342, #5223, #3914 ),
 ( #2941, #252, #3890, #4801 ),
 ( #712, #1577, #1191, #5240 ),
 ( #1166, #2472, #1656, #2075 ),
 ( #1609, #4860, #5202, #2451 ),
 ( #2495, #5721, #209, #5677 ) ),
 .UNSPECIFIED., .T., .F., .F.,
 ( 4, 2, 2, 2, 4 ),
 ( 4, 4 ),
 ( 0.0000000000000000000, 0.2500000000000000000, 0.5000000000000000000, 0.7500000000000000000, 1.000000000000000000 ),
 ( 0.0000000000000000000, 0.3155082430143768500 ),
 .UNSPECIFIED. ) ;
#1174 = CARTESIAN_POINT ( 'NONE',  ( -2.650000000000000400, 0.6000000000000005300, 1.949999999999998800 ) ) ;
#1175 = CARTESIAN_POINT ( 'NONE',  ( -0.9370122315488814700, 0.1000000000000000100, -1.850000891826769000 ) ) ;
#1176 = VECTOR ( 'NONE', #5650, 1000.000000000000000 ) ;
#1177 = CARTESIAN_POINT ( 'NONE',  ( -0.6696268278670667300, 0.09999999999999999200, -2.084922656516176700 ) ) ;
#1178 = VERTEX_POINT ( 'NONE', #3047 ) ;
#1179 = CARTESIAN_POINT ( 'NONE',  ( 1.493355204731819700, 1.064196913193507400, 1.696105585426021900 ) ) ;
#1180 = CARTESIAN_POINT ( 'NONE',  ( 1.228365830556954300, 1.106045179329393300, 2.030541898355622700 ) ) ;
#1181 = FACE_OUTER_BOUND ( 'NONE', #1560, .T. ) ;
#1182 = EDGE_CURVE ( 'NONE', #5242, #1210, #395, .T. ) ;
#1183 = FACE_OUTER_BOUND ( 'NONE', #4266, .T. ) ;
#1184 = CARTESIAN_POINT ( 'NONE',  ( -1.642670458277132500, 0.7033827306083000300, 1.895787742225966600 ) ) ;
#1185 = CARTESIAN_POINT ( 'NONE',  ( 1.672540930644304000, 0.6840911495788375400, 1.905938405391626000 ) ) ;
#1186 = CARTESIAN_POINT ( 'NONE',  ( 2.550000000000000700, 0.1000000000000000100, 0.8999999999999988000 ) ) ;
#1187 = VERTEX_POINT ( 'NONE', #939 ) ;
#1188 = CARTESIAN_POINT ( 'NONE',  ( -0.8010866622597906400, 0.3000000000000004900, 2.234182369566370500 ) ) ;
#1189 = LINE ( 'NONE', #2109, #5260 ) ;
#1190 = VECTOR ( 'NONE', #5299, 1000.000000000000000 ) ;
#1191 = CARTESIAN_POINT ( 'NONE',  ( 2.204606218391525400, 0.3981971687492260000, 2.255661645889050600 ) ) ;
#1192 = EDGE_CURVE ( 'NONE', #4317, #5929, #4708, .T. ) ;
#1193 = AXIS2_PLACEMENT_3D ( 'NONE', #3643, #920, #4055 ) ;
#1194 = DIRECTION ( 'NONE',  ( 0.0000000000000000000, 1.000000000000000000, -0.0000000000000000000 ) ) ;
#1195 = ORIENTED_EDGE ( 'NONE', *, *, #4003, .T. ) ;
#1196 = VERTEX_POINT ( 'NONE', #5485 ) ;
#1197 = CARTESIAN_POINT ( 'NONE',  ( 1.128302873118405500, 0.3000000000000004900, -1.936924191813835100 ) ) ;
#1198 = FACE_OUTER_BOUND ( 'NONE', #1299, .T. ) ;
#1199 = PRESENTATION_STYLE_ASSIGNMENT (( #2235 ) ) ;
#1200 = ORIENTED_EDGE ( 'NONE', *, *, #1385, .T. ) ;
#1201 = ORIENTED_EDGE ( 'NONE', *, *, #3305, .F. ) ;
#1202 = ORIENTED_EDGE ( 'NONE', *, *, #1493, .F. ) ;
#1203 = CARTESIAN_POINT ( 'NONE',  ( -1.711322751605630900, 4.399999999999999500, 0.0000000000000000000 ) ) ;
#1204 = ADVANCED_FACE ( 'NONE', ( #2620 ), #785, .T. ) ;
#1205 = CARTESIAN_POINT ( 'NONE',  ( 1.200000000000001100, 0.0000000000000000000, 1.849999999999999200 ) ) ;
#1206 = LINE ( 'NONE', #2569, #3390 ) ;
#1207 = CARTESIAN_POINT ( 'NONE',  ( 0.9370111457228608200, 0.1000000000000000100, -1.849999999999999900 ) ) ;
#1208 = CARTESIAN_POINT ( 'NONE',  ( 1.630865150940503000, 0.9751928708471479000, 1.953173396769850400 ) ) ;
#1209 = CARTESIAN_POINT ( 'NONE',  ( -1.964294742901958400, 0.6000000000000005300, 2.149999999999999000 ) ) ;
#1210 = VERTEX_POINT ( 'NONE', #4546 ) ;
#1211 = ORIENTED_EDGE ( 'NONE', *, *, #427, .T. ) ;
#1212 = CIRCLE ( 'NONE', #4613, 2.966666666666668600 ) ;
#1213 = CARTESIAN_POINT ( 'NONE',  ( 1.925000000000000300, 0.09999999999999939500, 1.849999999999999400 ) ) ;
#1214 = CARTESIAN_POINT ( 'NONE',  ( 1.817949410868546800, 0.6209064701127271500, 1.939045903244058600 ) ) ;
#1215 = EDGE_CURVE ( 'NONE', #4185, #987, #2897, .T. ) ;
#1216 = CARTESIAN_POINT ( 'NONE',  ( -0.7208416266454854600, 0.09999999999999995000, -2.045021651818321300 ) ) ;
#1217 = CARTESIAN_POINT ( 'NONE',  ( -0.9976002682295837000, 0.3000000000000004900, 2.073020162952052400 ) ) ;
#1218 = ORIENTED_EDGE ( 'NONE', *, *, #333, .F. ) ;
#1219 = ORIENTED_EDGE ( 'NONE', *, *, #5607, .T. ) ;
#1220 = CARTESIAN_POINT ( 'NONE',  ( 1.238734093192509500, 1.337748341979638100, 1.365049789071415900 ) ) ;
#1221 = ORIENTED_EDGE ( 'NONE', *, *, #2703, .T. ) ;
#1222 = DIRECTION ( 'NONE',  ( 0.0000000000000000000, 1.000000000000000000, 0.0000000000000000000 ) ) ;
#1223 = CARTESIAN_POINT ( 'NONE',  ( 1.925000000000000700, 0.1000000000000000100, -1.849999999999999900 ) ) ;
#1224 = DIRECTION ( 'NONE',  ( 8.133150102986633400E-031, 1.000000000000000000, -3.469446951953611800E-015 ) ) ;
#1225 = ORIENTED_EDGE ( 'NONE', *, *, #3296, .F. ) ;
#1226 = CARTESIAN_POINT ( 'NONE',  ( -1.925000000000000700, 10.00000000000000000, -1.849999999999999600 ) ) ;
#1227 = CARTESIAN_POINT ( 'NONE',  ( 2.550000000000001200, 0.6000000000000005300, 2.349999999999998300 ) ) ;
#1228 = CARTESIAN_POINT ( 'NONE',  ( 1.471048240902722600, 0.8288778666697921300, 2.030115157419782000 ) ) ;
#1229 = CARTESIAN_POINT ( 'NONE',  ( -2.549696006926517100, 0.6380767893493292100, 1.954486302016352100 ) ) ;
#1230 = CARTESIAN_POINT ( 'NONE',  ( 1.265901757107129800, 0.8186124525458748900, 1.800959930908917500 ) ) ;
#1231 = CARTESIAN_POINT ( 'NONE',  ( -1.721328182464051800, 0.5435201836500482800, 1.924735683547264400 ) ) ;
#1232 = CARTESIAN_POINT ( 'NONE',  ( 1.941449432120890200, 0.7049582838343851900, 1.949875392529309700 ) ) ;
#1233 = AXIS2_PLACEMENT_3D ( 'NONE', #5030, #5506, #885 ) ;
#1234 =( GEOMETRIC_REPRESENTATION_CONTEXT ( 3 ) GLOBAL_UNCERTAINTY_ASSIGNED_CONTEXT ( ( #2750 ) ) GLOBAL_UNIT_ASSIGNED_CONTEXT ( ( #2006, #123, #2381 ) ) REPRESENTATION_CONTEXT ( 'NONE', 'WORKASPACE' ) );
#1235 = ADVANCED_FACE ( 'NONE', ( #2401 ), #3679, .T. ) ;
#1236 = CARTESIAN_POINT ( 'NONE',  ( -1.711322751605630900, 4.399999999999999500, 0.0000000000000000000 ) ) ;
#1237 = VERTEX_POINT ( 'NONE', #1213 ) ;
#1238 = CARTESIAN_POINT ( 'NONE',  ( 1.964294742901958400, 0.8000000000000003800, 2.045280244880339100 ) ) ;
#1239 = CARTESIAN_POINT ( 'NONE',  ( 2.549999999999999800, -6.765421556309539000E-015, -1.849999999999999400 ) ) ;
#1240 = CARTESIAN_POINT ( 'NONE',  ( -2.549999999999999800, 0.1000000000000000100, 1.350000000000001400 ) ) ;
#1241 = DIRECTION ( 'NONE',  ( 0.9072762929542512700, 0.0000000000000000000, -0.4205350499580169400 ) ) ;
#1242 = AXIS2_PLACEMENT_3D ( 'NONE', #1939, #1445, #5135 ) ;
#1243 = FACE_OUTER_BOUND ( 'NONE', #3900, .T. ) ;
#1244 = DIRECTION ( 'NONE',  ( -0.0000000000000000000, -0.0000000000000000000, -1.000000000000000000 ) ) ;
#1245 = DIRECTION ( 'NONE',  ( -1.000000000000000000, 0.0000000000000000000, 0.0000000000000000000 ) ) ;
#1246 = CARTESIAN_POINT ( 'NONE',  ( 1.386453084144663600, 0.8439599891996635300, 1.745904524901561000 ) ) ;
#1247 = DIRECTION ( 'NONE',  ( 2.168404344971003300E-015, 3.491481338843133400E-015, 1.000000000000000000 ) ) ;
#1248 = VECTOR ( 'NONE', #2915, 1000.000000000000000 ) ;
#1249 = DIRECTION ( 'NONE',  ( -8.958683004678031100E-017, 0.7071067811865436900, -0.7071067811865513500 ) ) ;
#1250 = CARTESIAN_POINT ( 'NONE',  ( 1.724926420207006300, 0.7746552081853289600, 1.913353111167470900 ) ) ;
#1251 = DIRECTION ( 'NONE',  ( -1.000000000000000000, -0.0000000000000000000, -0.0000000000000000000 ) ) ;
#1252 = FACE_OUTER_BOUND ( 'NONE', #3453, .T. ) ;
#1253 = DIRECTION ( 'NONE',  ( -0.1039479909181870400, -0.2912649715918037000, 0.9509781971778840100 ) ) ;
#1254 = EDGE_CURVE ( 'NONE', #3661, #2010, #4122, .T. ) ;
#1255 = DIRECTION ( 'NONE',  ( -3.265262085617095000E-032, -2.409338161078890300E-016, 1.000000000000000000 ) ) ;
#1256 = CARTESIAN_POINT ( 'NONE',  ( -2.650000000000000400, 0.6545325206639456300, 2.069049940736935200 ) ) ;
#1257 = CARTESIAN_POINT ( 'NONE',  ( 2.650000000000000400, 0.5658053291988830400, 2.056693807627027100 ) ) ;
#1258 = CARTESIAN_POINT ( 'NONE',  ( 1.369737594342602900, 1.109998787272264100, 1.514664959070758800 ) ) ;
#1259 = VECTOR ( 'NONE', #5150, 1000.000000000000000 ) ;
#1260 = ORIENTED_EDGE ( 'NONE', *, *, #3462, .F. ) ;
#1261 = CARTESIAN_POINT ( 'NONE',  ( -1.133505746667597500, 2.200000000000000200, -1.496530363817980300 ) ) ;
#1262 = ADVANCED_FACE ( 'NONE', ( #4494 ), #1919, .F. ) ;
#1263 = CARTESIAN_POINT ( 'NONE',  ( -2.549999999999999800, 0.0000000000000000000, 0.0000000000000000000 ) ) ;
#1264 = DIRECTION ( 'NONE',  ( -0.7071067811865459100, 0.0000000000000000000, 0.7071067811865492400 ) ) ;
#1265 = CARTESIAN_POINT ( 'NONE',  ( 1.335797713633553500, 0.9332057960354786000, 1.652691988332295900 ) ) ;
#1266 = VERTEX_POINT ( 'NONE', #4359 ) ;
#1267 = CARTESIAN_POINT ( 'NONE',  ( 1.925000000000000700, 4.873977856002723800, -1.849999999999999900 ) ) ;
#1268 = EDGE_CURVE ( 'NONE', #5507, #4922, #3113, .T. ) ;
#1269 = VECTOR ( 'NONE', #4128, 1000.000000000000000 ) ;
#1270 = CARTESIAN_POINT ( 'NONE',  ( 1.929059320118893300, 0.7050297474763659300, 2.349838072843058800 ) ) ;
#1271 = ORIENTED_EDGE ( 'NONE', *, *, #1807, .F. ) ;
#1272 = VERTEX_POINT ( 'NONE', #1665 ) ;
#1273 = CARTESIAN_POINT ( 'NONE',  ( -0.5722612009522856100, 3.500000000000000000, 1.943736782287626700E-016 ) ) ;
#1274 = VECTOR ( 'NONE', #58, 1000.000000000000000 ) ;
#1275 = EDGE_CURVE ( 'NONE', #5575, #3518, #4188, .T. ) ;
#1276 = CARTESIAN_POINT ( 'NONE',  ( 2.449999999999999300, 4.500000000000000000, -2.047482745188188100 ) ) ;
#1277 = CARTESIAN_POINT ( 'NONE',  ( -2.650000000000000400, 0.6339518543180834300, 2.242512635526851200 ) ) ;
#1278 = DIRECTION ( 'NONE',  ( 1.869314090492249700E-017, 1.000000000000000000, 7.044195017643634300E-015 ) ) ;
#1279 = ORIENTED_EDGE ( 'NONE', *, *, #1516, .F. ) ;
#1280 = CARTESIAN_POINT ( 'NONE',  ( 2.049999999999997600, 0.1000000000000000100, 1.849999999999999400 ) ) ;
#1281 = VERTEX_POINT ( 'NONE', #5752 ) ;
#1282 = DIRECTION ( 'NONE',  ( 0.0000000000000000000, 0.0000000000000000000, 1.000000000000000000 ) ) ;
#1283 = TOROIDAL_SURFACE ( 'NONE', #5215, 3.806325207609592800, 2.966666666666668600 ) ;
#1284 = DIRECTION ( 'NONE',  ( 0.0000000000000000000, 1.000000000000000000, 0.0000000000000000000 ) ) ;
#1285 = PLANE ( 'NONE',  #1424 ) ;
#1286 = VERTEX_POINT ( 'NONE', #1648 ) ;
#1287 = CARTESIAN_POINT ( 'NONE',  ( 1.964294742901957900, 0.6000000000000004200, 2.349999999999998800 ) ) ;
#1288 = EDGE_LOOP ( 'NONE', ( #1429, #3117, #40, #2662 ) ) ;
#1289 = CARTESIAN_POINT ( 'NONE',  ( -2.650000000000000800, 0.6381427539271581400, 1.954188604137173900 ) ) ;
#1290 = CARTESIAN_POINT ( 'NONE',  ( 1.318500341999527100, 0.7949438901099510300, 2.193037994638443100 ) ) ;
#1291 = VECTOR ( 'NONE', #101, 1000.000000000000000 ) ;
#1292 = AXIS2_PLACEMENT_3D ( 'NONE', #1857, #2229, #2910 ) ;
#1293 = ORIENTED_EDGE ( 'NONE', *, *, #3672, .T. ) ;
#1294 = CARTESIAN_POINT ( 'NONE',  ( 1.664521693777649000, 0.8969284500386881500, 2.203884766438113400 ) ) ;
#1295 = EDGE_CURVE ( 'NONE', #3816, #3387, #1710, .T. ) ;
#1296 = CARTESIAN_POINT ( 'NONE',  ( -1.323227258981438200, 1.535155092623763600, 1.434747040433393700 ) ) ;
#1297 = ADVANCED_FACE ( 'NONE', ( #186 ), #771, .T. ) ;
#1298 = DIRECTION ( 'NONE',  ( -2.344220913482172100E-016, 0.0000000000000000000, -1.000000000000000000 ) ) ;
#1299 = EDGE_LOOP ( 'NONE', ( #2624, #1567, #403, #3687 ) ) ;
#1300 = CARTESIAN_POINT ( 'NONE',  ( 2.550259065416593100, 0.5804947541199472200, 2.349525609310156900 ) ) ;
#1301 = CARTESIAN_POINT ( 'NONE',  ( 2.419029092849328300, 0.5990180994884172200, 1.950512974578213000 ) ) ;
#1302 = CARTESIAN_POINT ( 'NONE',  ( -2.650000000000000400, 0.6908799918850305800, 2.112462283898979300 ) ) ;
#1303 = CARTESIAN_POINT ( 'NONE',  ( 1.214481433492048000, 4.500000000000000000, 2.620162607017971100 ) ) ;
#1304 = CARTESIAN_POINT ( 'NONE',  ( 2.550214895048588600, 0.5995634437519197200, 2.350228051543927800 ) ) ;
#1305 = EDGE_CURVE ( 'NONE', #1796, #119, #5563, .T. ) ;
#1306 = CARTESIAN_POINT ( 'NONE',  ( -1.964294742901958400, 0.4952802448803403400, 1.949999999999999100 ) ) ;
#1307 = CARTESIAN_POINT ( 'NONE',  ( 1.011703626604006000, 1.245743598126830600, 1.471774017893068700 ) ) ;
#1308 = DIRECTION ( 'NONE',  ( 1.000000000000000000, 0.0000000000000000000, 0.0000000000000000000 ) ) ;
#1309 = CARTESIAN_POINT ( 'NONE',  ( 1.616035301125626800, 0.9359807428910189600, 2.183556279275705900 ) ) ;
#1310 = CARTESIAN_POINT ( 'NONE',  ( 2.650000000000000400, 0.5611782446819372200, 2.241289482584576400 ) ) ;
#1311 =( GEOMETRIC_REPRESENTATION_CONTEXT ( 3 ) GLOBAL_UNCERTAINTY_ASSIGNED_CONTEXT ( ( #4904 ) ) GLOBAL_UNIT_ASSIGNED_CONTEXT ( ( #353, #414, #4451 ) ) REPRESENTATION_CONTEXT ( 'NONE', 'WORKASPACE' ) );
#1312 = CARTESIAN_POINT ( 'NONE',  ( -1.494898854449303800, 1.200219186521328300, 1.740394630131539600 ) ) ;
#1313 = CARTESIAN_POINT ( 'NONE',  ( 1.200000000000001100, 0.9000000000000014700, 1.849999999999999200 ) ) ;
#1314 = CARTESIAN_POINT ( 'NONE',  ( -2.650000000000000400, 0.5914035945402088500, 2.250239340220058000 ) ) ;
#1315 = DIRECTION ( 'NONE',  ( -1.000000000000000000, -0.0000000000000000000, -0.0000000000000000000 ) ) ;
#1316 =( GEOMETRIC_REPRESENTATION_CONTEXT ( 3 ) GLOBAL_UNCERTAINTY_ASSIGNED_CONTEXT ( ( #5333 ) ) GLOBAL_UNIT_ASSIGNED_CONTEXT ( ( #3777, #4218, #4737 ) ) REPRESENTATION_CONTEXT ( 'NONE', 'WORKASPACE' ) );
#1317 = AXIS2_PLACEMENT_3D ( 'NONE', #2478, #5289, #3403 ) ;
#1318 = ADVANCED_FACE ( 'NONE', ( #3242 ), #3530, .F. ) ;
#1319 = CARTESIAN_POINT ( 'NONE',  ( 2.175246257163844000, 2.200000000000000600, -4.274279060137023300 ) ) ;
#1320 = CIRCLE ( 'NONE', #4726, 2.966666666666668100 ) ;
#1321 = CARTESIAN_POINT ( 'NONE',  ( -2.188039544545142200, 0.5978516822771643400, 1.951122340735699500 ) ) ;
#1322 = CARTESIAN_POINT ( 'NONE',  ( -1.711516543093141800, 3.499999999999999600, -2.499999999999998200 ) ) ;
#1323 = DIRECTION ( 'NONE',  ( 0.0000000000000000000, 3.469446951953611800E-015, 1.000000000000000000 ) ) ;
#1324 = CARTESIAN_POINT ( 'NONE',  ( 1.964294742901958400, 0.4000000000000002400, 2.045280244880339100 ) ) ;
#1325 = DIRECTION ( 'NONE',  ( 2.990902544787601500E-016, 0.0000000000000000000, -1.000000000000000000 ) ) ;
#1326 = ORIENTED_EDGE ( 'NONE', *, *, #1385, .F. ) ;
#1327 = LINE ( 'NONE', #1784, #3814 ) ;
#1328 = CARTESIAN_POINT ( 'NONE',  ( -1.576749219766256300, 0.9798301502660553600, 2.160525809809401100 ) ) ;
#1329 = VECTOR ( 'NONE', #134, 1000.000000000000000 ) ;
#1330 = DIRECTION ( 'NONE',  ( -1.000000000000000000, 0.0000000000000000000, 8.972707634362790400E-016 ) ) ;
#1331 = ORIENTED_EDGE ( 'NONE', *, *, #729, .T. ) ;
#1332 = CARTESIAN_POINT ( 'NONE',  ( -1.925000000000000700, -6.765421556309526400E-015, -1.849999999999999400 ) ) ;
#1333 = CARTESIAN_POINT ( 'NONE',  ( 1.711516543093141800, 3.499999999999999600, -2.499999999999998700 ) ) ;
#1334 = CARTESIAN_POINT ( 'NONE',  ( 1.086490818154277400, 0.3000000000000004900, -1.983307596894463300 ) ) ;
#1335 = CARTESIAN_POINT ( 'NONE',  ( 2.649999999999978200, 0.3993717568828277800, 2.172248115414167700 ) ) ;
#1336 = LINE ( 'NONE', #4884, #5324 ) ;
#1337 = CARTESIAN_POINT ( 'NONE',  ( -2.650000000000000400, 0.5899668104304465200, 2.050223115153869500 ) ) ;
#1338 = VECTOR ( 'NONE', #894, 1000.000000000000000 ) ;
#1339 = VERTEX_POINT ( 'NONE', #5894 ) ;
#1340 = VERTEX_POINT ( 'NONE', #5911 ) ;
#1341 = DIRECTION ( 'NONE',  ( 0.0000000000000000000, 0.0000000000000000000, 1.000000000000000000 ) ) ;
#1342 = FACE_OUTER_BOUND ( 'NONE', #5566, .T. ) ;
#1343 = CARTESIAN_POINT ( 'NONE',  ( -2.650000000000002600, 0.5122020076634640200, 2.195763583469911400 ) ) ;
#1344 = CIRCLE ( 'NONE', #1920, 1.139658540942923800 ) ;
#1345 = CARTESIAN_POINT ( 'NONE',  ( 2.550297732634555700, 0.5615536664345700500, 2.346074376379375400 ) ) ;
#1346 = AXIS2_PLACEMENT_3D ( 'NONE', #2789, #3254, #596 ) ;
#1347 = EDGE_LOOP ( 'NONE', ( #3521, #5509, #3083, #3880, #5643 ) ) ;
#1348 = EDGE_CURVE ( 'NONE', #3913, #1859, #3969, .T. ) ;
#1349 = ORIENTED_EDGE ( 'NONE', *, *, #2456, .F. ) ;
#1350 = CIRCLE ( 'NONE', #5691, 0.09999999999999986700 ) ;
#1351 = CARTESIAN_POINT ( 'NONE',  ( 1.506142630275728100, 0.5444341867448128100, 1.969564026961800900 ) ) ;
#1352 = CARTESIAN_POINT ( 'NONE',  ( 1.925000000000000300, 10.00000000000000000, 1.849999999999999400 ) ) ;
#1353 = ADVANCED_FACE ( 'NONE', ( #603 ), #4723, .F. ) ;
#1354 = ORIENTED_EDGE ( 'NONE', *, *, #290, .F. ) ;
#1355 = ORIENTED_EDGE ( 'NONE', *, *, #5066, .F. ) ;
#1356 = CARTESIAN_POINT ( 'NONE',  ( -1.367281466543723000, 1.187878130681741000, 1.333198689089988100 ) ) ;
#1357 = AXIS2_PLACEMENT_3D ( 'NONE', #4440, #1308, #2195 ) ;
#1358 = FACE_OUTER_BOUND ( 'NONE', #1415, .T. ) ;
#1359 = CARTESIAN_POINT ( 'NONE',  ( 2.650000000000000400, 0.4952802448803405600, 2.349999999999999200 ) ) ;
#1360 = CARTESIAN_POINT ( 'NONE',  ( 2.549696006926525100, 0.6380767893437870900, 1.954486302015123100 ) ) ;
#1361 = CARTESIAN_POINT ( 'NONE',  ( 0.9976002682295841400, 0.3000000000000004900, -2.073020162952051000 ) ) ;
#1362 = VERTEX_POINT ( 'NONE', #5373 ) ;
#1363 = CARTESIAN_POINT ( 'NONE',  ( 1.452935328689656700, 1.361732251601902100, 1.452846461045340200 ) ) ;
#1364 = CARTESIAN_POINT ( 'NONE',  ( 0.8913405406512150400, 0.3000000000000004300, 2.165730665098321200 ) ) ;
#1365 = EDGE_LOOP ( 'NONE', ( #2057, #2319, #1440, #2598 ) ) ;
#1366 = CARTESIAN_POINT ( 'NONE',  ( 2.649999999999995000, 0.7835451674383697700, 2.243647390163173000 ) ) ;
#1367 = DIRECTION ( 'NONE',  ( 0.0000000000000000000, -3.491481338843133400E-015, -1.000000000000000000 ) ) ;
#1368 = CARTESIAN_POINT ( 'NONE',  ( 1.935255410416176500, 0.6002742510206357000, 1.949856722103164400 ) ) ;
#1369 = EDGE_CURVE ( 'NONE', #3170, #2666, #3382, .T. ) ;
#1370 = CARTESIAN_POINT ( 'NONE',  ( 1.925000000000000500, 10.00000000000000000, -1.950000000000000000 ) ) ;
#1371 = CARTESIAN_POINT ( 'NONE',  ( -1.469904581277675600, 1.261210354463544700, 1.653877871640204900 ) ) ;
#1372 = CARTESIAN_POINT ( 'NONE',  ( -1.238734093192509500, 1.337748341979638100, 1.365049789071415900 ) ) ;
#1373 = DIRECTION ( 'NONE',  ( 0.0000000000000000000, 1.000000000000000000, 0.0000000000000000000 ) ) ;
#1374 = CARTESIAN_POINT ( 'NONE',  ( 2.550441132218559800, 0.4686623638977274200, 2.304289346160212700 ) ) ;
#1375 = CARTESIAN_POINT ( 'NONE',  ( 1.918972545041629500, 0.7069665597500201000, 1.948824056120724600 ) ) ;
#1376 = CARTESIAN_POINT ( 'NONE',  ( 1.414576459182686600, 0.9987013546144929400, 1.674398786879159000 ) ) ;
#1377 = ADVANCED_FACE ( 'NONE', ( #4416 ), #4626, .T. ) ;
#1378 = EDGE_CURVE ( 'NONE', #4394, #1722, #4333, .T. ) ;
#1379 = CARTESIAN_POINT ( 'NONE',  ( -1.964294742901957900, 0.4000000000000000200, 2.254719755119658900 ) ) ;
#1380 = CARTESIAN_POINT ( 'NONE',  ( -0.5482316942690782500, 0.3000000000000004900, 2.379450058992061700 ) ) ;
#1381 = DIRECTION ( 'NONE',  ( -1.266949100621695300E-016, 0.0000000000000000000, -1.000000000000000000 ) ) ;
#1382 = CARTESIAN_POINT ( 'NONE',  ( 2.650000000000002100, 0.5999999999999999800, 0.8999999999999990200 ) ) ;
#1383 = LINE ( 'NONE', #1027, #289 ) ;
#1384 = DIRECTION ( 'NONE',  ( 0.3511484866841287400, 0.0000000000000000000, -0.9363197852760809500 ) ) ;
#1385 = EDGE_CURVE ( 'NONE', #4045, #5789, #5714, .T. ) ;
#1386 = CARTESIAN_POINT ( 'NONE',  ( -1.471019814190938300, 0.9336108124458970500, 2.230108248233697600 ) ) ;
#1387 = CARTESIAN_POINT ( 'NONE',  ( 1.394760078095233200, 0.8642773512779241600, 2.211573121436070100 ) ) ;
#1388 = CIRCLE ( 'NONE', #4611, 0.1000000000000000500 ) ;
#1389 = CARTESIAN_POINT ( 'NONE',  ( -1.446763976968775500, 1.250152294252233600, 1.360959924661346900 ) ) ;
#1390 = DIRECTION ( 'NONE',  ( 0.0000000000000000000, 2.258754526011467700E-016, -1.000000000000000000 ) ) ;
#1391 = CARTESIAN_POINT ( 'NONE',  ( 1.964294742901957900, 0.4000000000000000200, 2.254719755119658900 ) ) ;
#1392 = DIRECTION ( 'NONE',  ( 0.0000000000000000000, 1.000000000000000000, 0.0000000000000000000 ) ) ;
#1393 = CARTESIAN_POINT ( 'NONE',  ( 1.871647286543802300, 0.7151614451669751100, 1.944529759471779900 ) ) ;
#1394 = FACE_OUTER_BOUND ( 'NONE', #4433, .T. ) ;
#1395 = AXIS2_PLACEMENT_3D ( 'NONE', #4625, #5083, #43 ) ;
#1396 = CARTESIAN_POINT ( 'NONE',  ( 1.387018782962577100, 1.271757484768597300, 1.914805355431013200 ) ) ;
#1397 = CARTESIAN_POINT ( 'NONE',  ( -0.08840193671266061100, 0.1000000000000000100, 2.300105448598154000 ) ) ;
#1398 = VECTOR ( 'NONE', #2673, 1000.000000000000000 ) ;
#1399 = CARTESIAN_POINT ( 'NONE',  ( 0.5490880146518070100, 0.3000000000000004900, 2.379054303244444700 ) ) ;
#1400 = CARTESIAN_POINT ( 'NONE',  ( 1.701891461034745100, 4.443653176660428800, -2.456346823339568400 ) ) ;
#1401 = EDGE_CURVE ( 'NONE', #1622, #388, #3171, .T. ) ;
#1402 = ORIENTED_EDGE ( 'NONE', *, *, #208, .F. ) ;
#1403 = CARTESIAN_POINT ( 'NONE',  ( -3.738628180984511500E-018, 2.168404344971008900E-016, 1.849999999999999200 ) ) ;
#1404 = CIRCLE ( 'NONE', #1731, 2.966666666666668100 ) ;
#1405 = DIRECTION ( 'NONE',  ( 0.0000000000000000000, 1.000000000000000000, -0.0000000000000000000 ) ) ;
#1406 = CARTESIAN_POINT ( 'NONE',  ( -1.925000000000000300, 0.6000000000000002000, 1.849999999999999400 ) ) ;
#1407 = VERTEX_POINT ( 'NONE', #5461 ) ;
#1408 = DIRECTION ( 'NONE',  ( 0.0000000000000000000, 1.000000000000000000, 0.0000000000000000000 ) ) ;
#1409 = ADVANCED_FACE ( 'NONE', ( #5340 ), #36, .F. ) ;
#1410 = DIRECTION ( 'NONE',  ( -1.000000000000000000, 0.0000000000000000000, 0.0000000000000000000 ) ) ;
#1411 = CARTESIAN_POINT ( 'NONE',  ( -2.550000000000002500, 0.6000000000000008700, -0.9000000000000009100 ) ) ;
#1412 = CARTESIAN_POINT ( 'NONE',  ( 0.7208479425667370100, 0.3000000000000004900, -2.287232448493035500 ) ) ;
#1413 = EDGE_LOOP ( 'NONE', ( #234, #5145, #2349, #1781 ) ) ;
#1414 = CARTESIAN_POINT ( 'NONE',  ( -1.672540930644304000, 0.6840911495788375400, 1.905938405391626000 ) ) ;
#1415 = EDGE_LOOP ( 'NONE', ( #670, #3581, #1869, #1864 ) ) ;
#1416 = FACE_OUTER_BOUND ( 'NONE', #4053, .T. ) ;
#1417 = CARTESIAN_POINT ( 'NONE',  ( 1.464350960922946400, 0.9109885594081055200, 1.766035075666145400 ) ) ;
#1418 = ORIENTED_EDGE ( 'NONE', *, *, #3189, .T. ) ;
#1419 = ORIENTED_EDGE ( 'NONE', *, *, #2889, .F. ) ;
#1420 = CARTESIAN_POINT ( 'NONE',  ( -0.8095102802200407900, 0.1000000000000000100, 1.974041380384293300 ) ) ;
#1421 = CARTESIAN_POINT ( 'NONE',  ( 0.8016684245834667700, 0.3000000000000004900, 2.233781694231752100 ) ) ;
#1422 = CARTESIAN_POINT ( 'NONE',  ( 1.925000000000000300, 0.0000000000000000000, 1.849999999999999400 ) ) ;
#1423 = FACE_OUTER_BOUND ( 'NONE', #1053, .T. ) ;
#1424 = AXIS2_PLACEMENT_3D ( 'NONE', #819, #4064, #1341 ) ;
#1425 = AXIS2_PLACEMENT_3D ( 'NONE', #2316, #5034, #5049 ) ;
#1426 = CARTESIAN_POINT ( 'NONE',  ( -1.200000000000001300, 0.9000000000000001300, 1.849999999999999200 ) ) ;
#1427 = B_SPLINE_CURVE_WITH_KNOTS ( 'NONE', 3,
 ( #1624, #2995, #4827, #1140 ),
 .UNSPECIFIED., .F., .F.,
 ( 4, 4 ),
 ( 0.04564224151249921700, 0.3155082430143768500 ),
 .UNSPECIFIED. ) ;
#1428 = ORIENTED_EDGE ( 'NONE', *, *, #3418, .T. ) ;
#1429 = ORIENTED_EDGE ( 'NONE', *, *, #2703, .F. ) ;
#1430 = DIRECTION ( 'NONE',  ( 0.0000000000000000000, 0.0000000000000000000, 1.000000000000000000 ) ) ;
#1431 = CARTESIAN_POINT ( 'NONE',  ( -1.214481433492045500, 4.500000000000000000, 2.620162607017972000 ) ) ;
#1432 = LINE ( 'NONE', #5600, #1501 ) ;
#1433 = CARTESIAN_POINT ( 'NONE',  ( 0.8386609206840857100, 0.9000000000000001300, -1.849999999999998500 ) ) ;
#1434 = CARTESIAN_POINT ( 'NONE',  ( -1.067464453049743500, 1.060452662727641600, 1.783318852550419800 ) ) ;
#1435 = EDGE_LOOP ( 'NONE', ( #1640, #4652, #3240, #4785 ) ) ;
#1436 = AXIS2_PLACEMENT_3D ( 'NONE', #1975, #138, #2004 ) ;
#1437 = CARTESIAN_POINT ( 'NONE',  ( -1.547336403710214000, 0.7934783820616612100, 1.848657193403494300 ) ) ;
#1438 = CARTESIAN_POINT ( 'NONE',  ( -1.792927004375793700, 0.8400616080810119300, 2.024309380075333600 ) ) ;
#1439 = CARTESIAN_POINT ( 'NONE',  ( 1.935255410416176500, 0.6002742510206357000, 1.949856722103164400 ) ) ;
#1440 = ORIENTED_EDGE ( 'NONE', *, *, #1950, .F. ) ;
#1441 = CARTESIAN_POINT ( 'NONE',  ( 1.580610153352663100, 0.9199653586412918100, 1.832846802555592200 ) ) ;
#1442 = PLANE ( 'NONE',  #344 ) ;
#1443 = CARTESIAN_POINT ( 'NONE',  ( 2.549584968695558300, 0.6926672953821458900, 1.966582937096968700 ) ) ;
#1444 = CLOSED_SHELL ( 'NONE', ( #2567, #4398, #3356, #5676, #574, #4835, #1164, #701, #5014, #218, #5917, #3912, #5645, #3032, #2504, #251, #873, #2015, #5326, #2974, #2152, #5360, #1772, #2622, #5746, #306, #4950 ) ) ;
#1445 = DIRECTION ( 'NONE',  ( 0.0000000000000000000, -2.258754526011467700E-016, 1.000000000000000000 ) ) ;
#1446 = CARTESIAN_POINT ( 'NONE',  ( 1.238850292672835300, 3.500000000000000000, -1.777426299400804500 ) ) ;
#1447 = DIRECTION ( 'NONE',  ( -0.2973631855519385200, 0.7071067811865433500, 0.6415412191577478700 ) ) ;
#1448 = ORIENTED_EDGE ( 'NONE', *, *, #3529, .F. ) ;
#1449 = CARTESIAN_POINT ( 'NONE',  ( -0.8386609206840866000, 2.200000000000000200, -0.7103414590570742400 ) ) ;
#1450 = SURFACE_STYLE_USAGE ( .BOTH. , #4166 ) ;
#1451 = CARTESIAN_POINT ( 'NONE',  ( -1.944133680021654900, 0.8002199437977455300, 2.045165354712860300 ) ) ;
#1452 = CARTESIAN_POINT ( 'NONE',  ( -1.856962842768697500, 0.8120393917084345300, 2.248412592213129700 ) ) ;
#1453 = CARTESIAN_POINT ( 'NONE',  ( 1.583772780796062900, 0.4848960362238711200, 2.210265556372986900 ) ) ;
#1454 = CARTESIAN_POINT ( 'NONE',  ( 1.189669230266347000, 1.549892716848031400, 1.424662124624202600 ) ) ;
#1455 = EDGE_CURVE ( 'NONE', #3768, #2306, #5194, .T. ) ;
#1456 = CARTESIAN_POINT ( 'NONE',  ( -0.05622449265818459100, 0.09999999999999997800, 2.298903262998561700 ) ) ;
#1457 = CARTESIAN_POINT ( 'NONE',  ( 1.925000000000000300, 10.00000000000000000, 1.849999999999999400 ) ) ;
#1458 = CARTESIAN_POINT ( 'NONE',  ( 0.8386609206840858200, 0.9000000000000001300, 1.849999999999999400 ) ) ;
#1459 = FACE_OUTER_BOUND ( 'NONE', #1559, .T. ) ;
#1460 = DIRECTION ( 'NONE',  ( 0.0000000000000000000, 1.000000000000000000, 0.0000000000000000000 ) ) ;
#1461 = CARTESIAN_POINT ( 'NONE',  ( -1.241990378884432600, 0.8967755951296955100, 2.131874629936777700 ) ) ;
#1462 = DIRECTION ( 'NONE',  ( 0.3511484866841277400, 0.0000000000000000000, 0.9363197852760814000 ) ) ;
#1463 = CARTESIAN_POINT ( 'NONE',  ( -1.215473684401278600, 0.8081423120439356100, 2.033749150732980600 ) ) ;
#1464 = VECTOR ( 'NONE', #499, 1000.000000000000000 ) ;
#1465 = EDGE_LOOP ( 'NONE', ( #1225, #5206, #831, #2458 ) ) ;
#1466 = CARTESIAN_POINT ( 'NONE',  ( -1.798141017758766000, 0.7384889322378975800, 1.932315363846021800 ) ) ;
#1467 = CARTESIAN_POINT ( 'NONE',  ( -1.686295240437943200, 0.9096707521881816100, 1.987895298707573300 ) ) ;
#1468 = CARTESIAN_POINT ( 'NONE',  ( 1.547507484727732800, 0.5178828803889213800, 1.983518384317257000 ) ) ;
#1469 = CARTESIAN_POINT ( 'NONE',  ( -1.925000000000000300, 0.09999999999999939500, 1.849999999999999400 ) ) ;
#1470 = AXIS2_PLACEMENT_3D ( 'NONE', #5747, #2077, #2052 ) ;
#1471 = ORIENTED_EDGE ( 'NONE', *, *, #5962, .F. ) ;
#1472 = CARTESIAN_POINT ( 'NONE',  ( 1.248064453699956600, 0.7623603755913149800, 2.064636927226309600 ) ) ;
#1473 = VECTOR ( 'NONE', #2320, 1000.000000000000000 ) ;
#1474 = CARTESIAN_POINT ( 'NONE',  ( -0.6627858300964079000, 0.09999999999999990800, 2.086592465416924100 ) ) ;
#1475 = LINE ( 'NONE', #1718, #2951 ) ;
#1476 = DIRECTION ( 'NONE',  ( 0.0000000000000000000, 0.0000000000000000000, -1.000000000000000000 ) ) ;
#1477 = CARTESIAN_POINT ( 'NONE',  ( -1.925000000000000500, 0.09999999999999939500, 1.950000000000000000 ) ) ;
#1478 = EDGE_CURVE ( 'NONE', #3161, #5958, #4925, .T. ) ;
#1479 = CLOSED_SHELL ( 'NONE', ( #3125, #4497, #1204, #3819, #3505, #1654, #789, #3542, #3030, #762 ) ) ;
#1480 = ORIENTED_EDGE ( 'NONE', *, *, #1996, .F. ) ;
#1481 = VECTOR ( 'NONE', #4523, 999.9999999999998900 ) ;
#1482 = CARTESIAN_POINT ( 'NONE',  ( -2.549999999999999800, 0.1000000000000000100, 1.350000000000001200 ) ) ;
#1483 = DIRECTION ( 'NONE',  ( 0.6444347552184380700, -0.6444347552184437300, -0.4115916575115393700 ) ) ;
#1484 = CIRCLE ( 'NONE', #5520, 0.09999999999999982500 ) ;
#1485 = DIRECTION ( 'NONE',  ( -1.000000000000000000, -4.336808689942016900E-015, -1.012231246541414200E-030 ) ) ;
#1486 = ORIENTED_EDGE ( 'NONE', *, *, #5476, .T. ) ;
#1487 = VECTOR ( 'NONE', #3391, 1000.000000000000000 ) ;
#1488 = CARTESIAN_POINT ( 'NONE',  ( -1.642670458277132500, 0.7033827306083000300, 1.895787742225966600 ) ) ;
#1489 = CARTESIAN_POINT ( 'NONE',  ( -1.829065643959407100, 0.8193890335387472600, 2.244560289732062700 ) ) ;
#1490 = CARTESIAN_POINT ( 'NONE',  ( 0.8807518509854007600, 0.09999999999999996400, -1.907888774988919300 ) ) ;
#1491 = CARTESIAN_POINT ( 'NONE',  ( 1.829065643959407100, 0.8193890335387472600, 2.244560289732062700 ) ) ;
#1492 = ORIENTED_EDGE ( 'NONE', *, *, #3376, .F. ) ;
#1493 = EDGE_CURVE ( 'NONE', #3922, #2562, #5193, .T. ) ;
#1494 = ORIENTED_EDGE ( 'NONE', *, *, #3061, .T. ) ;
#1495 = CARTESIAN_POINT ( 'NONE',  ( 1.711516543093141800, 4.399999999999998600, -2.499999999999998700 ) ) ;
#1496 = LINE ( 'NONE', #5020, #5578 ) ;
#1497 = VERTEX_POINT ( 'NONE', #5950 ) ;
#1498 = EDGE_CURVE ( 'NONE', #1708, #407, #2747, .T. ) ;
#1499 = AXIS2_PLACEMENT_3D ( 'NONE', #4424, #4888, #4906 ) ;
#1500 = PLANE ( 'NONE',  #5647 ) ;
#1501 = VECTOR ( 'NONE', #4288, 1000.000000000000000 ) ;
#1502 = B_SPLINE_CURVE_WITH_KNOTS ( 'NONE', 3,
 ( #5029, #2308, #3734, #4205, #4222, #139, #5172, #558, #1955, #4741, #3331, #1521 ),
 .UNSPECIFIED., .F., .F.,
 ( 4, 2, 2, 2, 2, 4 ),
 ( 0.3155082430143768500, 0.3641475987153899300, 0.4142491139411944000, 0.4650707556951786400, 0.5244402834339316800, 0.5819328839176166600 ),
 .UNSPECIFIED. ) ;
#1503 = CARTESIAN_POINT ( 'NONE',  ( -1.200000000000000200, 0.9000000000000014700, -1.849999999999999600 ) ) ;
#1504 = ADVANCED_FACE ( 'NONE', ( #900 ), #2762, .F. ) ;
#1505 = CARTESIAN_POINT ( 'NONE',  ( 2.650000000000000400, 0.6742607388364996200, 2.213181414713183000 ) ) ;
#1506 = ORIENTED_EDGE ( 'NONE', *, *, #3990, .F. ) ;
#1507 = CARTESIAN_POINT ( 'NONE',  ( -1.177909463667248900, 0.9935777090415971500, 2.053927978330177200 ) ) ;
#1508 = CARTESIAN_POINT ( 'NONE',  ( -1.113665841611641600, 1.359515423502013300, 1.696738400447306900 ) ) ;
#1509 = CARTESIAN_POINT ( 'NONE',  ( 1.935255410416176500, 0.6002742510206357000, 1.949856722103164400 ) ) ;
#1510 = EDGE_LOOP ( 'NONE', ( #806, #4563, #4728, #1200 ) ) ;
#1511 = CARTESIAN_POINT ( 'NONE',  ( -1.774289244641455500, 0.7487827314856921900, 1.926933023678934600 ) ) ;
#1512 = DIRECTION ( 'NONE',  ( -1.000000000000000000, 0.0000000000000000000, 0.0000000000000000000 ) ) ;
#1513 = CARTESIAN_POINT ( 'NONE',  ( 0.2251463180908890300, 0.09999999999999996400, -2.276635061742661800 ) ) ;
#1514 = CARTESIAN_POINT ( 'NONE',  ( 1.823829732508358100, 0.7203636813709775000, 2.341804783407915600 ) ) ;
#1515 = FILL_AREA_STYLE_COLOUR ( '', #3015 ) ;
#1516 = EDGE_CURVE ( 'NONE', #1576, #4394, #2888, .T. ) ;
#1517 = CARTESIAN_POINT ( 'NONE',  ( -2.649999999999999500, 0.1000000000000000100, -1.849999999999999200 ) ) ;
#1518 = CARTESIAN_POINT ( 'NONE',  ( -0.9960490097933698600, 0.09999999999999995000, 1.783969455802269200 ) ) ;
#1519 = PRODUCT_CONTEXT ( 'NONE', #1579, 'mechanical' ) ;
#1520 = DIRECTION ( 'NONE',  ( 1.000000000000000000, 0.0000000000000000000, 0.0000000000000000000 ) ) ;
#1521 = CARTESIAN_POINT ( 'NONE',  ( -1.394760078095233200, 0.8642773512779241600, 2.211573121436070100 ) ) ;
#1522 = CARTESIAN_POINT ( 'NONE',  ( -1.299057352204885400, 1.018088887156934500, 1.537038360328204500 ) ) ;
#1523 = FACE_OUTER_BOUND ( 'NONE', #2813, .T. ) ;
#1524 = CARTESIAN_POINT ( 'NONE',  ( 2.550000000000000700, 0.1000000000000000100, 1.349999999999998100 ) ) ;
#1525 = CARTESIAN_POINT ( 'NONE',  ( -1.964294742901958400, 0.4000000000000002400, 2.045280244880339100 ) ) ;
#1526 = CARTESIAN_POINT ( 'NONE',  ( -1.388535711018647800, 0.7166282703304199800, 2.234123213686079800 ) ) ;
#1527 = CARTESIAN_POINT ( 'NONE',  ( -0.1682388325769525500, 0.3000000000000004900, -2.489290043678990200 ) ) ;
#1528 = CARTESIAN_POINT ( 'NONE',  ( 1.664521693777649000, 0.8969284500386881500, 2.203884766438113400 ) ) ;
#1529 = CYLINDRICAL_SURFACE ( 'NONE', #1242, 0.09999999999999989500 ) ;
#1530 =( BOUNDED_CURVE ( )  B_SPLINE_CURVE ( 3, ( #1426, #5085, #2347, #996 ),
 .UNSPECIFIED., .F., .F. ) 
 B_SPLINE_CURVE_WITH_KNOTS ( ( 4, 4 ),
 ( 2.403866685136544200, 3.879318622043042000 ),
 .UNSPECIFIED. ) 
 CURVE ( )  GEOMETRIC_REPRESENTATION_ITEM ( )  RATIONAL_B_SPLINE_CURVE ( ( 1.000000000000000000, 0.8266666666666666600, 0.8266666666666666600, 1.000000000000000000 ) ) 
 REPRESENTATION_ITEM ( '' )  );
#1531 = ADVANCED_FACE ( 'NONE', ( #4181 ), #207, .T. ) ;
#1532 = CARTESIAN_POINT ( 'NONE',  ( -2.549999999999999800, 0.9000000000000014700, -1.349999999999999200 ) ) ;
#1533 = AXIS2_PLACEMENT_3D ( 'NONE', #5408, #4016, #2167 ) ;
#1534 = AXIS2_PLACEMENT_3D ( 'NONE', #1372, #4527, #367 ) ;
#1535 = VECTOR ( 'NONE', #5378, 1000.000000000000000 ) ;
#1536 = CARTESIAN_POINT ( 'NONE',  ( 0.3474255402395950400, 0.09999999999999995000, 2.243222223144080400 ) ) ;
#1537 = DIRECTION ( 'NONE',  ( 0.0000000000000000000, 0.0000000000000000000, -1.000000000000000000 ) ) ;
#1538 =( NAMED_UNIT ( * ) PLANE_ANGLE_UNIT ( ) SI_UNIT ( $, .RADIAN. ) );
#1539 = SURFACE_SIDE_STYLE ('',( #4027 ) ) ;
#1540 = AXIS2_PLACEMENT_3D ( 'NONE', #2457, #4265, #2424 ) ;
#1541 = CARTESIAN_POINT ( 'NONE',  ( -1.547336403710213100, 0.7934783820616608800, 1.848657193403494300 ) ) ;
#1542 = ORIENTED_EDGE ( 'NONE', *, *, #5799, .T. ) ;
#1543 = CARTESIAN_POINT ( 'NONE',  ( -1.228365830556954300, 1.106045179329393300, 2.030541898355622700 ) ) ;
#1544 = VECTOR ( 'NONE', #4894, 1000.000000000000000 ) ;
#1545 = CARTESIAN_POINT ( 'NONE',  ( -1.563449728602188900, 1.074642731195210000, 1.877852970781221900 ) ) ;
#1546 = CARTESIAN_POINT ( 'NONE',  ( -1.627860938368617800, 0.4658460533205753300, 2.220233682012041900 ) ) ;
#1547 = CARTESIAN_POINT ( 'NONE',  ( -1.731329225375720000, 0.5280373329482034300, 2.332838338569255900 ) ) ;
#1548 = CARTESIAN_POINT ( 'NONE',  ( -0.8913405406512131500, 0.3000000000000004300, -2.165730665098323000 ) ) ;
#1549 = ORIENTED_EDGE ( 'NONE', *, *, #5093, .F. ) ;
#1550 = DIRECTION ( 'NONE',  ( 0.0000000000000000000, 1.000000000000000000, 0.0000000000000000000 ) ) ;
#1551 = CIRCLE ( 'NONE', #64, 2.966666666666668600 ) ;
#1552 = CIRCLE ( 'NONE', #2516, 2.966666666666668600 ) ;
#1553 = ORIENTED_EDGE ( 'NONE', *, *, #2420, .F. ) ;
#1554 = ORIENTED_EDGE ( 'NONE', *, *, #4984, .T. ) ;
#1555 = CARTESIAN_POINT ( 'NONE',  ( 1.115889756882446200, 0.09999999999999993600, 1.627216123825334000 ) ) ;
#1556 = CARTESIAN_POINT ( 'NONE',  ( -2.549999999999999800, 0.1000000000000000100, -1.349999999999999200 ) ) ;
#1557 = CIRCLE ( 'NONE', #4335, 0.2791601061504556700 ) ;
#1558 = EDGE_CURVE ( 'NONE', #4045, #2010, #3464, .T. ) ;
#1559 = EDGE_LOOP ( 'NONE', ( #5192, #1002, #2391, #5278, #5251, #2129, #87 ) ) ;
#1560 = EDGE_LOOP ( 'NONE', ( #4339, #4707, #3463, #4552 ) ) ;
#1561 = ORIENTED_EDGE ( 'NONE', *, *, #3116, .F. ) ;
#1562 = CARTESIAN_POINT ( 'NONE',  ( -1.964294742901958400, 0.8000000000000003800, 2.045280244880339100 ) ) ;
#1563 = ADVANCED_FACE ( 'NONE', ( #4782 ), #2054, .F. ) ;
#1564 = CARTESIAN_POINT ( 'NONE',  ( -2.550000000000000700, 0.1000000000000000300, 1.849999999999999900 ) ) ;
#1565 = VECTOR ( 'NONE', #4926, 1000.000000000000000 ) ;
#1566 = CARTESIAN_POINT ( 'NONE',  ( 2.549754449861621400, 0.7878981885597856600, 2.266120709846359800 ) ) ;
#1567 = ORIENTED_EDGE ( 'NONE', *, *, #2759, .F. ) ;
#1568 = CARTESIAN_POINT ( 'NONE',  ( 1.906425996537373800, 0.6028488112221462900, 1.948508730989112000 ) ) ;
#1569 = VERTEX_POINT ( 'NONE', #2767 ) ;
#1570 = ORIENTED_EDGE ( 'NONE', *, *, #2273, .F. ) ;
#1571 = ORIENTED_EDGE ( 'NONE', *, *, #1822, .T. ) ;
#1572 = CARTESIAN_POINT ( 'NONE',  ( -1.964294742901957900, 0.7047197551196603400, 2.349999999999998800 ) ) ;
#1573 = CARTESIAN_POINT ( 'NONE',  ( -1.429618400002719200, 0.6060190673058543100, 1.937429192686702900 ) ) ;
#1574 = CARTESIAN_POINT ( 'NONE',  ( -0.2664051104234102500, 0.3000000000000004900, -2.472396471625050800 ) ) ;
#1575 = EDGE_CURVE ( 'NONE', #4484, #1834, #753, .T. ) ;
#1576 = VERTEX_POINT ( 'NONE', #2512 ) ;
#1577 = CARTESIAN_POINT ( 'NONE',  ( 2.427289628803702000, 0.3989372771355708700, 2.255274975613067700 ) ) ;
#1578 = PLANE ( 'NONE',  #2711 ) ;
#1579 = APPLICATION_CONTEXT ( 'automotive_design' ) ;
#1580 = CARTESIAN_POINT ( 'NONE',  ( 1.547336403710213100, 0.7934783820616608800, 1.848657193403494300 ) ) ;
#1581 = EDGE_CURVE ( 'NONE', #3534, #2954, #5640, .T. ) ;
#1582 = ORIENTED_EDGE ( 'NONE', *, *, #1066, .F. ) ;
#1583 = AXIS2_PLACEMENT_3D ( 'NONE', #1095, #2838, #1987 ) ;
#1584 = CARTESIAN_POINT ( 'NONE',  ( -2.426244103861252600, 0.4942277222027821600, 2.350549855106533600 ) ) ;
#1585 = CARTESIAN_POINT ( 'NONE',  ( 2.550000000000000700, 0.6000000000000005300, 2.149999999999999000 ) ) ;
#1586 = CARTESIAN_POINT ( 'NONE',  ( 1.316493186676005700, 1.513460607632466100, 1.503147923560944600 ) ) ;
#1587 = CARTESIAN_POINT ( 'NONE',  ( -1.711516543093141200, 3.499999999999999600, 2.499999999999999100 ) ) ;
#1588 = AXIS2_PLACEMENT_3D ( 'NONE', #2637, #4969, #1719 ) ;
#1589 = CARTESIAN_POINT ( 'NONE',  ( -1.749072755408382900, 0.4303274523388142500, 2.029391413141012500 ) ) ;
#1590 = CARTESIAN_POINT ( 'NONE',  ( -0.4405926686352932800, 0.09999999999999997800, -2.208249803347180700 ) ) ;
#1591 = CARTESIAN_POINT ( 'NONE',  ( 1.847750251907291500, 0.6130413872200688500, 1.943168051463058000 ) ) ;
#1592 = ADVANCED_FACE ( 'NONE', ( #1416 ), #3435, .T. ) ;
#1593 = CARTESIAN_POINT ( 'NONE',  ( 2.550000000000000700, 3.499999999999999600, 2.111351376446604100 ) ) ;
#1594 = EDGE_CURVE ( 'NONE', #4483, #2969, #1988, .T. ) ;
#1595 = CARTESIAN_POINT ( 'NONE',  ( 1.200000000000000600, 0.9000000000000001300, -1.849999999999999900 ) ) ;
#1596 = CARTESIAN_POINT ( 'NONE',  ( 1.022922748198152000, 1.178183982903133300, 1.607327294999090000 ) ) ;
#1597 = VECTOR ( 'NONE', #3675, 1000.000000000000200 ) ;
#1598 = CARTESIAN_POINT ( 'NONE',  ( -2.192856824238384100, 0.7027089236140124900, 2.351050375022972500 ) ) ;
#1599 = CARTESIAN_POINT ( 'NONE',  ( -1.925000000000000900, 0.6000000000000005300, 2.149999999999999000 ) ) ;
#1600 = CARTESIAN_POINT ( 'NONE',  ( -0.9058549884425897100, 0.1000000000000000300, -1.883357646619277800 ) ) ;
#1601 = CARTESIAN_POINT ( 'NONE',  ( 1.480281440072031200, 1.091456216223175800, 1.662057769848577900 ) ) ;
#1602 = DIRECTION ( 'NONE',  ( -0.0000000000000000000, -1.000000000000000000, -0.0000000000000000000 ) ) ;
#1603 = LINE ( 'NONE', #2980, #4828 ) ;
#1604 = EDGE_CURVE ( 'NONE', #912, #5968, #821, .T. ) ;
#1605 = CARTESIAN_POINT ( 'NONE',  ( -1.576749219766256900, 0.9798301502660555800, 2.160525809809401100 ) ) ;
#1606 = CARTESIAN_POINT ( 'NONE',  ( -1.470810704438334700, 0.6504396299010446500, 2.268662392956145800 ) ) ;
#1607 = CARTESIAN_POINT ( 'NONE',  ( 1.759734600111408900, 0.6410045579439729300, 1.928525523696643000 ) ) ;
#1608 = LINE ( 'NONE', #3475, #4089 ) ;
#1609 = CARTESIAN_POINT ( 'NONE',  ( 2.650000000000000400, 0.4952802448803405600, 1.949999999999998800 ) ) ;
#1610 = AXIS2_PLACEMENT_3D ( 'NONE', #4498, #2299, #3206 ) ;
#1611 = EDGE_LOOP ( 'NONE', ( #886, #2326, #2191, #5013 ) ) ;
#1612 = STYLED_ITEM ( 'NONE', ( #1199 ), #2927 ) ;
#1613 = CIRCLE ( 'NONE', #2324, 0.1999999999999996500 ) ;
#1614 = DIRECTION ( 'NONE',  ( 0.0000000000000000000, -1.000000000000000000, 0.0000000000000000000 ) ) ;
#1615 = ORIENTED_EDGE ( 'NONE', *, *, #1305, .T. ) ;
#1616 = LINE ( 'NONE', #5646, #2108 ) ;
#1617 = CARTESIAN_POINT ( 'NONE',  ( -2.188039544545142200, 0.5978516822771643400, 1.951122340735699500 ) ) ;
#1618 = CARTESIAN_POINT ( 'NONE',  ( 1.925000000000000300, 0.1000000000000000200, 1.849999999999999900 ) ) ;
#1619 = ADVANCED_FACE ( 'NONE', ( #1703 ), #974, .T. ) ;
#1620 = VECTOR ( 'NONE', #1752, 1000.000000000000000 ) ;
#1621 = CARTESIAN_POINT ( 'NONE',  ( 1.542611951756664300, 1.022954125904665900, 2.137582081056658400 ) ) ;
#1622 = VERTEX_POINT ( 'NONE', #2448 ) ;
#1623 = ORIENTED_EDGE ( 'NONE', *, *, #4686, .T. ) ;
#1624 = CARTESIAN_POINT ( 'NONE',  ( 2.549782265668134600, 0.5995728764910528400, 1.950223141967440300 ) ) ;
#1625 = CIRCLE ( 'NONE', #3148, 0.2999999999999997100 ) ;
#1626 = LINE ( 'NONE', #3128, #451 ) ;
#1627 = CARTESIAN_POINT ( 'NONE',  ( -1.823853217270780600, 0.5109213292731625800, 1.941806343454336000 ) ) ;
#1628 = CARTESIAN_POINT ( 'NONE',  ( 1.699853619615052200, 0.7909230068824509900, 1.904786400443787800 ) ) ;
#1629 = CARTESIAN_POINT ( 'NONE',  ( -0.8196152807373253700, 0.09999999999999990800, -1.964745363710260500 ) ) ;
#1630 = CARTESIAN_POINT ( 'NONE',  ( 1.929061388711463200, 0.4955902182068863100, 1.949838051677019100 ) ) ;
#1631 = VERTEX_POINT ( 'NONE', #631 ) ;
#1632 = EDGE_LOOP ( 'NONE', ( #1901, #4250, #3756, #2469 ) ) ;
#1633 = DIRECTION ( 'NONE',  ( 0.0000000000000000000, 2.258754526011467700E-016, -1.000000000000000000 ) ) ;
#1634 = CIRCLE ( 'NONE', #5820, 0.09999999999999968600 ) ;
#1635 = CARTESIAN_POINT ( 'NONE',  ( 2.550000000000000300, 0.1000000000000001300, 0.8999999999999988000 ) ) ;
#1636 = CARTESIAN_POINT ( 'NONE',  ( 0.9780768339302407000, 0.09999999999999990800, 1.805784094785633600 ) ) ;
#1637 = ORIENTED_EDGE ( 'NONE', *, *, #5439, .F. ) ;
#1638 = VERTEX_POINT ( 'NONE', #2100 ) ;
#1639 = VECTOR ( 'NONE', #4940, 1000.000000000000000 ) ;
#1640 = ORIENTED_EDGE ( 'NONE', *, *, #1369, .T. ) ;
#1641 = CARTESIAN_POINT ( 'NONE',  ( -2.186165177302926500, 0.7978129979191670400, 2.255862113502977700 ) ) ;
#1642 = EDGE_LOOP ( 'NONE', ( #4490, #109, #198, #2902 ) ) ;
#1643 = DIRECTION ( 'NONE',  ( 0.0000000000000000000, 0.0000000000000000000, 1.000000000000000000 ) ) ;
#1644 = CARTESIAN_POINT ( 'NONE',  ( 1.446763976968775500, 1.250152294252233600, 1.360959924661346900 ) ) ;
#1645 = VERTEX_POINT ( 'NONE', #649 ) ;
#1646 = CARTESIAN_POINT ( 'NONE',  ( 1.113665841611641600, 1.359515423502013300, 1.696738400447306900 ) ) ;
#1647 = ORIENTED_EDGE ( 'NONE', *, *, #4520, .T. ) ;
#1648 = CARTESIAN_POINT ( 'NONE',  ( -2.049999999999997600, 0.8999999999999998000, -1.849999999999999400 ) ) ;
#1649 = CARTESIAN_POINT ( 'NONE',  ( -2.550000000000000700, 0.6000000000000002000, 1.849999999999999400 ) ) ;
#1650 = AXIS2_PLACEMENT_3D ( 'NONE', #4407, #5321, #4076 ) ;
#1651 = CARTESIAN_POINT ( 'NONE',  ( -0.1974167119896254600, 0.09999999999999996400, -2.282143084328788900 ) ) ;
#1652 = CARTESIAN_POINT ( 'NONE',  ( -0.7208479425667372300, 0.3000000000000004900, 2.287232448493035500 ) ) ;
#1653 = EDGE_CURVE ( 'NONE', #3760, #1286, #2192, .T. ) ;
#1654 = ADVANCED_FACE ( 'NONE', ( #3317 ), #5205, .F. ) ;
#1655 = ORIENTED_EDGE ( 'NONE', *, *, #3305, .T. ) ;
#1656 = CARTESIAN_POINT ( 'NONE',  ( 2.199558586991800200, 0.3981196084764598300, 2.046262699151619700 ) ) ;
#1657 = CARTESIAN_POINT ( 'NONE',  ( 1.200000000000000200, 0.9000000000000032400, 1.850000000000000300 ) ) ;
#1658 = CARTESIAN_POINT ( 'NONE',  ( 1.200000000000001100, 0.6000000000000004200, 1.849999999999999900 ) ) ;
#1659 = AXIS2_PLACEMENT_3D ( 'NONE', #3780, #3225, #102 ) ;
#1660 = CARTESIAN_POINT ( 'NONE',  ( -0.8386609206840866000, 0.9000000000000001300, -0.7103414590570740200 ) ) ;
#1661 = PLANE ( 'NONE',  #3775 ) ;
#1662 = CARTESIAN_POINT ( 'NONE',  ( -1.964294742901957900, 0.6000012720365829300, 2.349999999995312700 ) ) ;
#1663 = CARTESIAN_POINT ( 'NONE',  ( 1.363001298872029000, 1.173186325927129100, 1.378844749850241200 ) ) ;
#1664 = CARTESIAN_POINT ( 'NONE',  ( 2.470572362749125600, 0.9000000000000001300, 0.0000000000000000000 ) ) ;
#1665 = CARTESIAN_POINT ( 'NONE',  ( -1.394760078095233200, 0.8642773512779241600, 2.211573121436070100 ) ) ;
#1666 = CARTESIAN_POINT ( 'NONE',  ( 1.814786452727372500, 0.8306326671251094100, 2.029238552143644500 ) ) ;
#1667 = CARTESIAN_POINT ( 'NONE',  ( -0.6631149980723971500, 0.09999999999999996400, -2.086373583320473300 ) ) ;
#1668 = CARTESIAN_POINT ( 'NONE',  ( -1.207677945610532400, 0.3000000000000004900, 1.841613349576771500 ) ) ;
#1669 = FACE_OUTER_BOUND ( 'NONE', #1611, .T. ) ;
#1670 = CARTESIAN_POINT ( 'NONE',  ( -1.471048240902722600, 0.8288778666697921300, 2.030115157419782000 ) ) ;
#1671 = EDGE_CURVE ( 'NONE', #957, #2699, #3104, .T. ) ;
#1672 = CARTESIAN_POINT ( 'NONE',  ( -0.8386609206840874900, 2.200000000000000600, -4.516666666666667500 ) ) ;
#1673 = DIRECTION ( 'NONE',  ( 2.344220913482172100E-016, 0.0000000000000000000, 1.000000000000000000 ) ) ;
#1674 = CIRCLE ( 'NONE', #5528, 0.8396585409429242500 ) ;
#1675 = CARTESIAN_POINT ( 'NONE',  ( -0.4838709677419364400, 0.3000000000000005400, 2.762096774193546700 ) ) ;
#1676 = CARTESIAN_POINT ( 'NONE',  ( -2.649999999999999900, 3.499999999999999600, 2.065000000000001300 ) ) ;
#1677 = CARTESIAN_POINT ( 'NONE',  ( -2.550297732634558400, 0.5615536664349057800, 2.346074376379448700 ) ) ;
#1678 = ADVANCED_FACE ( 'NONE', ( #5491 ), #675, .T. ) ;
#1679 = LINE ( 'NONE', #350, #5615 ) ;
#1680 = DIRECTION ( 'NONE',  ( 0.5693756040746119600, -0.7282268375108914600, 0.3814408140374555600 ) ) ;
#1681 = CARTESIAN_POINT ( 'NONE',  ( -2.649999999999999000, 0.5231865395128039200, 2.086003103801420200 ) ) ;
#1682 = CARTESIAN_POINT ( 'NONE',  ( 1.547336403710213100, 0.7934783820616608800, 1.848657193403494300 ) ) ;
#1683 = CARTESIAN_POINT ( 'NONE',  ( -0.8386609206840862600, 3.500000000000000000, 1.849999999999998800 ) ) ;
#1684 = EDGE_CURVE ( 'NONE', #3965, #4260, #525, .T. ) ;
#1685 = LINE ( 'NONE', #1948, #5849 ) ;
#1686 = DIRECTION ( 'NONE',  ( -0.0000000000000000000, 1.000000000000000000, -0.0000000000000000000 ) ) ;
#1687 = CARTESIAN_POINT ( 'NONE',  ( 1.935255410416176500, 0.6002742510206357000, 1.949856722103164400 ) ) ;
#1688 = PLANE ( 'NONE',  #363 ) ;
#1689 = ORIENTED_EDGE ( 'NONE', *, *, #5675, .F. ) ;
#1690 = LINE ( 'NONE', #856, #969 ) ;
#1691 = PLANE ( 'NONE',  #2482 ) ;
#1692 = EDGE_CURVE ( 'NONE', #3750, #330, #1557, .T. ) ;
#1693 = EDGE_LOOP ( 'NONE', ( #694, #3140, #895, #817 ) ) ;
#1694 = ORIENTED_EDGE ( 'NONE', *, *, #4666, .T. ) ;
#1695 = DIRECTION ( 'NONE',  ( 1.827307032278939000E-016, 0.0000000000000000000, 1.000000000000000000 ) ) ;
#1696 = DIRECTION ( 'NONE',  ( 0.9072762929542515000, 0.0000000000000000000, 0.4205350499580160500 ) ) ;
#1697 = VECTOR ( 'NONE', #1251, 1000.000000000000000 ) ;
#1698 = CARTESIAN_POINT ( 'NONE',  ( 1.200000000000000600, 0.09999999999999939500, -1.849999999999999900 ) ) ;
#1699 = SURFACE_STYLE_FILL_AREA ( #2187 ) ;
#1700 = CLOSED_SHELL ( 'NONE', ( #1886, #5865, #2178, #4460, #3479, #3877, #1678, #5038, #5745, #1101, #340, #5303, #3967, #2092, #2292, #2503, #2588, #4282, #1235, #2442, #5448, #4622, #1980, #5834, #3416, #3567, #1377 ) ) ;
#1701 = ORIENTED_EDGE ( 'NONE', *, *, #228, .T. ) ;
#1702 = CARTESIAN_POINT ( 'NONE',  ( -0.4489778057236477600, 0.3000000000000004300, -2.499999999999999600 ) ) ;
#1703 = FACE_OUTER_BOUND ( 'NONE', #4358, .T. ) ;
#1704 = CARTESIAN_POINT ( 'NONE',  ( 0.4334174742713877700, 0.09999999999999996400, -2.211806644407408500 ) ) ;
#1705 = CARTESIAN_POINT ( 'NONE',  ( 1.290286956108397600, 1.046173968342892800, 1.490557895354320600 ) ) ;
#1706 = AXIS2_PLACEMENT_3D ( 'NONE', #4391, #1686, #4829 ) ;
#1707 = DIRECTION ( 'NONE',  ( 0.0000000000000000000, 1.000000000000000000, 0.0000000000000000000 ) ) ;
#1708 = VERTEX_POINT ( 'NONE', #612 ) ;
#1709 = ORIENTED_EDGE ( 'NONE', *, *, #1558, .F. ) ;
#1710 = CIRCLE ( 'NONE', #963, 0.1000000000000000300 ) ;
#1711 = CARTESIAN_POINT ( 'NONE',  ( 1.623596139805919100, 0.8628118432296341100, 1.867192320201121800 ) ) ;
#1712 = EDGE_CURVE ( 'NONE', #5507, #5346, #5064, .T. ) ;
#1713 = CARTESIAN_POINT ( 'NONE',  ( 2.650000000000000400, 0.5600396094250530400, 2.059589378580188400 ) ) ;
#1714 = ADVANCED_FACE ( 'NONE', ( #2956 ), #5155, .F. ) ;
#1715 = ORIENTED_EDGE ( 'NONE', *, *, #5809, .T. ) ;
#1716 = ORIENTED_EDGE ( 'NONE', *, *, #3815, .T. ) ;
#1717 = LINE ( 'NONE', #4738, #5952 ) ;
#1718 = CARTESIAN_POINT ( 'NONE',  ( 1.711516543093142500, 4.500000000000000000, 2.399999999999998100 ) ) ;
#1719 = DIRECTION ( 'NONE',  ( 0.0000000000000000000, -1.000000000000000000, 3.469446951953611800E-015 ) ) ;
#1720 = CARTESIAN_POINT ( 'NONE',  ( -2.650000000000000400, 0.6559147122092629000, 2.230261188738494700 ) ) ;
#1721 = PLANE ( 'NONE',  #4579 ) ;
#1722 = VERTEX_POINT ( 'NONE', #1735 ) ;
#1723 = CARTESIAN_POINT ( 'NONE',  ( -1.925000000000000500, 0.5999999999999998700, -1.950000000000000000 ) ) ;
#1724 = CARTESIAN_POINT ( 'NONE',  ( -2.550022498926314700, 0.5010261143035935600, 1.950224775337479500 ) ) ;
#1725 = CARTESIAN_POINT ( 'NONE',  ( 0.5929662920758563800, 0.09999999999999999200, -2.133899385350138500 ) ) ;
#1726 = ORIENTED_EDGE ( 'NONE', *, *, #3266, .T. ) ;
#1727 = CARTESIAN_POINT ( 'NONE',  ( 1.034215203377436300, 1.295690604572645100, 1.672631336730883800 ) ) ;
#1728 = CARTESIAN_POINT ( 'NONE',  ( 1.110186719841295100, 1.487618553277537400, 1.396900889052844300 ) ) ;
#1729 = DIRECTION ( 'NONE',  ( 0.0000000000000000000, 1.000000000000000000, -0.0000000000000000000 ) ) ;
#1730 = CARTESIAN_POINT ( 'NONE',  ( 1.937646414508799000, 0.8002626756007578100, 2.254582549180419900 ) ) ;
#1731 = AXIS2_PLACEMENT_3D ( 'NONE', #3287, #2425, #1054 ) ;
#1732 = DIRECTION ( 'NONE',  ( 1.000000000000000000, 0.0000000000000000000, 0.0000000000000000000 ) ) ;
#1733 = CARTESIAN_POINT ( 'NONE',  ( 2.550285308044207200, 0.5678567769124830400, 2.347452817941088700 ) ) ;
#1734 = CARTESIAN_POINT ( 'NONE',  ( 2.649999999999999500, 0.1000000000000000100, -1.849999999999999900 ) ) ;
#1735 = CARTESIAN_POINT ( 'NONE',  ( 2.549999999999999800, 0.1000000000000000100, -1.350000000000000800 ) ) ;
#1736 = DIRECTION ( 'NONE',  ( 0.0000000000000000000, 0.0000000000000000000, 1.000000000000000000 ) ) ;
#1737 = AXIS2_PLACEMENT_3D ( 'NONE', #1870, #1902, #53 ) ;
#1738 = EDGE_CURVE ( 'NONE', #4705, #3258, #178, .T. ) ;
#1739 = CARTESIAN_POINT ( 'NONE',  ( 1.133505746667597300, 2.200000000000000200, 1.496530363817981000 ) ) ;
#1740 = ADVANCED_FACE ( 'NONE', ( #2612 ), #1721, .T. ) ;
#1741 = DIRECTION ( 'NONE',  ( -0.3511484866841279600, 0.0000000000000000000, 0.9363197852760812800 ) ) ;
#1742 = CARTESIAN_POINT ( 'NONE',  ( 1.527993865776235700, 0.7379799061751969300, 2.277661051173971000 ) ) ;
#1743 = PLANE ( 'NONE',  #485 ) ;
#1744 = CARTESIAN_POINT ( 'NONE',  ( 1.322347497523768600, 0.9612633312501196500, 1.617632487373878800 ) ) ;
#1745 = DIRECTION ( 'NONE',  ( 0.0000000000000000000, -1.000000000000000000, 6.123233995736766000E-017 ) ) ;
#1746 = LINE ( 'NONE', #4150, #4084 ) ;
#1747 = CARTESIAN_POINT ( 'NONE',  ( 0.8386609206840864900, 2.200000000000000600, -0.7103414590570742400 ) ) ;
#1748 = CARTESIAN_POINT ( 'NONE',  ( 1.576749219766256900, 0.9798301502660555800, 2.160525809809401100 ) ) ;
#1749 = CARTESIAN_POINT ( 'NONE',  ( 0.0000000000000000000, 0.1000000000000000100, 0.0000000000000000000 ) ) ;
#1750 = LINE ( 'NONE', #3, #5842 ) ;
#1751 = CARTESIAN_POINT ( 'NONE',  ( 2.550000000000000700, 0.1000000000000000100, 1.349999999999998100 ) ) ;
#1752 = DIRECTION ( 'NONE',  ( 2.168404344970998600E-015, 0.0000000000000000000, 1.000000000000000000 ) ) ;
#1753 = CARTESIAN_POINT ( 'NONE',  ( 2.550263624168279500, 0.4160070691352619200, 2.056658102114468500 ) ) ;
#1754 = CARTESIAN_POINT ( 'NONE',  ( -2.650000000000000400, 0.5253400048651480900, 2.212731816864752100 ) ) ;
#1755 = LINE ( 'NONE', #4295, #4836 ) ;
#1756 = ORIENTED_EDGE ( 'NONE', *, *, #3809, .T. ) ;
#1757 = CARTESIAN_POINT ( 'NONE',  ( 0.4489778057180344700, 0.3000000000000004900, -2.499999999999999100 ) ) ;
#1758 = CARTESIAN_POINT ( 'NONE',  ( 1.925000000000000500, 0.5999999999999998700, -1.950000000000000000 ) ) ;
#1759 = CARTESIAN_POINT ( 'NONE',  ( -2.649999999999999500, 0.5829173176695020600, 2.248383508018046300 ) ) ;
#1760 = VECTOR ( 'NONE', #540, 1000.000000000000000 ) ;
#1761 = CARTESIAN_POINT ( 'NONE',  ( -2.550441132218578000, 0.4686623638977329700, 2.304289346160221600 ) ) ;
#1762 = CARTESIAN_POINT ( 'NONE',  ( 2.650000000000000400, 0.6088166870045095300, 2.250622287109249200 ) ) ;
#1763 = ORIENTED_EDGE ( 'NONE', *, *, #711, .T. ) ;
#1764 = DIRECTION ( 'NONE',  ( 0.0000000000000000000, 0.0000000000000000000, 1.000000000000000000 ) ) ;
#1765 = EDGE_CURVE ( 'NONE', #545, #2595, #3671, .T. ) ;
#1766 = LINE ( 'NONE', #3468, #2544 ) ;
#1767 = LINE ( 'NONE', #2766, #5328 ) ;
#1768 = CARTESIAN_POINT ( 'NONE',  ( 1.718829468977767200, 0.4344657391651504700, 2.236663170196654200 ) ) ;
#1769 = CARTESIAN_POINT ( 'NONE',  ( 2.650000000000000400, 0.4990958689950801800, 2.147496354197082600 ) ) ;
#1770 = VERTEX_POINT ( 'NONE', #4939 ) ;
#1771 = ORIENTED_EDGE ( 'NONE', *, *, #26, .F. ) ;
#1772 = ADVANCED_FACE ( 'NONE', ( #5793 ), #2186, .F. ) ;
#1773 = CARTESIAN_POINT ( 'NONE',  ( -1.315732273005495400, 1.486312362522056900, 1.570291428054944900 ) ) ;
#1774 = VECTOR ( 'NONE', #3486, 1000.000000000000000 ) ;
#1775 = AXIS2_PLACEMENT_3D ( 'NONE', #5267, #4321, #3857 ) ;
#1776 = PRESENTATION_LAYER_ASSIGNMENT (  '', '', ( #2182 ) ) ;
#1777 = CIRCLE ( 'NONE', #909, 0.09999999999999982500 ) ;
#1778 = PLANE ( 'NONE',  #3044 ) ;
#1779 = CARTESIAN_POINT ( 'NONE',  ( -2.650000000000000400, 0.6930499736581788900, 2.183068620644152100 ) ) ;
#1780 = ORIENTED_EDGE ( 'NONE', *, *, #3433, .F. ) ;
#1781 = ORIENTED_EDGE ( 'NONE', *, *, #1604, .F. ) ;
#1782 = CARTESIAN_POINT ( 'NONE',  ( -2.650000000000000400, 0.5712356080546922000, 2.055489986750404600 ) ) ;
#1783 = VECTOR ( 'NONE', #4423, 1000.000000000000000 ) ;
#1784 = CARTESIAN_POINT ( 'NONE',  ( -1.711516543093141800, 3.499999999999999600, -2.499999999999998200 ) ) ;
#1785 = CLOSED_SHELL ( 'NONE', ( #4924, #5210, #3789, #4923, #1318, #3657, #3763, #4891, #5387, #2623, #2418, #1409, #3632, #1563, #5612, #726, #4026, #3059, #3332, #790 ) ) ;
#1786 = CARTESIAN_POINT ( 'NONE',  ( -2.650000000000022100, 0.8018649239149325800, 2.160762431051918200 ) ) ;
#1787 = ORIENTED_EDGE ( 'NONE', *, *, #859, .F. ) ;
#1788 = CARTESIAN_POINT ( 'NONE',  ( -2.424770859207676200, 0.3989619256994409400, 2.045822610934173300 ) ) ;
#1789 = CARTESIAN_POINT ( 'NONE',  ( 2.650000000000000400, 0.6759950541894544900, 2.214338503178682000 ) ) ;
#1790 = CIRCLE ( 'NONE', #685, 0.1000000000000001000 ) ;
#1791 = DIRECTION ( 'NONE',  ( 0.0000000000000000000, 1.000000000000000000, 0.0000000000000000000 ) ) ;
#1792 = ORIENTED_EDGE ( 'NONE', *, *, #1086, .F. ) ;
#1793 = CARTESIAN_POINT ( 'NONE',  ( 1.964294742901957900, 0.4952802448803405600, 2.349999999999999200 ) ) ;
#1794 = EDGE_CURVE ( 'NONE', #2074, #3554, #2125, .T. ) ;
#1795 = CARTESIAN_POINT ( 'NONE',  ( -1.367281466543723200, 1.187878130681740500, 1.333198689089988100 ) ) ;
#1796 = VERTEX_POINT ( 'NONE', #5829 ) ;
#1797 = MANIFOLD_SOLID_BREP ( 'Mirror1[3]', #1479 ) ;
#1798 = CARTESIAN_POINT ( 'NONE',  ( -1.449188232576808200, 1.173823606201635600, 1.538772022787196600 ) ) ;
#1799 = VERTEX_POINT ( 'NONE', #1240 ) ;
#1800 = CARTESIAN_POINT ( 'NONE',  ( 1.200000000000001100, 0.3000000000002210900, 1.849999999999999200 ) ) ;
#1801 = CARTESIAN_POINT ( 'NONE',  ( 1.200000000000001100, 4.873977856002723800, 1.849999999999999200 ) ) ;
#1802 = CARTESIAN_POINT ( 'NONE',  ( -2.549999999999999800, 3.499999999999999600, 2.111351376446605400 ) ) ;
#1803 = ORIENTED_EDGE ( 'NONE', *, *, #4777, .T. ) ;
#1804 = CARTESIAN_POINT ( 'NONE',  ( 1.200000000000000600, 0.3000000000000033800, -1.849999999999999900 ) ) ;
#1805 = CARTESIAN_POINT ( 'NONE',  ( 1.442591212320319900, 1.235766943727923700, 1.405610229178795100 ) ) ;
#1806 = ADVANCED_FACE ( 'NONE', ( #3310 ), #2814, .T. ) ;
#1807 = EDGE_CURVE ( 'NONE', #4500, #678, #4700, .T. ) ;
#1808 = CARTESIAN_POINT ( 'NONE',  ( 2.649999999999999500, 0.5955187274584276000, 2.251139500653879500 ) ) ;
#1809 = CARTESIAN_POINT ( 'NONE',  ( 0.8386609206840867100, 2.200000000000000600, 4.516666666666668400 ) ) ;
#1810 = CARTESIAN_POINT ( 'NONE',  ( 1.429618400002719200, 0.6060190673058543100, 1.937429192686702900 ) ) ;
#1811 = EDGE_CURVE ( 'NONE', #2044, #4260, #5189, .T. ) ;
#1812 = CARTESIAN_POINT ( 'NONE',  ( -1.206075998224890800, 1.382276870747308800, 1.788466355697616100 ) ) ;
#1813 = DIRECTION ( 'NONE',  ( 0.0000000000000000000, -1.000000000000000000, 0.0000000000000000000 ) ) ;
#1814 = FACE_OUTER_BOUND ( 'NONE', #2524, .T. ) ;
#1815 = CARTESIAN_POINT ( 'NONE',  ( 1.798141017758766000, 0.7384889322378975800, 1.932315363846021800 ) ) ;
#1816 = STYLED_ITEM ( 'NONE', ( #3424 ), #2148 ) ;
#1817 = CARTESIAN_POINT ( 'NONE',  ( 1.576749219766256300, 0.9798301502660553600, 2.160525809809401100 ) ) ;
#1818 = FACE_OUTER_BOUND ( 'NONE', #1435, .T. ) ;
#1819 = CARTESIAN_POINT ( 'NONE',  ( -2.650000000000000400, 0.6759950541894627100, 2.214338503178666000 ) ) ;
#1820 = CARTESIAN_POINT ( 'NONE',  ( -2.421428409667827400, 0.7037143061184086800, 2.350525204879350600 ) ) ;
#1821 = CARTESIAN_POINT ( 'NONE',  ( 0.9282273282213113800, 0.3000000000000004900, 2.135368215397772700 ) ) ;
#1822 = EDGE_CURVE ( 'NONE', #2749, #2197, #3455, .T. ) ;
#1823 = DIRECTION ( 'NONE',  ( -4.336808689942016900E-015, -1.000000000000000000, -2.168404344971008600E-016 ) ) ;
#1824 = LINE ( 'NONE', #4444, #1535 ) ;
#1825 = CARTESIAN_POINT ( 'NONE',  ( 1.721328182464051800, 0.5435201836500482800, 1.924735683547264400 ) ) ;
#1826 = CARTESIAN_POINT ( 'NONE',  ( 2.549999999999999800, -9.486769009248163800E-017, -1.849999999999999900 ) ) ;
#1827 = CARTESIAN_POINT ( 'NONE',  ( -1.452935328689656700, 1.361732251601902100, 1.452846461045340200 ) ) ;
#1828 = FACE_OUTER_BOUND ( 'NONE', #5948, .T. ) ;
#1829 = ORIENTED_EDGE ( 'NONE', *, *, #5295, .T. ) ;
#1830 = CARTESIAN_POINT ( 'NONE',  ( -0.8677564237586216100, 0.3000000000000004900, -2.273161581897147300 ) ) ;
#1831 = FACE_OUTER_BOUND ( 'NONE', #1861, .T. ) ;
#1832 = CARTESIAN_POINT ( 'NONE',  ( 1.639092828382209500, 0.8433233774240126400, 1.877606914144791500 ) ) ;
#1833 = LINE ( 'NONE', #4615, #4399 ) ;
#1834 = VERTEX_POINT ( 'NONE', #4338 ) ;
#1835 = ORIENTED_EDGE ( 'NONE', *, *, #950, .F. ) ;
#1836 = CARTESIAN_POINT ( 'NONE',  ( 1.446763976968775500, 1.250152294252233600, 1.360959924661346900 ) ) ;
#1837 = CARTESIAN_POINT ( 'NONE',  ( -2.650000000000017200, 0.6966531360113010800, 2.323984021092894400 ) ) ;
#1838 = CARTESIAN_POINT ( 'NONE',  ( -2.650000000000000400, 0.8000000000000007100, 2.254719755119658900 ) ) ;
#1839 = CARTESIAN_POINT ( 'NONE',  ( -0.4258467372988206700, 0.3000000000000004900, 2.428159765594020100 ) ) ;
#1840 = DIRECTION ( 'NONE',  ( 0.0000000000000000000, 0.0000000000000000000, -1.000000000000000000 ) ) ;
#1841 = AXIS2_PLACEMENT_3D ( 'NONE', #2522, #219, #3031 ) ;
#1842 = AXIS2_PLACEMENT_3D ( 'NONE', #4547, #4529, #1813 ) ;
#1843 = CARTESIAN_POINT ( 'NONE',  ( 1.254179606750064100, 0.6000000000000003100, 1.949999999999999500 ) ) ;
#1844 = EDGE_LOOP ( 'NONE', ( #2122, #2410, #5280, #4149, #3452, #1763, #5562, #677, #5874, #4025, #4762, #4111 ) ) ;
#1845 = ORIENTED_EDGE ( 'NONE', *, *, #616, .F. ) ;
#1846 = SURFACE_STYLE_FILL_AREA ( #4916 ) ;
#1847 = DIRECTION ( 'NONE',  ( 0.9072762929542512700, 0.0000000000000000000, -0.4205350499580169400 ) ) ;
#1848 = PLANE ( 'NONE',  #2433 ) ;
#1849 = VERTEX_POINT ( 'NONE', #1186 ) ;
#1850 = ORIENTED_EDGE ( 'NONE', *, *, #5154, .F. ) ;
#1851 = CARTESIAN_POINT ( 'NONE',  ( -1.022826065478609700, 1.400385517110741300, 1.448148057681516400 ) ) ;
#1852 = VECTOR ( 'NONE', #4825, 1000.000000000000000 ) ;
#1853 = CARTESIAN_POINT ( 'NONE',  ( -1.523752989779011000, 0.8231839144109466300, 1.832818554932567300 ) ) ;
#1854 = CARTESIAN_POINT ( 'NONE',  ( 2.650000000000000400, 0.4000000000000003000, 2.254719755119658900 ) ) ;
#1855 = CARTESIAN_POINT ( 'NONE',  ( 1.925000000000001400, 0.6000000000000005300, 2.449999999999998800 ) ) ;
#1856 = CARTESIAN_POINT ( 'NONE',  ( 0.2339005806864788400, 0.3000000000000004900, -2.478860327667387100 ) ) ;
#1857 = CARTESIAN_POINT ( 'NONE',  ( 2.550000000000000300, 0.0000000000000000000, -6.023628521165059900E-016 ) ) ;
#1858 = CARTESIAN_POINT ( 'NONE',  ( 1.254179606750064100, 0.6000000000000005300, 2.349999999999998800 ) ) ;
#1859 = VERTEX_POINT ( 'NONE', #248 ) ;
#1860 = ORIENTED_EDGE ( 'NONE', *, *, #3990, .T. ) ;
#1861 = EDGE_LOOP ( 'NONE', ( #4193, #5696, #4246, #128, #1120, #34, #4421, #3322, #2912, #5200 ) ) ;
#1862 = CARTESIAN_POINT ( 'NONE',  ( 1.547336403710213100, 0.7934783820616608800, 1.848657193403494300 ) ) ;
#1863 = CARTESIAN_POINT ( 'NONE',  ( -0.4762379278273651300, 0.1000000000000000200, 2.192835983685777800 ) ) ;
#1864 = ORIENTED_EDGE ( 'NONE', *, *, #3612, .T. ) ;
#1865 = CARTESIAN_POINT ( 'NONE',  ( -1.925000000000000700, 0.5999999999999998700, -1.849999999999999600 ) ) ;
#1866 = DIRECTION ( 'NONE',  ( 2.344220913482172100E-016, 0.0000000000000000000, 1.000000000000000000 ) ) ;
#1867 = EDGE_CURVE ( 'NONE', #1154, #3590, #1551, .T. ) ;
#1868 = DIRECTION ( 'NONE',  ( 0.0000000000000000000, 1.084202172485505600E-015, 1.000000000000000000 ) ) ;
#1869 = ORIENTED_EDGE ( 'NONE', *, *, #5906, .F. ) ;
#1870 = CARTESIAN_POINT ( 'NONE',  ( 0.5722612009522862800, 0.9000000000000001300, 5.421010862427522200E-017 ) ) ;
#1871 = CARTESIAN_POINT ( 'NONE',  ( -1.311812470391553200, 0.7491570615637254100, 1.856860335618401700 ) ) ;
#1872 = PLANE ( 'NONE',  #4986 ) ;
#1873 = CARTESIAN_POINT ( 'NONE',  ( -1.547336403710213500, 0.7934783820616609900, 1.848657193403494300 ) ) ;
#1874 = CARTESIAN_POINT ( 'NONE',  ( -1.199999999999999700, 0.3000000000000025400, 1.849999999999999400 ) ) ;
#1875 = CARTESIAN_POINT ( 'NONE',  ( 1.623596139805918400, 0.8628118432296338900, 1.867192320201121800 ) ) ;
#1876 = CARTESIAN_POINT ( 'NONE',  ( -1.414576459182686600, 0.9987013546144929400, 1.674398786879159000 ) ) ;
#1877 = EDGE_CURVE ( 'NONE', #5346, #4276, #4556, .T. ) ;
#1878 = CARTESIAN_POINT ( 'NONE',  ( 0.3308907126040058800, 0.3000000000000004900, 2.457054041205934100 ) ) ;
#1879 = FACE_OUTER_BOUND ( 'NONE', #4428, .T. ) ;
#1880 = B_SPLINE_CURVE_WITH_KNOTS ( 'NONE', 3,
 ( #2094, #269, #4814, #2934, #1180, #2085, #4372, #721, #1646, #4851, #4947, #1728 ),
 .UNSPECIFIED., .F., .F.,
 ( 4, 2, 2, 2, 2, 4 ),
 ( 0.5819328839176166600, 0.6579959241240468400, 0.7366919789667576400, 0.8167155206589358200, 0.9100549755234312900, 1.000000000000000000 ),
 .UNSPECIFIED. ) ;
#1881 = CARTESIAN_POINT ( 'NONE',  ( 1.471076667614508800, 0.7241449208936883200, 1.830122066605866600 ) ) ;
#1882 = EDGE_CURVE ( 'NONE', #3590, #957, #2741, .T. ) ;
#1883 = CARTESIAN_POINT ( 'NONE',  ( 2.650000000000000400, 0.6260296448843950500, 2.246025310030689100 ) ) ;
#1884 = AXIS2_PLACEMENT_3D ( 'NONE', #11, #1410, #2764 ) ;
#1885 = DIRECTION ( 'NONE',  ( 0.0000000000000000000, -0.0000000000000000000, -1.000000000000000000 ) ) ;
#1886 = ADVANCED_FACE ( 'NONE', ( #2676 ), #1688, .T. ) ;
#1887 = VECTOR ( 'NONE', #5544, 1000.000000000000000 ) ;
#1888 = CARTESIAN_POINT ( 'NONE',  ( -1.208458445650570500, 0.9198811739018771800, 1.695149736026858800 ) ) ;
#1889 = CARTESIAN_POINT ( 'NONE',  ( -2.650000000000000400, 0.6000000000000005300, 2.149999999999999000 ) ) ;
#1890 = CARTESIAN_POINT ( 'NONE',  ( -1.106603292521165100, 0.2265403049864122000, 1.849999999999999200 ) ) ;
#1891 = VECTOR ( 'NONE', #3454, 1000.000000000000000 ) ;
#1892 = CARTESIAN_POINT ( 'NONE',  ( 1.148924225908658300, 1.122691891307555900, 1.350609946706378400 ) ) ;
#1893 =( BOUNDED_CURVE ( )  B_SPLINE_CURVE ( 3, ( #893, #5018, #1830, #3662 ),
 .UNSPECIFIED., .F., .F. ) 
 B_SPLINE_CURVE_WITH_KNOTS ( ( 4, 4 ),
 ( 0.5000000000000000000, 1.000000000000000000 ),
 .UNSPECIFIED. ) 
 CURVE ( )  GEOMETRIC_REPRESENTATION_ITEM ( )  RATIONAL_B_SPLINE_CURVE ( ( 1.000000000000000000, 0.9551586035401284900, 0.9551586035401284900, 1.000000000000000000 ) ) 
 REPRESENTATION_ITEM ( '' )  );
#1894 = CARTESIAN_POINT ( 'NONE',  ( -0.9370111457228619300, 0.1000000000000000100, 1.849999999999999000 ) ) ;
#1895 = CARTESIAN_POINT ( 'NONE',  ( 2.549518716370345700, 0.7853889236346106600, 2.075280160927989400 ) ) ;
#1896 = EDGE_CURVE ( 'NONE', #2609, #3816, #5668, .T. ) ;
#1897 = ORIENTED_EDGE ( 'NONE', *, *, #2530, .T. ) ;
#1898 = DIRECTION ( 'NONE',  ( 0.7071067811865459100, 0.0000000000000000000, -0.7071067811865492400 ) ) ;
#1899 = VECTOR ( 'NONE', #2788, 1000.000000000000000 ) ;
#1900 = CARTESIAN_POINT ( 'NONE',  ( -2.175246257163847100, 2.200000000000000600, 4.274279060137022400 ) ) ;
#1901 = ORIENTED_EDGE ( 'NONE', *, *, #4672, .T. ) ;
#1902 = DIRECTION ( 'NONE',  ( 0.0000000000000000000, 1.000000000000000000, -0.0000000000000000000 ) ) ;
#1903 = CARTESIAN_POINT ( 'NONE',  ( -1.022922748198152000, 1.178183982903133300, 1.607327294999090000 ) ) ;
#1904 = FACE_OUTER_BOUND ( 'NONE', #1995, .T. ) ;
#1905 = LINE ( 'NONE', #4191, #4696 ) ;
#1906 = CARTESIAN_POINT ( 'NONE',  ( -1.414576459182686600, 0.9987013546144929400, 1.674398786879159000 ) ) ;
#1907 = CARTESIAN_POINT ( 'NONE',  ( -1.941449432120890200, 0.7049582838343851900, 1.949875392529309700 ) ) ;
#1908 = DIRECTION ( 'NONE',  ( -0.0000000000000000000, -1.000000000000000000, -0.0000000000000000000 ) ) ;
#1909 = EDGE_LOOP ( 'NONE', ( #1131, #4935, #2532, #4930 ) ) ;
#1910 = ORIENTED_EDGE ( 'NONE', *, *, #228, .F. ) ;
#1911 = CARTESIAN_POINT ( 'NONE',  ( 1.774562647529315000, 0.8382089343549358200, 2.234709805051309200 ) ) ;
#1912 = EDGE_CURVE ( 'NONE', #1770, #1154, #4773, .T. ) ;
#1913 = VECTOR ( 'NONE', #2493, 1000.000000000000100 ) ;
#1914 = CARTESIAN_POINT ( 'NONE',  ( 1.386453084144663600, 0.8439599891996635300, 1.745904524901561000 ) ) ;
#1915 = EDGE_LOOP ( 'NONE', ( #5814, #2834, #2202, #989 ) ) ;
#1916 = EDGE_LOOP ( 'NONE', ( #5720, #2835, #5406, #3046 ) ) ;
#1917 = CARTESIAN_POINT ( 'NONE',  ( -0.8807518509854009900, 0.09999999999999996400, 1.907888774988918600 ) ) ;
#1918 = CARTESIAN_POINT ( 'NONE',  ( 2.650000000000000800, 0.6999986598973720900, 2.141126524055972300 ) ) ;
#1919 = CYLINDRICAL_SURFACE ( 'NONE', #1706, 0.2791601061504556100 ) ;
#1920 = AXIS2_PLACEMENT_3D ( 'NONE', #17, #5831, #2090 ) ;
#1921 = ORIENTED_EDGE ( 'NONE', *, *, #3498, .T. ) ;
#1922 = ORIENTED_EDGE ( 'NONE', *, *, #2759, .T. ) ;
#1923 = DIRECTION ( 'NONE',  ( 0.0000000000000000000, 1.000000000000000000, -0.0000000000000000000 ) ) ;
#1924 = CARTESIAN_POINT ( 'NONE',  ( 2.650000000000000400, 0.5914035945402088500, 2.250239340220058000 ) ) ;
#1925 = LINE ( 'NONE', #1556, #3546 ) ;
#1926 = CARTESIAN_POINT ( 'NONE',  ( -1.471076667614507900, 0.7241449208936878700, 1.830122066605866600 ) ) ;
#1927 = CARTESIAN_POINT ( 'NONE',  ( 2.549457462397718600, 0.8091543054580050400, 2.072497008013050000 ) ) ;
#1928 = ORIENTED_EDGE ( 'NONE', *, *, #2818, .T. ) ;
#1929 = CARTESIAN_POINT ( 'NONE',  ( -1.386453084144663600, 0.8439599891996635300, 1.745904524901561000 ) ) ;
#1930 = ORIENTED_EDGE ( 'NONE', *, *, #5456, .T. ) ;
#1931 = CARTESIAN_POINT ( 'NONE',  ( -1.670567217354546300, 0.9252311363298947300, 1.979869706683956600 ) ) ;
#1932 = CARTESIAN_POINT ( 'NONE',  ( 0.6077055882226858300, 0.3000000000000004900, -2.350912854654685400 ) ) ;
#1933 = CARTESIAN_POINT ( 'NONE',  ( 1.388535711018647800, 0.7166282703304199800, 2.234123213686079800 ) ) ;
#1934 = ORIENTED_EDGE ( 'NONE', *, *, #4023, .T. ) ;
#1935 = CARTESIAN_POINT ( 'NONE',  ( -2.549999999999999800, 0.09999999999999965900, -1.949999999999999700 ) ) ;
#1936 = CARTESIAN_POINT ( 'NONE',  ( 1.278075341626839100, 0.8461611144507761300, 2.165906092949913700 ) ) ;
#1937 = DIRECTION ( 'NONE',  ( 0.0000000000000000000, 0.0000000000000000000, 1.000000000000000000 ) ) ;
#1938 = CARTESIAN_POINT ( 'NONE',  ( -1.083382320614663300, 0.09999999999999993600, 1.674108653072595300 ) ) ;
#1939 = CARTESIAN_POINT ( 'NONE',  ( -2.550000000000000300, 0.1000000000000001300, 0.8999999999999989100 ) ) ;
#1940 = FILL_AREA_STYLE_COLOUR ( '', #4690 ) ;
#1941 = CARTESIAN_POINT ( 'NONE',  ( 2.650000000000000400, 0.6545325206639456300, 2.069049940736935200 ) ) ;
#1942 = CARTESIAN_POINT ( 'NONE',  ( 2.549503986683653100, 0.7324825770861953500, 1.975405550548998700 ) ) ;
#1943 = B_SPLINE_CURVE_WITH_KNOTS ( 'NONE', 3,
 ( #466, #5513, #941, #5051, #5533, #4596, #2746, #1414, #14, #5076, #4618, #1873 ),
 .UNSPECIFIED., .F., .F.,
 ( 4, 2, 2, 2, 2, 4 ),
 ( 0.3155082430143768500, 0.3641475987153899300, 0.4142491139411944000, 0.4650707556951786400, 0.5244402834339316800, 0.5819328839176166600 ),
 .UNSPECIFIED. ) ;
#1944 = CARTESIAN_POINT ( 'NONE',  ( -1.731310763689220700, 0.6532781991784727400, 1.922106177826789200 ) ) ;
#1945 = CARTESIAN_POINT ( 'NONE',  ( -1.846809173992063600, 0.7216791529293649100, 1.941113364303811400 ) ) ;
#1946 = CARTESIAN_POINT ( 'NONE',  ( 0.5422534952133608600, 0.09999999999999996400, -2.159426581605496500 ) ) ;
#1947 = CARTESIAN_POINT ( 'NONE',  ( 1.920474080367715400, 0.4003502450735859100, 2.045097251198315200 ) ) ;
#1948 = CARTESIAN_POINT ( 'NONE',  ( 2.088793771014535700, 4.861206228985467200, 1.816785270715028500 ) ) ;
#1949 = VECTOR ( 'NONE', #5539, 1000.000000000000000 ) ;
#1950 = EDGE_CURVE ( 'NONE', #3922, #5929, #2256, .T. ) ;
#1951 = CARTESIAN_POINT ( 'NONE',  ( -1.925000000000000900, 0.6000000000000003100, 1.949999999999999500 ) ) ;
#1952 = CARTESIAN_POINT ( 'NONE',  ( -1.711322751605630900, 4.399999999999999500, -0.2791601061504556700 ) ) ;
#1953 = DIRECTION ( 'NONE',  ( 0.0000000000000000000, 0.0000000000000000000, -1.000000000000000000 ) ) ;
#1954 = VECTOR ( 'NONE', #1247, 1000.000000000000000 ) ;
#1955 = CARTESIAN_POINT ( 'NONE',  ( -1.527993865776235700, 0.7379799061751969300, 2.277661051173971000 ) ) ;
#1956 = CARTESIAN_POINT ( 'NONE',  ( 2.650000000000000400, 0.6650298570109560700, 2.221775176122019700 ) ) ;
#1957 = CARTESIAN_POINT ( 'NONE',  ( -2.549518716370348800, 0.7853889236346121000, 2.075280160927992500 ) ) ;
#1958 = CARTESIAN_POINT ( 'NONE',  ( -1.086106140609196500, 1.021582879206627000, 1.831891492532632200 ) ) ;
#1959 = CARTESIAN_POINT ( 'NONE',  ( 2.549983711969481300, 0.6966838699713053800, 2.350225187333323100 ) ) ;
#1960 = CARTESIAN_POINT ( 'NONE',  ( -2.049999999999998500, 0.8999999999999998000, 1.850000000000000100 ) ) ;
#1961 = LINE ( 'NONE', #2385, #1176 ) ;
#1962 = CARTESIAN_POINT ( 'NONE',  ( -1.924410030899832900, 0.8019857579230426100, 2.044241051233045800 ) ) ;
#1963 = CARTESIAN_POINT ( 'NONE',  ( -1.672540930644304000, 0.6840911495788375400, 1.905938405391626000 ) ) ;
#1964 = CARTESIAN_POINT ( 'NONE',  ( 0.1413771696446249900, 0.09999999999999990800, -2.290765313538606600 ) ) ;
#1965 = CARTESIAN_POINT ( 'NONE',  ( 1.964294742901957900, 0.7047197551196603400, 2.349999999999998800 ) ) ;
#1966 = UNCERTAINTY_MEASURE_WITH_UNIT (LENGTH_MEASURE( 1.000000000000000100E-005 ), #2209, 'distance_accuracy_value', 'NONE');
#1967 = LINE ( 'NONE', #1593, #734 ) ;
#1968 = CARTESIAN_POINT ( 'NONE',  ( 1.964294742901957900, 0.6000000000000004200, 1.949999999999998800 ) ) ;
#1969 = ORIENTED_EDGE ( 'NONE', *, *, #5596, .T. ) ;
#1970 = VECTOR ( 'NONE', #5307, 1000.000000000000000 ) ;
#1971 = CARTESIAN_POINT ( 'NONE',  ( -0.6155646750651884200, 0.09999999999999996400, 2.117140278992621000 ) ) ;
#1972 = CIRCLE ( 'NONE', #788, 0.2000000000000001800 ) ;
#1973 = APPLICATION_PROTOCOL_DEFINITION ( 'draft international standard', 'automotive_design', 1998, #153 ) ;
#1974 = EDGE_CURVE ( 'NONE', #1569, #4401, #2459, .T. ) ;
#1975 = CARTESIAN_POINT ( 'NONE',  ( 1.925000000000000900, 0.6000000000000005300, 2.149999999999999000 ) ) ;
#1976 = EDGE_LOOP ( 'NONE', ( #770, #3299, #181, #4725 ) ) ;
#1977 = ORIENTED_EDGE ( 'NONE', *, *, #5683, .F. ) ;
#1978 = VECTOR ( 'NONE', #2460, 1000.000000000000000 ) ;
#1979 = DIRECTION ( 'NONE',  ( -0.1540488043623526900, -0.6986662171146320600, -0.6986662171146242900 ) ) ;
#1980 = ADVANCED_FACE ( 'NONE', ( #3026 ), #1848, .F. ) ;
#1981 = DIRECTION ( 'NONE',  ( 0.0000000000000000000, 1.084202172485504000E-015, 1.000000000000000000 ) ) ;
#1982 = EDGE_LOOP ( 'NONE', ( #1201, #743, #3850, #4052 ) ) ;
#1983 = VECTOR ( 'NONE', #3525, 1000.000000000000000 ) ;
#1984 = CARTESIAN_POINT ( 'NONE',  ( -1.102415996722067900, 1.462966139979255500, 1.474913481953265400 ) ) ;
#1985 = VERTEX_POINT ( 'NONE', #1826 ) ;
#1986 = VERTEX_POINT ( 'NONE', #5914 ) ;
#1987 = DIRECTION ( 'NONE',  ( -1.000000000000000000, 0.0000000000000000000, 1.266949100621695300E-016 ) ) ;
#1988 = LINE ( 'NONE', #3831, #5410 ) ;
#1989 = B_SPLINE_CURVE_WITH_KNOTS ( 'NONE', 3,
 ( #5095, #19, #2301, #3666, #5518, #490, #3690, #4119, #62, #1397, #5081, #472, #4675, #967, #1863, #5058, #4142, #945, #1420, #4159, #4647, #1894 ),
 .UNSPECIFIED., .F., .F.,
 ( 4, 2, 2, 2, 2, 2, 2, 2, 2, 2, 4 ),
 ( 0.0000000000000000000, 0.06249999999999980600, 0.1249999999999996100, 0.2499999999999997200, 0.4999999999999995600, 0.6249999999999994400, 0.6874999999999995600, 0.7499999999999995600, 0.8749999999999997800, 0.9374999999999997800, 1.000000000000000000 ),
 .UNSPECIFIED. ) ;
#1990 = CARTESIAN_POINT ( 'NONE',  ( -1.457675612443633000, 1.146606955438629600, 1.583843529532804600 ) ) ;
#1991 = CARTESIAN_POINT ( 'NONE',  ( -1.602410540530401400, 0.5761749128191888700, 2.307641912769403000 ) ) ;
#1992 = CARTESIAN_POINT ( 'NONE',  ( -1.776035663235344500, 0.5161235654771606500, 2.339081367390512000 ) ) ;
#1993 = CARTESIAN_POINT ( 'NONE',  ( 0.1130535033375627600, 0.09999999999999996400, -2.294132708496528800 ) ) ;
#1994 = CARTESIAN_POINT ( 'NONE',  ( 1.731329225375720000, 0.5280373329482034300, 2.332838338569255900 ) ) ;
#1995 = EDGE_LOOP ( 'NONE', ( #4420, #1326, #4617, #5004 ) ) ;
#1996 = EDGE_CURVE ( 'NONE', #250, #545, #3959, .T. ) ;
#1997 = ORIENTED_EDGE ( 'NONE', *, *, #5028, .T. ) ;
#1998 = CARTESIAN_POINT ( 'NONE',  ( 1.964294742901957900, 0.6000000000000004200, 2.349999999999998800 ) ) ;
#1999 = VECTOR ( 'NONE', #3427, 1000.000000000000000 ) ;
#2000 = CARTESIAN_POINT ( 'NONE',  ( 0.4010376748766935600, 0.09999999999999990800, 2.224023859907517500 ) ) ;
#2001 = EDGE_LOOP ( 'NONE', ( #2792, #5480, #584, #4577 ) ) ;
#2002 = FILL_AREA_STYLE ('',( #1047 ) ) ;
#2003 = EDGE_CURVE ( 'NONE', #3162, #60, #5483, .T. ) ;
#2004 = DIRECTION ( 'NONE',  ( 2.168404344970998600E-015, 0.0000000000000000000, 1.000000000000000000 ) ) ;
#2005 = VECTOR ( 'NONE', #5112, 1000.000000000000000 ) ;
#2006 =( LENGTH_UNIT ( ) NAMED_UNIT ( * ) SI_UNIT ( .MILLI., .METRE. ) );
#2007 = VERTEX_POINT ( 'NONE', #7 ) ;
#2008 = CARTESIAN_POINT ( 'NONE',  ( -2.649999999999999500, 0.1000000000000000100, -1.849999999999999900 ) ) ;
#2009 = CARTESIAN_POINT ( 'NONE',  ( -1.494898854449303800, 1.200219186521328300, 1.740394630131539600 ) ) ;
#2010 = VERTEX_POINT ( 'NONE', #4608 ) ;
#2011 = CARTESIAN_POINT ( 'NONE',  ( -1.964294742901958400, 0.4952802448803405600, 1.949999999999999100 ) ) ;
#2012 = CARTESIAN_POINT ( 'NONE',  ( -1.765682894265371500, 0.4219695034424916200, 2.243211250757922900 ) ) ;
#2013 = CARTESIAN_POINT ( 'NONE',  ( -0.9282273282213089300, 0.3000000000000004900, -2.135368215397775800 ) ) ;
#2014 = CARTESIAN_POINT ( 'NONE',  ( 1.906425996537373800, 0.6028488112221462900, 1.948508730989112000 ) ) ;
#2015 = ADVANCED_FACE ( 'NONE', ( #1342 ), #3622, .T. ) ;
#2016 = EDGE_CURVE ( 'NONE', #1645, #3252, #3524, .T. ) ;
#2017 = CARTESIAN_POINT ( 'NONE',  ( 0.9405489332867905700, 0.09999999999999997800, 1.847506806975265400 ) ) ;
#2018 = DIRECTION ( 'NONE',  ( -1.000000000000000000, -0.0000000000000000000, 2.344220913482172100E-016 ) ) ;
#2019 = CARTESIAN_POINT ( 'NONE',  ( -2.650000000000001700, 0.6000000000000004200, -0.9000000000000009100 ) ) ;
#2020 = CARTESIAN_POINT ( 'NONE',  ( -1.964294742901957900, 0.8000000000000003800, 2.254719755119658900 ) ) ;
#2021 = DIRECTION ( 'NONE',  ( 0.0000000000000000000, 0.0000000000000000000, 1.000000000000000000 ) ) ;
#2022 = CARTESIAN_POINT ( 'NONE',  ( 1.338167331331740200, 1.384606833564511000, 1.761018132879553600 ) ) ;
#2023 = CYLINDRICAL_SURFACE ( 'NONE', #1001, 0.2791601061504556700 ) ;
#2024 = FILL_AREA_STYLE ('',( #162 ) ) ;
#2025 = CARTESIAN_POINT ( 'NONE',  ( -1.471019814190938700, 0.9336108124458972800, 2.230108248233697600 ) ) ;
#2026 = CARTESIAN_POINT ( 'NONE',  ( -1.446098106852461400, 0.5625492255108064400, 2.169512423960666200 ) ) ;
#2027 = CARTESIAN_POINT ( 'NONE',  ( 0.9777054760465935200, 0.09999999999999990800, -1.805281659775707100 ) ) ;
#2028 = CARTESIAN_POINT ( 'NONE',  ( 1.688332282736985500, 0.5577736668712532900, 1.917279331974643700 ) ) ;
#2029 = LINE ( 'NONE', #494, #943 ) ;
#2030 = CARTESIAN_POINT ( 'NONE',  ( 1.964294742901958400, 0.8000000000000003800, 2.045280244880339100 ) ) ;
#2031 = CARTESIAN_POINT ( 'NONE',  ( -1.711322751605630900, 4.500000000000000000, 0.0000000000000000000 ) ) ;
#2032 = LINE ( 'NONE', #3194, #4380 ) ;
#2033 = CARTESIAN_POINT ( 'NONE',  ( 1.333705217223839300, 1.127634849458474900, 2.094189079859357900 ) ) ;
#2034 = CARTESIAN_POINT ( 'NONE',  ( -1.964294742901957900, 0.6000000000000003100, 1.949999999999998800 ) ) ;
#2035 = DIRECTION ( 'NONE',  ( -1.000000000000000000, 0.0000000000000000000, -2.168404344970998600E-015 ) ) ;
#2036 = CIRCLE ( 'NONE', #3004, 0.2000000000000003200 ) ;
#2037 =( GEOMETRIC_REPRESENTATION_CONTEXT ( 3 ) GLOBAL_UNCERTAINTY_ASSIGNED_CONTEXT ( ( #5900 ) ) GLOBAL_UNIT_ASSIGNED_CONTEXT ( ( #497, #5568, #2311 ) ) REPRESENTATION_CONTEXT ( 'NONE', 'WORKASPACE' ) );
#2038 = ORIENTED_EDGE ( 'NONE', *, *, #2508, .T. ) ;
#2039 = CARTESIAN_POINT ( 'NONE',  ( 1.306616667488059000, 1.172504317051865600, 2.051197597948166300 ) ) ;
#2040 = STYLED_ITEM ( 'NONE', ( #2696 ), #10 ) ;
#2041 = CARTESIAN_POINT ( 'NONE',  ( -1.200000000000001300, 0.9000000000000001300, 1.849999999999999200 ) ) ;
#2042 = CARTESIAN_POINT ( 'NONE',  ( -1.644506373337224700, 0.5579897882077871100, 2.317156870309705000 ) ) ;
#2043 = CARTESIAN_POINT ( 'NONE',  ( -1.789048751622745800, 0.7295826985814790600, 2.336973260688770500 ) ) ;
#2044 = VERTEX_POINT ( 'NONE', #3137 ) ;
#2045 = LINE ( 'NONE', #3896, #4247 ) ;
#2046 = FACE_OUTER_BOUND ( 'NONE', #4118, .T. ) ;
#2047 = EDGE_LOOP ( 'NONE', ( #4857, #339, #4713, #1756, #1542 ) ) ;
#2048 = DIRECTION ( 'NONE',  ( -1.000000000000000000, 0.0000000000000000000, 0.0000000000000000000 ) ) ;
#2049 = CARTESIAN_POINT ( 'NONE',  ( -1.369737594342602900, 1.109998787272264100, 1.514664959070758800 ) ) ;
#2050 = ORIENTED_EDGE ( 'NONE', *, *, #2574, .T. ) ;
#2051 = ORIENTED_EDGE ( 'NONE', *, *, #2806, .F. ) ;
#2052 = DIRECTION ( 'NONE',  ( -0.6427368667560700000, -0.7493510564894910700, -0.1592554999071410800 ) ) ;
#2053 = DIRECTION ( 'NONE',  ( 0.0000000000000000000, 1.000000000000000000, 0.0000000000000000000 ) ) ;
#2054 = TOROIDAL_SURFACE ( 'NONE', #5374, 3.806325207609592800, 2.966666666666668600 ) ;
#2055 = CARTESIAN_POINT ( 'NONE',  ( 1.193116479845847100, 1.423340242431381200, 1.720845464163730100 ) ) ;
#2056 = ORIENTED_EDGE ( 'NONE', *, *, #402, .F. ) ;
#2057 = ORIENTED_EDGE ( 'NONE', *, *, #4127, .T. ) ;
#2058 = ORIENTED_EDGE ( 'NONE', *, *, #133, .T. ) ;
#2059 = CIRCLE ( 'NONE', #5104, 0.09999999999999982500 ) ;
#2060 = DIRECTION ( 'NONE',  ( -0.0000000000000000000, -2.258754526011467700E-016, 1.000000000000000000 ) ) ;
#2061 = CARTESIAN_POINT ( 'NONE',  ( 1.452935328689656700, 1.361732251601902100, 1.452846461045340200 ) ) ;
#2062 = CARTESIAN_POINT ( 'NONE',  ( -2.549999999999999400, 3.499999999999999600, -2.111351376446603600 ) ) ;
#2063 = ORIENTED_EDGE ( 'NONE', *, *, #1498, .F. ) ;
#2064 = ORIENTED_EDGE ( 'NONE', *, *, #2481, .F. ) ;
#2065 = CARTESIAN_POINT ( 'NONE',  ( -1.387018782962577100, 1.271757484768597300, 1.914805355431013200 ) ) ;
#2066 = FACE_OUTER_BOUND ( 'NONE', #3192, .T. ) ;
#2067 = CARTESIAN_POINT ( 'NONE',  ( -1.920474080367715400, 0.4003502450735859100, 2.045097251198315200 ) ) ;
#2068 = CARTESIAN_POINT ( 'NONE',  ( -1.789089647745030000, 0.5201337872960892800, 1.936978442184305700 ) ) ;
#2069 = DIRECTION ( 'NONE',  ( 1.827307032278939000E-016, 0.0000000000000000000, 1.000000000000000000 ) ) ;
#2070 = CARTESIAN_POINT ( 'NONE',  ( 1.589920150421539200, 0.7458757146600809600, 1.873650262615438800 ) ) ;
#2071 = ORIENTED_EDGE ( 'NONE', *, *, #729, .F. ) ;
#2072 = EDGE_CURVE ( 'NONE', #2074, #899, #5784, .T. ) ;
#2073 = ADVANCED_FACE ( 'NONE', ( #4257 ), #3601, .T. ) ;
#2074 = VERTEX_POINT ( 'NONE', #5067 ) ;
#2075 = CARTESIAN_POINT ( 'NONE',  ( 1.964294742901958400, 0.4000000000000000200, 2.045280244880339100 ) ) ;
#2076 = CARTESIAN_POINT ( 'NONE',  ( -1.367281466543723000, 1.187878130681741000, 1.333198689089988100 ) ) ;
#2077 = DIRECTION ( 'NONE',  ( 0.1039479909181870400, -0.2912649715918037000, 0.9509781971778840100 ) ) ;
#2078 = CARTESIAN_POINT ( 'NONE',  ( 1.446101183711558900, 0.9410147817117210400, 1.737483079866199500 ) ) ;
#2079 = EDGE_CURVE ( 'NONE', #2682, #1708, #3377, .T. ) ;
#2080 = ORIENTED_EDGE ( 'NONE', *, *, #2770, .F. ) ;
#2081 = CARTESIAN_POINT ( 'NONE',  ( -2.549708784090725100, 0.6317949607559146800, 1.953094320266763700 ) ) ;
#2082 = CARTESIAN_POINT ( 'NONE',  ( -1.925000000000000300, 0.1000000000000000200, 1.849999999999999900 ) ) ;
#2083 = CARTESIAN_POINT ( 'NONE',  ( 1.200000000000000600, 0.0000000000000000000, -1.950000000000000000 ) ) ;
#2084 = CARTESIAN_POINT ( 'NONE',  ( 1.494898854449303800, 1.200219186521328300, 1.740394630131539600 ) ) ;
#2085 = CARTESIAN_POINT ( 'NONE',  ( 1.180900769430448300, 1.192937304055972800, 1.935556304578724700 ) ) ;
#2086 = DIRECTION ( 'NONE',  ( 1.000000000000000000, 0.0000000000000000000, 0.0000000000000000000 ) ) ;
#2087 = DIRECTION ( 'NONE',  ( 2.344220913482172100E-016, 3.491481338843133400E-015, 1.000000000000000000 ) ) ;
#2088 = CARTESIAN_POINT ( 'NONE',  ( 2.650000000000000400, 0.8000000000000007100, 2.254719755119658900 ) ) ;
#2089 = EDGE_CURVE ( 'NONE', #2121, #3885, #2464, .T. ) ;
#2090 = DIRECTION ( 'NONE',  ( -0.3511484866841285100, 0.0000000000000000000, 0.9363197852760810600 ) ) ;
#2091 = CARTESIAN_POINT ( 'NONE',  ( -2.181111645872787700, 0.7976346716768939500, 2.046515801281427700 ) ) ;
#2092 = ADVANCED_FACE ( 'NONE', ( #1198 ), #2720, .F. ) ;
#2093 = CARTESIAN_POINT ( 'NONE',  ( 1.315732273005495400, 1.486312362522056900, 1.570291428054944900 ) ) ;
#2094 = CARTESIAN_POINT ( 'NONE',  ( 1.394760078095233200, 0.8642773512779241600, 2.211573121436070100 ) ) ;
#2095 = CIRCLE ( 'NONE', #1357, 0.2000000000000003200 ) ;
#2096 = EDGE_CURVE ( 'NONE', #1362, #3252, #2116, .T. ) ;
#2097 = CARTESIAN_POINT ( 'NONE',  ( -3.040677841492066900E-016, 4.500000000000000000, -2.399999999999998600 ) ) ;
#2098 = CARTESIAN_POINT ( 'NONE',  ( -1.547336403710214000, 0.7934783820616612100, 1.848657193403494300 ) ) ;
#2099 = CARTESIAN_POINT ( 'NONE',  ( -0.3608819780375717200, 0.09999999999999990800, -2.238675436777877600 ) ) ;
#2100 = CARTESIAN_POINT ( 'NONE',  ( 2.550000000000000300, 3.499999999999999600, -2.111351376446603600 ) ) ;
#2101 = EDGE_CURVE ( 'NONE', #1127, #5330, #4406, .T. ) ;
#2102 = AXIS2_PLACEMENT_3D ( 'NONE', #1900, #5098, #1384 ) ;
#2103 = CARTESIAN_POINT ( 'NONE',  ( -2.550000000000000700, 0.1000000000000002600, -1.000000000000001100 ) ) ;
#2104 = LINE ( 'NONE', #779, #5702 ) ;
#2105 = CARTESIAN_POINT ( 'NONE',  ( 2.650000000000000800, 0.6038696424203245900, 2.049331127847338500 ) ) ;
#2106 = CARTESIAN_POINT ( 'NONE',  ( 1.464350960922946400, 0.9109885594081055200, 1.766035075666145400 ) ) ;
#2107 = ORIENTED_EDGE ( 'NONE', *, *, #4375, .T. ) ;
#2108 = VECTOR ( 'NONE', #5190, 1000.000000000000000 ) ;
#2109 = CARTESIAN_POINT ( 'NONE',  ( 2.550000000000002500, 0.6000000000000008700, -0.9000000000000009100 ) ) ;
#2110 = LINE ( 'NONE', #5019, #1338 ) ;
#2111 = CARTESIAN_POINT ( 'NONE',  ( 0.3512863992196703100, 0.1000000000000000100, -2.242676737518702000 ) ) ;
#2112 = CARTESIAN_POINT ( 'NONE',  ( -1.711322751605630900, 4.500000000000000000, 0.0000000000000000000 ) ) ;
#2113 = ORIENTED_EDGE ( 'NONE', *, *, #4678, .T. ) ;
#2114 = ORIENTED_EDGE ( 'NONE', *, *, #3927, .T. ) ;
#2115 = DIRECTION ( 'NONE',  ( 0.0000000000000000000, 1.000000000000000000, -0.0000000000000000000 ) ) ;
#2116 = LINE ( 'NONE', #2810, #5632 ) ;
#2117 = CARTESIAN_POINT ( 'NONE',  ( -1.672540930644304000, 0.6840911495788375400, 1.905938405391626000 ) ) ;
#2118 = CARTESIAN_POINT ( 'NONE',  ( 1.724566217200916200, 0.8788134112726943000, 2.003936369439267100 ) ) ;
#2119 = EDGE_CURVE ( 'NONE', #3816, #2609, #4309, .T. ) ;
#2120 = CARTESIAN_POINT ( 'NONE',  ( -0.8813327773738189900, 0.09999999999999990800, -1.907313707803432300 ) ) ;
#2121 = VERTEX_POINT ( 'NONE', #106 ) ;
#2122 = ORIENTED_EDGE ( 'NONE', *, *, #4936, .F. ) ;
#2123 = ADVANCED_FACE ( 'NONE', ( #313 ), #951, .T. ) ;
#2124 = ORIENTED_EDGE ( 'NONE', *, *, #2716, .F. ) ;
#2125 = LINE ( 'NONE', #2164, #1774 ) ;
#2126 = ORIENTED_EDGE ( 'NONE', *, *, #2559, .T. ) ;
#2127 = ORIENTED_EDGE ( 'NONE', *, *, #1807, .T. ) ;
#2128 = CARTESIAN_POINT ( 'NONE',  ( 2.550000000000000700, 0.0000000000000000000, 1.849999999999999900 ) ) ;
#2129 = ORIENTED_EDGE ( 'NONE', *, *, #1604, .T. ) ;
#2130 = CARTESIAN_POINT ( 'NONE',  ( 1.711516543093141800, 3.499999999999999600, -2.499999999999998700 ) ) ;
#2131 = LINE ( 'NONE', #3548, #2972 ) ;
#2132 = CARTESIAN_POINT ( 'NONE',  ( -1.925000000000001400, 0.6000000000000005300, 2.449999999999998800 ) ) ;
#2133 = CARTESIAN_POINT ( 'NONE',  ( 2.550000000000000700, 0.1000000000000000100, 1.949999999999999700 ) ) ;
#2134 = ORIENTED_EDGE ( 'NONE', *, *, #2685, .F. ) ;
#2135 = CARTESIAN_POINT ( 'NONE',  ( 0.8095102802200140300, 0.09999999999999999200, -1.974041380384322200 ) ) ;
#2136 = CARTESIAN_POINT ( 'NONE',  ( 1.362331900726095200, 1.155191326587447400, 1.423746122897575800 ) ) ;
#2137 = ORIENTED_EDGE ( 'NONE', *, *, #4259, .F. ) ;
#2138 = CARTESIAN_POINT ( 'NONE',  ( -2.550000000000000700, 0.6000000000000004200, 1.949999999999999500 ) ) ;
#2139 = ORIENTED_EDGE ( 'NONE', *, *, #5555, .F. ) ;
#2140 = CARTESIAN_POINT ( 'NONE',  ( -1.789089647745030000, 0.5201337872960892800, 1.936978442184305700 ) ) ;
#2141 = CARTESIAN_POINT ( 'NONE',  ( -1.471076667614508800, 0.7241449208936883200, 1.830122066605866600 ) ) ;
#2142 = MECHANICAL_DESIGN_GEOMETRIC_PRESENTATION_REPRESENTATION (  '', ( #4887 ), #2555 ) ;
#2143 = AXIS2_PLACEMENT_3D ( 'NONE', #4075, #2296, #2278 ) ;
#2144 = CARTESIAN_POINT ( 'NONE',  ( -2.821966363851285800E-012, 0.3000000000000004900, -2.500000000246297200 ) ) ;
#2145 = ORIENTED_EDGE ( 'NONE', *, *, #4371, .T. ) ;
#2146 = CARTESIAN_POINT ( 'NONE',  ( -2.650000000000000400, 0.6966534451502214300, 2.173400077428798000 ) ) ;
#2147 = CARTESIAN_POINT ( 'NONE',  ( 1.200000000000000200, 0.3000000000000004900, 1.850000000000000300 ) ) ;
#2148 = ADVANCED_BREP_SHAPE_REPRESENTATION ( 'VLS5045EX-100M-H', ( #2927, #4656, #5603, #4002, #1797, #3740, #10, #4535, #4267, #2823, #264 ), #1316 ) ;
#2149 = CARTESIAN_POINT ( 'NONE',  ( 2.175246257163844000, 2.200000000000000600, -4.274279060137023300 ) ) ;
#2150 = CARTESIAN_POINT ( 'NONE',  ( 1.254179606750064100, 0.6000000000000005300, 2.149999999999999000 ) ) ;
#2151 = AXIS2_PLACEMENT_3D ( 'NONE', #2825, #5365, #5939 ) ;
#2152 = ADVANCED_FACE ( 'NONE', ( #244 ), #3713, .F. ) ;
#2153 = CARTESIAN_POINT ( 'NONE',  ( -2.550243401262926900, 0.4112772593471831200, 2.034521267292519900 ) ) ;
#2154 = ADVANCED_FACE ( 'NONE', ( #1114 ), #3228, .T. ) ;
#2155 = CARTESIAN_POINT ( 'NONE',  ( -2.550024304833789800, 0.5030785814806718600, 1.976122502111758800 ) ) ;
#2156 = CARTESIAN_POINT ( 'NONE',  ( 1.367850346780454400, 0.8745556439892412400, 1.716827380273656400 ) ) ;
#2157 = DIRECTION ( 'NONE',  ( -7.523163845262616200E-030, 1.000000000000000000, -3.469446951953611800E-015 ) ) ;
#2158 = CARTESIAN_POINT ( 'NONE',  ( 1.925000000000000300, 0.6000000000000002000, 1.849999999999999400 ) ) ;
#2159 = CARTESIAN_POINT ( 'NONE',  ( 2.650000000000000400, 0.5402401737518834900, 2.073341643272450100 ) ) ;
#2160 = VECTOR ( 'NONE', #3349, 1000.000000000000200 ) ;
#2161 = CARTESIAN_POINT ( 'NONE',  ( 0.0000000000000000000, 0.6000000000000004200, 1.949999999999999700 ) ) ;
#2162 = EDGE_CURVE ( 'NONE', #1859, #258, #594, .T. ) ;
#2163 = CARTESIAN_POINT ( 'NONE',  ( -2.650000000000000400, 0.6260296448843950500, 2.246025310030689100 ) ) ;
#2164 = CARTESIAN_POINT ( 'NONE',  ( -1.254179606750064100, 0.6000000000000002000, 1.849999999999999400 ) ) ;
#2165 = DIRECTION ( 'NONE',  ( -0.3511484866841279600, 0.0000000000000000000, 0.9363197852760812800 ) ) ;
#2166 = DIRECTION ( 'NONE',  ( 0.0000000000000000000, 2.334046343545183200E-016, -1.000000000000000000 ) ) ;
#2167 = DIRECTION ( 'NONE',  ( 0.0000000000000000000, 0.0000000000000000000, -1.000000000000000000 ) ) ;
#2168 = VECTOR ( 'NONE', #2157, 1000.000000000000000 ) ;
#2169 = CARTESIAN_POINT ( 'NONE',  ( 0.8742144208727411500, 0.09999999999999999200, -1.914738887952264900 ) ) ;
#2170 = CARTESIAN_POINT ( 'NONE',  ( 1.166966019098065700, 1.015758924339695800, 1.564486583146252000 ) ) ;
#2171 = CARTESIAN_POINT ( 'NONE',  ( -2.549999999999999800, 4.399999999999998600, 2.111351376446605400 ) ) ;
#2172 = EDGE_CURVE ( 'NONE', #94, #2595, #5859, .T. ) ;
#2173 = ORIENTED_EDGE ( 'NONE', *, *, #3135, .F. ) ;
#2174 = DIRECTION ( 'NONE',  ( 0.0000000000000000000, 0.0000000000000000000, 1.000000000000000000 ) ) ;
#2175 = CARTESIAN_POINT ( 'NONE',  ( 1.620037812392821600, 0.8030192911820726000, 2.298494958568887200 ) ) ;
#2176 = CARTESIAN_POINT ( 'NONE',  ( 2.650000000000000400, 0.5829173176695020600, 2.248383508018046300 ) ) ;
#2177 = ORIENTED_EDGE ( 'NONE', *, *, #4632, .F. ) ;
#2178 = ADVANCED_FACE ( 'NONE', ( #2543 ), #2809, .T. ) ;
#2179 = VECTOR ( 'NONE', #1284, 1000.000000000000000 ) ;
#2180 = CARTESIAN_POINT ( 'NONE',  ( 2.550000000000001200, 0.6000000000000005300, 2.449999999999998800 ) ) ;
#2181 = EDGE_CURVE ( 'NONE', #4640, #4778, #3164, .T. ) ;
#2182 = STYLED_ITEM ( 'NONE', ( #3436 ), #4535 ) ;
#2183 = ORIENTED_EDGE ( 'NONE', *, *, #4068, .T. ) ;
#2184 = CARTESIAN_POINT ( 'NONE',  ( 2.650000000000000400, 0.7047197551196604500, 2.349999999999999200 ) ) ;
#2185 = CARTESIAN_POINT ( 'NONE',  ( -2.650000000000000400, 0.6089478294607665300, 2.249633120149745900 ) ) ;
#2186 = PLANE ( 'NONE',  #5960 ) ;
#2187 = FILL_AREA_STYLE ('',( #2225 ) ) ;
#2188 = ORIENTED_EDGE ( 'NONE', *, *, #325, .T. ) ;
#2189 = FACE_OUTER_BOUND ( 'NONE', #5941, .T. ) ;
#2190 = ORIENTED_EDGE ( 'NONE', *, *, #3018, .T. ) ;
#2191 = ORIENTED_EDGE ( 'NONE', *, *, #3795, .T. ) ;
#2192 = LINE ( 'NONE', #4319, #976 ) ;
#2193 = CARTESIAN_POINT ( 'NONE',  ( -2.550175847173721300, 0.4456011148360110000, 2.019175345946598200 ) ) ;
#2194 = CARTESIAN_POINT ( 'NONE',  ( 1.157001604393391900, 1.047537377681824200, 1.511993864025368500 ) ) ;
#2195 = DIRECTION ( 'NONE',  ( 0.0000000000000000000, 0.0000000000000000000, -1.000000000000000000 ) ) ;
#2196 = ORIENTED_EDGE ( 'NONE', *, *, #506, .T. ) ;
#2197 = VERTEX_POINT ( 'NONE', #5230 ) ;
#2198 = LINE ( 'NONE', #3267, #983 ) ;
#2199 = CARTESIAN_POINT ( 'NONE',  ( 1.388535711018647800, 0.7166282703304199800, 2.234123213686079800 ) ) ;
#2200 = EDGE_CURVE ( 'NONE', #5789, #3981, #4105, .T. ) ;
#2201 = ORIENTED_EDGE ( 'NONE', *, *, #1950, .T. ) ;
#2202 = ORIENTED_EDGE ( 'NONE', *, *, #309, .T. ) ;
#2203 = CARTESIAN_POINT ( 'NONE',  ( -1.278075341626839100, 0.8461611144507761300, 2.165906092949913700 ) ) ;
#2204 = ORIENTED_EDGE ( 'NONE', *, *, #18, .F. ) ;
#2205 = VECTOR ( 'NONE', #2977, 1000.000000000000000 ) ;
#2206 = CARTESIAN_POINT ( 'NONE',  ( -2.650000000000000400, 0.6852592170207886200, 2.103301251966447800 ) ) ;
#2207 = CARTESIAN_POINT ( 'NONE',  ( -2.650000000000000400, 0.5106053884226255900, 2.192977502629975400 ) ) ;
#2208 = ORIENTED_EDGE ( 'NONE', *, *, #1071, .T. ) ;
#2209 =( LENGTH_UNIT ( ) NAMED_UNIT ( * ) SI_UNIT ( .MILLI., .METRE. ) );
#2210 = ADVANCED_FACE ( 'NONE', ( #4636 ), #2929, .F. ) ;
#2211 = PLANE ( 'NONE',  #5840 ) ;
#2212 = CARTESIAN_POINT ( 'NONE',  ( -2.549974324845182000, 0.6966396597256662200, 2.323962249770873200 ) ) ;
#2213 = ORIENTED_EDGE ( 'NONE', *, *, #5962, .T. ) ;
#2214 = EDGE_CURVE ( 'NONE', #4346, #2074, #1625, .T. ) ;
#2215 = CARTESIAN_POINT ( 'NONE',  ( -2.649999999999999500, 0.5575864505739232000, 2.242842341694507800 ) ) ;
#2216 = ORIENTED_EDGE ( 'NONE', *, *, #2359, .F. ) ;
#2217 = CARTESIAN_POINT ( 'NONE',  ( 2.649999999999983500, 0.6966531360113056300, 2.323984021092873100 ) ) ;
#2218 = CARTESIAN_POINT ( 'NONE',  ( 1.670567217354546300, 0.9252311363298947300, 1.979869706683956600 ) ) ;
#2219 = CARTESIAN_POINT ( 'NONE',  ( 2.650000000000000400, 0.5224902223352849700, 2.090134367957642100 ) ) ;
#2220 = AXIS2_PLACEMENT_3D ( 'NONE', #3917, #1148, #1106 ) ;
#2221 = CARTESIAN_POINT ( 'NONE',  ( -1.182005927965526200, 1.525546762847769500, 1.501678906225014700 ) ) ;
#2222 = DIRECTION ( 'NONE',  ( 0.0000000000000000000, 1.000000000000000000, 2.258754526011467700E-016 ) ) ;
#2223 = CARTESIAN_POINT ( 'NONE',  ( 2.181111645872787700, 0.7976346716768939500, 2.046515801281427700 ) ) ;
#2224 = CARTESIAN_POINT ( 'NONE',  ( -1.711516543093141600, 4.399999999999998600, -2.499999999999998200 ) ) ;
#2225 = FILL_AREA_STYLE_COLOUR ( '', #3602 ) ;
#2226 = AXIS2_PLACEMENT_3D ( 'NONE', #4841, #1110, #2989 ) ;
#2227 = CARTESIAN_POINT ( 'NONE',  ( 1.200000000000001100, 0.8999999999999998000, 1.849999999999999200 ) ) ;
#2228 = CARTESIAN_POINT ( 'NONE',  ( -2.550392557956220300, 0.5134478970211312500, 2.335554016288896600 ) ) ;
#2229 = DIRECTION ( 'NONE',  ( 1.000000000000000000, 0.0000000000000000000, -2.344220913482172100E-016 ) ) ;
#2230 = CARTESIAN_POINT ( 'NONE',  ( -1.254179606750064100, 0.6000000000000002000, 1.849999999999999400 ) ) ;
#2231 = EDGE_CURVE ( 'NONE', #1985, #4978, #5334, .T. ) ;
#2232 = CARTESIAN_POINT ( 'NONE',  ( 1.688367502434858800, 0.7671839774336254300, 2.317295604473685000 ) ) ;
#2233 = FACE_OUTER_BOUND ( 'NONE', #1465, .T. ) ;
#2234 = CARTESIAN_POINT ( 'NONE',  ( -1.656637997043547600, 0.9427598966707988500, 1.970503474246424500 ) ) ;
#2235 = SURFACE_STYLE_USAGE ( .BOTH. , #3155 ) ;
#2236 = CARTESIAN_POINT ( 'NONE',  ( 2.649999999999972400, 0.4991352437401263600, 2.159304103916644300 ) ) ;
#2237 = CARTESIAN_POINT ( 'NONE',  ( -2.650000000000090100, 0.6164433852275295100, 2.052117769353035000 ) ) ;
#2238 = VECTOR ( 'NONE', #2411, 1000.000000000000000 ) ;
#2239 = CARTESIAN_POINT ( 'NONE',  ( -2.550000000000000700, 0.0000000000000000000, -1.000000000000001100 ) ) ;
#2240 = CARTESIAN_POINT ( 'NONE',  ( 1.563449728602188900, 1.074642731195210000, 1.877852970781221900 ) ) ;
#2241 = CARTESIAN_POINT ( 'NONE',  ( -2.649999999999999500, 0.5955187274584220500, 2.251139500653878100 ) ) ;
#2242 = CARTESIAN_POINT ( 'NONE',  ( -2.650000000000000400, 0.4000000000000003000, 2.254719755119658900 ) ) ;
#2243 = LINE ( 'NONE', #1102, #4543 ) ;
#2244 = PLANE ( 'NONE',  #4248 ) ;
#2245 = AXIS2_PLACEMENT_3D ( 'NONE', #3995, #4532, #1282 ) ;
#2246 = ORIENTED_EDGE ( 'NONE', *, *, #2273, .T. ) ;
#2247 = DIRECTION ( 'NONE',  ( -1.827307032278939000E-016, 0.0000000000000000000, -1.000000000000000000 ) ) ;
#2248 = EDGE_CURVE ( 'NONE', #3661, #678, #5125, .T. ) ;
#2249 = LINE ( 'NONE', #489, #3742 ) ;
#2250 = FACE_OUTER_BOUND ( 'NONE', #4865, .T. ) ;
#2251 = CARTESIAN_POINT ( 'NONE',  ( 1.789048751622745800, 0.7295826985814790600, 2.336973260688770500 ) ) ;
#2252 = CARTESIAN_POINT ( 'NONE',  ( -1.432302206330990500, 0.9826102955736043500, 2.204101733984360500 ) ) ;
#2253 = EDGE_LOOP ( 'NONE', ( #4030, #4140, #1293, #5630 ) ) ;
#2254 = ORIENTED_EDGE ( 'NONE', *, *, #4003, .F. ) ;
#2255 = CARTESIAN_POINT ( 'NONE',  ( -1.630865150940503000, 0.9751928708471479000, 1.953173396769850400 ) ) ;
#2256 = LINE ( 'NONE', #4083, #3817 ) ;
#2257 = AXIS2_PLACEMENT_3D ( 'NONE', #3307, #1953, #2833 ) ;
#2258 = DIRECTION ( 'NONE',  ( -4.336808689942016900E-015, 1.000000000000000000, 2.168404344971006200E-016 ) ) ;
#2259 = VERTEX_POINT ( 'NONE', #2407 ) ;
#2260 = CARTESIAN_POINT ( 'NONE',  ( 2.550439734967356200, 0.3989320640798113500, 2.172305209667114900 ) ) ;
#2261 = VERTEX_POINT ( 'NONE', #5619 ) ;
#2262 = CARTESIAN_POINT ( 'NONE',  ( 1.724926420207006300, 0.7746552081853289600, 1.913353111167470900 ) ) ;
#2263 = CARTESIAN_POINT ( 'NONE',  ( 1.454256544261385100, 1.152982386112245000, 2.039133673852013800 ) ) ;
#2264 = ORIENTED_EDGE ( 'NONE', *, *, #4585, .T. ) ;
#2265 = ORIENTED_EDGE ( 'NONE', *, *, #3494, .F. ) ;
#2266 = CARTESIAN_POINT ( 'NONE',  ( -2.650000000000000400, 0.4952802448803405600, 2.349999999999999200 ) ) ;
#2267 = CARTESIAN_POINT ( 'NONE',  ( 0.9521199465474177200, 0.3000000000000004900, 2.114591861640026300 ) ) ;
#2268 = CARTESIAN_POINT ( 'NONE',  ( 2.549782265668134600, 0.5995728764910528400, 1.950223141967440300 ) ) ;
#2269 = VECTOR ( 'NONE', #5460, 1000.000000000000000 ) ;
#2270 = DIRECTION ( 'NONE',  ( 0.0000000000000000000, 1.000000000000000000, 0.0000000000000000000 ) ) ;
#2271 = ORIENTED_EDGE ( 'NONE', *, *, #120, .T. ) ;
#2272 = CARTESIAN_POINT ( 'NONE',  ( 1.464350960922946400, 0.9109885594081055200, 1.766035075666145400 ) ) ;
#2273 = EDGE_CURVE ( 'NONE', #1286, #4114, #2395, .T. ) ;
#2274 = DIRECTION ( 'NONE',  ( -0.0000000000000000000, -1.000000000000000000, -0.0000000000000000000 ) ) ;
#2275 = CARTESIAN_POINT ( 'NONE',  ( -2.550000000000000700, 0.6000000000000004200, 1.849999999999999900 ) ) ;
#2276 = CARTESIAN_POINT ( 'NONE',  ( -1.326401831560837700, 1.421976833092457100, 1.699409495492726400 ) ) ;
#2277 = ORIENTED_EDGE ( 'NONE', *, *, #1498, .T. ) ;
#2278 = DIRECTION ( 'NONE',  ( 0.0000000000000000000, 0.0000000000000000000, 1.000000000000000000 ) ) ;
#2279 = CARTESIAN_POINT ( 'NONE',  ( 2.649999999999991500, 0.5030914741338776700, 1.976143374228827500 ) ) ;
#2280 = CARTESIAN_POINT ( 'NONE',  ( 1.941449432120890200, 0.7049582838343851900, 1.949875392529309700 ) ) ;
#2281 = VERTEX_POINT ( 'NONE', #575 ) ;
#2282 = CARTESIAN_POINT ( 'NONE',  ( 1.338167331331740200, 1.384606833564511000, 1.761018132879553600 ) ) ;
#2283 = CARTESIAN_POINT ( 'NONE',  ( -2.650000000000017700, 0.6746181658396122000, 2.335940399046560600 ) ) ;
#2284 = EDGE_CURVE ( 'NONE', #4179, #4934, #448, .T. ) ;
#2285 = CARTESIAN_POINT ( 'NONE',  ( -2.186165177302926500, 0.7978129979191670400, 2.255862113502977700 ) ) ;
#2286 = CARTESIAN_POINT ( 'NONE',  ( 0.2664051104234109200, 0.3000000000000004900, 2.472396471625050800 ) ) ;
#2287 = CARTESIAN_POINT ( 'NONE',  ( 2.549708784090725100, 0.6317949607559146800, 1.953094320266763700 ) ) ;
#2288 = CARTESIAN_POINT ( 'NONE',  ( -0.8386609206840864900, 2.200000000000000600, 0.7103414590570751300 ) ) ;
#2289 = CARTESIAN_POINT ( 'NONE',  ( 1.642670458277132500, 0.7033827306083000300, 1.895787742225966600 ) ) ;
#2290 = EDGE_CURVE ( 'NONE', #2695, #174, #1616, .T. ) ;
#2291 = DIRECTION ( 'NONE',  ( 0.0000000000000000000, 1.000000000000000000, 2.258754526011467700E-016 ) ) ;
#2292 = ADVANCED_FACE ( 'NONE', ( #4033 ), #620, .F. ) ;
#2293 = CARTESIAN_POINT ( 'NONE',  ( -3.738628180984511500E-018, 2.168404344971008900E-016, 1.849999999999999200 ) ) ;
#2294 = CARTESIAN_POINT ( 'NONE',  ( -1.503297030129477900, 0.8520437117848803600, 1.813444340427279300 ) ) ;
#2295 = CARTESIAN_POINT ( 'NONE',  ( 2.427289628803702000, 0.3989372771355708700, 2.255274975613067700 ) ) ;
#2296 = DIRECTION ( 'NONE',  ( 0.0000000000000000000, 1.000000000000000000, -0.0000000000000000000 ) ) ;
#2297 = LINE ( 'NONE', #3801, #4822 ) ;
#2298 = CARTESIAN_POINT ( 'NONE',  ( 0.1340575253204406600, 0.3000000000000004900, -2.493044063901941300 ) ) ;
#2299 = DIRECTION ( 'NONE',  ( 0.0000000000000000000, -0.9769130135323334000, -0.2136374592415273800 ) ) ;
#2300 = FACE_OUTER_BOUND ( 'NONE', #4873, .T. ) ;
#2301 = CARTESIAN_POINT ( 'NONE',  ( 0.8739271390431890800, 0.1000000000000000100, 1.915012515177724900 ) ) ;
#2302 = CARTESIAN_POINT ( 'NONE',  ( 0.4103013986231119900, 0.3000000000000004300, 2.433097396288031800 ) ) ;
#2303 = PLANE ( 'NONE',  #5926 ) ;
#2304 = EDGE_CURVE ( 'NONE', #3258, #1052, #1189, .T. ) ;
#2305 = DIRECTION ( 'NONE',  ( -1.000000000000000000, 1.869314090492263000E-017, -1.869314090492249700E-017 ) ) ;
#2306 = VERTEX_POINT ( 'NONE', #4824 ) ;
#2307 = CIRCLE ( 'NONE', #717, 0.2000000000000003200 ) ;
#2308 = CARTESIAN_POINT ( 'NONE',  ( -1.922865068505297000, 0.6003382269798415200, 2.349823313646160400 ) ) ;
#2309 = CARTESIAN_POINT ( 'NONE',  ( 2.650000000000000400, 0.6559147122092629000, 2.230261188738494700 ) ) ;
#2310 = CARTESIAN_POINT ( 'NONE',  ( -1.019626432817432900, 1.297285309603991800, 1.328706931612907600 ) ) ;
#2311 =( NAMED_UNIT ( * ) SI_UNIT ( $, .STERADIAN. ) SOLID_ANGLE_UNIT ( ) );
#2312 = CARTESIAN_POINT ( 'NONE',  ( -1.503297030129477900, 0.8520437117848803600, 1.813444340427279300 ) ) ;
#2313 = LINE ( 'NONE', #4195, #5322 ) ;
#2314 = EDGE_LOOP ( 'NONE', ( #1354, #2869, #3461, #5063 ) ) ;
#2315 = CARTESIAN_POINT ( 'NONE',  ( 2.204606218391525400, 0.3981971687492260000, 2.255661645889050600 ) ) ;
#2316 = CARTESIAN_POINT ( 'NONE',  ( 1.254179606750064100, 0.6000000000000005300, 2.149999999999999000 ) ) ;
#2317 = CARTESIAN_POINT ( 'NONE',  ( -0.9370111457228619300, 0.1000000000000000100, 1.849999999999999000 ) ) ;
#2318 = LINE ( 'NONE', #4667, #1760 ) ;
#2319 = ORIENTED_EDGE ( 'NONE', *, *, #5084, .F. ) ;
#2320 = DIRECTION ( 'NONE',  ( -1.000000000000000000, -0.0000000000000000000, -0.0000000000000000000 ) ) ;
#2321 = VECTOR ( 'NONE', #3124, 1000.000000000000000 ) ;
#2322 = CIRCLE ( 'NONE', #4051, 1.898311161796839100 ) ;
#2323 = CARTESIAN_POINT ( 'NONE',  ( 2.650000000000143800, 0.6928804456765524900, 1.966207921809411700 ) ) ;
#2324 = AXIS2_PLACEMENT_3D ( 'NONE', #3694, #2719, #4147 ) ;
#2325 = CARTESIAN_POINT ( 'NONE',  ( 2.550022498926314700, 0.5010261143035935600, 1.950224775337479500 ) ) ;
#2326 = ORIENTED_EDGE ( 'NONE', *, *, #1146, .T. ) ;
#2327 = ORIENTED_EDGE ( 'NONE', *, *, #3596, .F. ) ;
#2328 = VECTOR ( 'NONE', #4928, 1000.000000000000000 ) ;
#2329 = CARTESIAN_POINT ( 'NONE',  ( 1.823853217270780600, 0.5109213292731625800, 1.941806343454336000 ) ) ;
#2330 = CARTESIAN_POINT ( 'NONE',  ( 2.650000000000093600, 0.6164433852275312800, 2.052117769353036400 ) ) ;
#2331 = ORIENTED_EDGE ( 'NONE', *, *, #4356, .F. ) ;
#2332 = ORIENTED_EDGE ( 'NONE', *, *, #4813, .F. ) ;
#2333 = CARTESIAN_POINT ( 'NONE',  ( -1.299057352204885400, 1.018088887156934500, 1.537038360328204500 ) ) ;
#2334 = AXIS2_PLACEMENT_3D ( 'NONE', #5821, #2270, #4302 ) ;
#2335 = LINE ( 'NONE', #5557, #3977 ) ;
#2336 = CARTESIAN_POINT ( 'NONE',  ( -1.672540930644304000, 0.6840911495788375400, 1.905938405391626000 ) ) ;
#2337 = CARTESIAN_POINT ( 'NONE',  ( -1.964294742901957900, 0.8000000000000006000, 2.254719755119658900 ) ) ;
#2338 = CARTESIAN_POINT ( 'NONE',  ( 1.731310763689220700, 0.6532781991784727400, 1.922106177826789200 ) ) ;
#2339 = ORIENTED_EDGE ( 'NONE', *, *, #5263, .F. ) ;
#2340 = ORIENTED_EDGE ( 'NONE', *, *, #3621, .T. ) ;
#2341 = VECTOR ( 'NONE', #1520, 1000.000000000000000 ) ;
#2342 = CARTESIAN_POINT ( 'NONE',  ( 1.154240927403579400, 1.140341591335515700, 1.295352537709438100 ) ) ;
#2343 = DIRECTION ( 'NONE',  ( 0.0000000000000000000, 0.0000000000000000000, -1.000000000000000000 ) ) ;
#2344 = ORIENTED_EDGE ( 'NONE', *, *, #2584, .F. ) ;
#2345 = CARTESIAN_POINT ( 'NONE',  ( 2.650000000000000400, 0.6000000000000005300, 2.149999999999999000 ) ) ;
#2346 = DIRECTION ( 'NONE',  ( -0.0000000000000000000, 2.258754526011467700E-016, -1.000000000000000000 ) ) ;
#2347 = CARTESIAN_POINT ( 'NONE',  ( 0.4838709677419359400, 0.9000000000000001300, 2.762096774193547200 ) ) ;
#2348 = CARTESIAN_POINT ( 'NONE',  ( 1.970572362749125800, 0.9000000000000000200, 0.0000000000000000000 ) ) ;
#2349 = ORIENTED_EDGE ( 'NONE', *, *, #5084, .T. ) ;
#2350 = CARTESIAN_POINT ( 'NONE',  ( -1.012482051582027600, 1.274420238430021600, 1.400911508484533600 ) ) ;
#2351 = CARTESIAN_POINT ( 'NONE',  ( 2.550000000000001200, 3.499999999999999600, 2.111351376446604100 ) ) ;
#2352 = CARTESIAN_POINT ( 'NONE',  ( -1.401314468797899800, 1.026359773736647900, 1.639845128611228600 ) ) ;
#2353 = ORIENTED_EDGE ( 'NONE', *, *, #243, .F. ) ;
#2354 = CARTESIAN_POINT ( 'NONE',  ( -1.817949410868546800, 0.6209064701127271500, 1.939045903244058600 ) ) ;
#2355 = CARTESIAN_POINT ( 'NONE',  ( 1.595254244244953500, 0.9564536391584007600, 2.172963075207522600 ) ) ;
#2356 = EDGE_LOOP ( 'NONE', ( #460, #3465, #5184, #4332 ) ) ;
#2357 =( NAMED_UNIT ( * ) SI_UNIT ( $, .STERADIAN. ) SOLID_ANGLE_UNIT ( ) );
#2358 = CARTESIAN_POINT ( 'NONE',  ( 1.323227258981438200, 1.535155092623763600, 1.434747040433393700 ) ) ;
#2359 = EDGE_CURVE ( 'NONE', #1799, #1631, #4695, .T. ) ;
#2360 = CARTESIAN_POINT ( 'NONE',  ( 0.2249796586946893300, 0.09999999999999990800, 2.276669728064000300 ) ) ;
#2361 = CARTESIAN_POINT ( 'NONE',  ( 1.200000000000001100, 0.1000000000000000100, 1.849999999999999900 ) ) ;
#2362 = FILL_AREA_STYLE ('',( #3779 ) ) ;
#2363 = CARTESIAN_POINT ( 'NONE',  ( -2.549782265668134600, 0.5995728764910528400, 1.950223141967440300 ) ) ;
#2364 = FILL_AREA_STYLE ('',( #1940 ) ) ;
#2365 = AXIS2_PLACEMENT_3D ( 'NONE', #3523, #5345, #1736 ) ;
#2366 = DIRECTION ( 'NONE',  ( 0.9072762929542511600, 0.0000000000000000000, -0.4205350499580168300 ) ) ;
#2367 = CARTESIAN_POINT ( 'NONE',  ( -1.414576459182686600, 0.9987013546144929400, 1.674398786879159000 ) ) ;
#2368 = CARTESIAN_POINT ( 'NONE',  ( -1.367281466543723000, 1.187878130681741000, 1.333198689089988100 ) ) ;
#2369 = CARTESIAN_POINT ( 'NONE',  ( -1.814786452727372500, 0.8306326671251094100, 2.029238552143644500 ) ) ;
#2370 = CARTESIAN_POINT ( 'NONE',  ( -1.656637997043548300, 0.9427598966707988500, 1.970503474246424500 ) ) ;
#2371 = CARTESIAN_POINT ( 'NONE',  ( 0.3311404645902618100, 0.3000000000000004900, -2.456988705812705600 ) ) ;
#2372 = CARTESIAN_POINT ( 'NONE',  ( 1.429618400002719200, 0.6060190673058543100, 1.937429192686702900 ) ) ;
#2373 = FACE_OUTER_BOUND ( 'NONE', #2671, .T. ) ;
#2374 = CARTESIAN_POINT ( 'NONE',  ( -1.199999999999999700, 0.3000000000000025400, 1.849999999999999400 ) ) ;
#2375 = CARTESIAN_POINT ( 'NONE',  ( -0.9777054760465931900, 0.09999999999999990800, 1.805281659775707300 ) ) ;
#2376 = CARTESIAN_POINT ( 'NONE',  ( 2.549520589271191600, 0.7734555914454569500, 2.053374537000147300 ) ) ;
#2377 = EDGE_CURVE ( 'NONE', #5363, #60, #2801, .T. ) ;
#2378 = EDGE_LOOP ( 'NONE', ( #5642, #3380, #240, #4945 ) ) ;
#2379 = CARTESIAN_POINT ( 'NONE',  ( -1.925000000000000300, 0.6000000000000004200, 1.849999999999999900 ) ) ;
#2380 = LINE ( 'NONE', #5156, #3733 ) ;
#2381 =( NAMED_UNIT ( * ) SI_UNIT ( $, .STERADIAN. ) SOLID_ANGLE_UNIT ( ) );
#2382 = VECTOR ( 'NONE', #3401, 1000.000000000000000 ) ;
#2383 = ORIENTED_EDGE ( 'NONE', *, *, #1765, .F. ) ;
#2384 = DIRECTION ( 'NONE',  ( 0.0000000000000000000, -1.000000000000000000, 3.469446951953611800E-015 ) ) ;
#2385 = CARTESIAN_POINT ( 'NONE',  ( 2.049999999999998500, 0.1000000000000000100, -1.849999999999999900 ) ) ;
#2386 = LINE ( 'NONE', #3949, #5625 ) ;
#2387 = VECTOR ( 'NONE', #391, 1000.000000000000000 ) ;
#2388 = CARTESIAN_POINT ( 'NONE',  ( -1.747605315372386300, 0.8638121026374237000, 2.011840474136392200 ) ) ;
#2389 = CARTESIAN_POINT ( 'NONE',  ( 0.3606918280435555400, 0.09999999999999990800, -2.239008485301350300 ) ) ;
#2390 = VERTEX_POINT ( 'NONE', #5790 ) ;
#2391 = ORIENTED_EDGE ( 'NONE', *, *, #1581, .T. ) ;
#2392 = CARTESIAN_POINT ( 'NONE',  ( 1.668084743566666100, 0.4582697860907558600, 2.014762429104409500 ) ) ;
#2393 =( BOUNDED_SURFACE ( )  B_SPLINE_SURFACE ( 3, 2, ( 
 ( #1229, #1289, #5371 ),
 ( #4901, #3035, #4000 ),
 ( #4474, #4417, #2644 ),
 ( #3053, #4944, #2626 ),
 ( #2155, #5353, #3069 ),
 ( #2193, #2602, #1681 ),
 ( #4885, #5836, #321 ),
 ( #3092, #3509, #5876 ),
 ( #782, #357, #3553 ),
 ( #4387, #4871, #5023 ),
 ( #5435, #5466, #1343 ),
 ( #1761, #875, #5907 ),
 ( #4079, #4091, #2215 ),
 ( #5956, #3134, #4581 ) ),
 .UNSPECIFIED., .F., .F., .F. ) 
 B_SPLINE_SURFACE_WITH_KNOTS ( ( 4, 2, 2, 2, 2, 2, 4 ),
 ( 3, 3 ),
 ( 0.0003079772900013752600, 0.0003464744512522001500, 0.0003849716125030249800, 0.0004619659350046746500, 0.0005004630962554994800, 0.0005389602575063243200, 0.0006159545800079739900 ),
 ( 0.0000000000000000000, 1.000000000000000000 ),
 .UNSPECIFIED. ) 
 GEOMETRIC_REPRESENTATION_ITEM ( )  RATIONAL_B_SPLINE_SURFACE ( (
 ( 1.000000000000000000, 0.7060311853116553200, 1.000000000000000000),
 ( 1.000000000000000000, 0.7062282376791168000, 1.000000000000000000),
 ( 1.000000000000000000, 0.7065261554090294100, 1.000000000000000000),
 ( 1.000000000000000000, 0.7069971388334348500, 1.000000000000000000),
 ( 1.000000000000000000, 0.7071927287362621600, 1.000000000000000000),
 ( 1.000000000000000000, 0.7077283124793964900, 1.000000000000000000),
 ( 1.000000000000000000, 0.7080383165875612200, 1.000000000000000000),
 ( 1.000000000000000000, 0.7085207441502792100, 1.000000000000000000),
 ( 1.000000000000000000, 0.7086597592070352800, 1.000000000000000000),
 ( 1.000000000000000000, 0.7087582518302394400, 1.000000000000000000),
 ( 1.000000000000000000, 0.7087521002545635900, 1.000000000000000000),
 ( 1.000000000000000000, 0.7086647100167283700, 1.000000000000000000),
 ( 1.000000000000000000, 0.7085244169329929500, 1.000000000000000000),
 ( 1.000000000000000000, 0.7081586426591012200, 1.000000000000000000) ) ) 
 REPRESENTATION_ITEM ( '' )  SURFACE ( )  );
#2394 = EDGE_CURVE ( 'NONE', #593, #47, #1777, .T. ) ;
#2395 = LINE ( 'NONE', #2849, #3895 ) ;
#2396 = LINE ( 'NONE', #814, #4410 ) ;
#2397 = VERTEX_POINT ( 'NONE', #5763 ) ;
#2398 = ORIENTED_EDGE ( 'NONE', *, *, #348, .F. ) ;
#2399 = CARTESIAN_POINT ( 'NONE',  ( -0.8602059850877525900, 0.09999999999999990800, 1.927643065226288100 ) ) ;
#2400 = DIRECTION ( 'NONE',  ( -7.529181753371549200E-018, 2.258754526011467200E-016, -1.000000000000000000 ) ) ;
#2401 = FACE_OUTER_BOUND ( 'NONE', #3519, .T. ) ;
#2402 = EDGE_CURVE ( 'NONE', #3868, #4094, #4794, .T. ) ;
#2403 = DIRECTION ( 'NONE',  ( 0.0000000000000000000, -1.000000000000000000, 0.0000000000000000000 ) ) ;
#2404 = ORIENTED_EDGE ( 'NONE', *, *, #1738, .F. ) ;
#2405 = ORIENTED_EDGE ( 'NONE', *, *, #859, .T. ) ;
#2406 = CARTESIAN_POINT ( 'NONE',  ( 2.550000000000000700, 0.6000000000000004200, 1.949999999999999700 ) ) ;
#2407 = CARTESIAN_POINT ( 'NONE',  ( -1.711322751605630900, 4.500000000000000000, -0.2791601061504556100 ) ) ;
#2408 = CARTESIAN_POINT ( 'NONE',  ( -2.649999999999995000, 0.7858368910593096500, 2.075081796567099300 ) ) ;
#2409 = CARTESIAN_POINT ( 'NONE',  ( -1.925000000000000500, 10.00000000000000000, -1.950000000000000000 ) ) ;
#2410 = ORIENTED_EDGE ( 'NONE', *, *, #3755, .T. ) ;
#2411 = DIRECTION ( 'NONE',  ( -2.344220913482172100E-016, -1.084202172485504000E-015, -1.000000000000000000 ) ) ;
#2412 = ORIENTED_EDGE ( 'NONE', *, *, #402, .T. ) ;
#2413 = ORIENTED_EDGE ( 'NONE', *, *, #971, .T. ) ;
#2414 = AXIS2_PLACEMENT_3D ( 'NONE', #1126, #1145, #4799 ) ;
#2415 = CARTESIAN_POINT ( 'NONE',  ( -1.964294742901957900, 0.7047197551196603400, 1.949999999999998600 ) ) ;
#2416 = CARTESIAN_POINT ( 'NONE',  ( -1.087178948232597800, 0.3000000000000004900, -1.983671150366808500 ) ) ;
#2417 = CARTESIAN_POINT ( 'NONE',  ( 1.964294742901957900, 0.8000000000000006000, 2.254719755119658900 ) ) ;
#2418 = ADVANCED_FACE ( 'NONE', ( #5556 ), #4325, .F. ) ;
#2419 = ORIENTED_EDGE ( 'NONE', *, *, #5279, .T. ) ;
#2420 = EDGE_CURVE ( 'NONE', #1985, #3761, #2948, .T. ) ;
#2421 = CARTESIAN_POINT ( 'NONE',  ( -0.4657543118144253400, 0.09999999999999996400, 2.197193086841946900 ) ) ;
#2422 = DIRECTION ( 'NONE',  ( 0.0000000000000000000, 0.0000000000000000000, 1.000000000000000000 ) ) ;
#2423 = CARTESIAN_POINT ( 'NONE',  ( 2.650000000000001700, 0.6000000000000004200, -0.9000000000000009100 ) ) ;
#2424 = DIRECTION ( 'NONE',  ( 0.0000000000000000000, 0.0000000000000000000, 1.000000000000000000 ) ) ;
#2425 = DIRECTION ( 'NONE',  ( 0.9363197852760810600, -0.0000000000000000000, 0.3511484866841287900 ) ) ;
#2426 = DIRECTION ( 'NONE',  ( 2.168404344971010800E-015, 7.228014483236703500E-016, -1.000000000000000000 ) ) ;
#2427 = DIRECTION ( 'NONE',  ( -1.000000000000000000, 0.0000000000000000000, 0.0000000000000000000 ) ) ;
#2428 = CARTESIAN_POINT ( 'NONE',  ( -1.929059320118893300, 0.7050297474763659300, 2.349838072843058800 ) ) ;
#2429 = CARTESIAN_POINT ( 'NONE',  ( -1.318500341999527800, 0.7949438901099514800, 2.193037994638443100 ) ) ;
#2430 = CARTESIAN_POINT ( 'NONE',  ( -0.8407078088839916600, 0.3000000000000004300, -2.205133334576583800 ) ) ;
#2431 = CARTESIAN_POINT ( 'NONE',  ( 1.576749219766256900, 0.9798301502660555800, 2.160525809809401100 ) ) ;
#2432 = CARTESIAN_POINT ( 'NONE',  ( -2.650000000000000400, 0.6416788903912029600, 2.057710481764332600 ) ) ;
#2433 = AXIS2_PLACEMENT_3D ( 'NONE', #4540, #2737, #434 ) ;
#2434 =( GEOMETRIC_REPRESENTATION_CONTEXT ( 3 ) GLOBAL_UNCERTAINTY_ASSIGNED_CONTEXT ( ( #888 ) ) GLOBAL_UNIT_ASSIGNED_CONTEXT ( ( #5484, #4107, #4029 ) ) REPRESENTATION_CONTEXT ( 'NONE', 'WORKASPACE' ) );
#2435 = LINE ( 'NONE', #1400, #1088 ) ;
#2436 = CARTESIAN_POINT ( 'NONE',  ( 0.8386609206840866000, 3.500000000000000000, 0.7103414590570749100 ) ) ;
#2437 =( NAMED_UNIT ( * ) PLANE_ANGLE_UNIT ( ) SI_UNIT ( $, .RADIAN. ) );
#2438 = SURFACE_SIDE_STYLE ('',( #193 ) ) ;
#2439 = CARTESIAN_POINT ( 'NONE',  ( -2.550000000000000700, 0.1000000000000002600, 0.9999999999999986700 ) ) ;
#2440 = FACE_OUTER_BOUND ( 'NONE', #3837, .T. ) ;
#2441 = CARTESIAN_POINT ( 'NONE',  ( -2.421428409667827400, 0.7037143061184086800, 2.350525204879350600 ) ) ;
#2442 = ADVANCED_FACE ( 'NONE', ( #882 ), #3953, .F. ) ;
#2443 = CARTESIAN_POINT ( 'NONE',  ( -1.464350960922946400, 0.9109885594081055200, 1.766035075666145400 ) ) ;
#2444 = CIRCLE ( 'NONE', #1659, 0.09999999999999982500 ) ;
#2445 = CARTESIAN_POINT ( 'NONE',  ( -1.876485745783142100, 0.4042852537196080000, 2.043036597951954000 ) ) ;
#2446 = CARTESIAN_POINT ( 'NONE',  ( -1.620037812392821600, 0.8030192911820726000, 2.298494958568887200 ) ) ;
#2447 = CARTESIAN_POINT ( 'NONE',  ( 0.9205979046417738200, 0.09999999999999990800, -1.867668276169516300 ) ) ;
#2448 = CARTESIAN_POINT ( 'NONE',  ( 1.367281466543723200, 1.187878130681740500, 1.333198689089988100 ) ) ;
#2449 = EDGE_LOOP ( 'NONE', ( #4569, #3980, #5570, #4942 ) ) ;
#2450 = VECTOR ( 'NONE', #4899, 1000.000000000000000 ) ;
#2451 = CARTESIAN_POINT ( 'NONE',  ( 1.964294742901958400, 0.4952802448803403400, 1.949999999999999100 ) ) ;
#2452 = VERTEX_POINT ( 'NONE', #2133 ) ;
#2453 = LINE ( 'NONE', #4565, #5551 ) ;
#2454 = DIRECTION ( 'NONE',  ( 0.0000000000000000000, 1.000000000000000000, 0.0000000000000000000 ) ) ;
#2455 = CARTESIAN_POINT ( 'NONE',  ( 1.157001604393391900, 1.047537377681824200, 1.511993864025368500 ) ) ;
#2456 = EDGE_CURVE ( 'NONE', #2666, #2044, #1336, .T. ) ;
#2457 = CARTESIAN_POINT ( 'NONE',  ( 0.8386609206840851500, 2.200000000000000600, -4.516666666666667500 ) ) ;
#2458 = ORIENTED_EDGE ( 'NONE', *, *, #1671, .F. ) ;
#2459 = LINE ( 'NONE', #853, #746 ) ;
#2460 = DIRECTION ( 'NONE',  ( 1.000000000000000000, 0.0000000000000000000, -8.972707634362790400E-016 ) ) ;
#2461 = CARTESIAN_POINT ( 'NONE',  ( 1.362331900726095200, 1.155191326587447400, 1.423746122897575800 ) ) ;
#2462 = ORIENTED_EDGE ( 'NONE', *, *, #1275, .F. ) ;
#2463 = ORIENTED_EDGE ( 'NONE', *, *, #3945, .T. ) ;
#2464 = B_SPLINE_CURVE_WITH_KNOTS ( 'NONE', 3,
 ( #5965, #4050, #5418, #5457, #3640, #2704, #2661, #913, #4100, #5897, #2686, #1795 ),
 .UNSPECIFIED., .F., .F.,
 ( 4, 2, 2, 2, 2, 4 ),
 ( 0.5819328839176166600, 0.6579959241240468400, 0.7366919789667576400, 0.8167155206589358200, 0.9100549755234312900, 1.000000000000000000 ),
 .UNSPECIFIED. ) ;
#2465 = CARTESIAN_POINT ( 'NONE',  ( -1.656637997043547600, 0.9427598966707988500, 1.970503474246424500 ) ) ;
#2466 = CARTESIAN_POINT ( 'NONE',  ( -1.365347262039190200, 0.6779255830735297900, 1.899704505030163700 ) ) ;
#2467 = CARTESIAN_POINT ( 'NONE',  ( 0.9960490097933713000, 0.09999999999999995000, -1.783969455802267800 ) ) ;
#2468 = CARTESIAN_POINT ( 'NONE',  ( 1.964294742901957900, 0.6000000000000005300, 1.949999999999998800 ) ) ;
#2469 = ORIENTED_EDGE ( 'NONE', *, *, #557, .F. ) ;
#2470 = EDGE_CURVE ( 'NONE', #4500, #5789, #3158, .T. ) ;
#2471 = ORIENTED_EDGE ( 'NONE', *, *, #1305, .F. ) ;
#2472 = CARTESIAN_POINT ( 'NONE',  ( 2.424770859207676200, 0.3989619256994409400, 2.045822610934173300 ) ) ;
#2473 = FACE_OUTER_BOUND ( 'NONE', #1982, .T. ) ;
#2474 = EDGE_LOOP ( 'NONE', ( #3973, #5142, #1922, #261 ) ) ;
#2475 = PLANE ( 'NONE',  #5916 ) ;
#2476 = CARTESIAN_POINT ( 'NONE',  ( 1.083568844598411300, 0.09999999999999989500, 1.673881739233720200 ) ) ;
#2477 = ORIENTED_EDGE ( 'NONE', *, *, #5896, .T. ) ;
#2478 = CARTESIAN_POINT ( 'NONE',  ( -0.8386609206840860400, 2.200000000000000600, 4.516666666666668400 ) ) ;
#2479 = ORIENTED_EDGE ( 'NONE', *, *, #4879, .F. ) ;
#2480 = CARTESIAN_POINT ( 'NONE',  ( 1.318500341999527100, 0.7949438901099510300, 2.193037994638443100 ) ) ;
#2481 = EDGE_CURVE ( 'NONE', #3922, #904, #3445, .T. ) ;
#2482 = AXIS2_PLACEMENT_3D ( 'NONE', #4426, #4892, #3968 ) ;
#2483 = ORIENTED_EDGE ( 'NONE', *, *, #5824, .T. ) ;
#2484 = CARTESIAN_POINT ( 'NONE',  ( -2.650000000000000400, 0.4000000000000003000, 2.254719755119658900 ) ) ;
#2485 = CARTESIAN_POINT ( 'NONE',  ( -1.200000000000000600, 0.1000000000000000100, -1.950000000000000000 ) ) ;
#2486 = ORIENTED_EDGE ( 'NONE', *, *, #1167, .F. ) ;
#2487 = CARTESIAN_POINT ( 'NONE',  ( 1.524352020642664000, 1.007473919434200800, 1.758138779458742600 ) ) ;
#2488 = DIRECTION ( 'NONE',  ( 1.000000000000000000, -0.0000000000000000000, -0.0000000000000000000 ) ) ;
#2489 = VERTEX_POINT ( 'NONE', #5327 ) ;
#2490 = AXIS2_PLACEMENT_3D ( 'NONE', #4528, #1373, #5033 ) ;
#2491 = CARTESIAN_POINT ( 'NONE',  ( -1.620037812392821600, 0.8030192911820726000, 2.298494958568887200 ) ) ;
#2492 = CARTESIAN_POINT ( 'NONE',  ( -1.718829468977767200, 0.4344657391651504700, 2.236663170196654200 ) ) ;
#2493 = DIRECTION ( 'NONE',  ( -0.7071067811865491300, 0.0000000000000000000, -0.7071067811865459100 ) ) ;
#2494 = ORIENTED_EDGE ( 'NONE', *, *, #2079, .F. ) ;
#2495 = CARTESIAN_POINT ( 'NONE',  ( 2.650000000000000400, 0.6000000000000005300, 1.949999999999998800 ) ) ;
#2496 = EDGE_CURVE ( 'NONE', #5958, #2969, #4844, .T. ) ;
#2497 = DIRECTION ( 'NONE',  ( -1.000000000000000000, 0.0000000000000000000, 2.990902544787602000E-016 ) ) ;
#2498 = DIRECTION ( 'NONE',  ( -1.000000000000000000, 3.491481338843133400E-015, 2.344220913482171700E-016 ) ) ;
#2499 = CARTESIAN_POINT ( 'NONE',  ( 1.336328270223651400, 0.7146112638917944100, 1.880235014044184800 ) ) ;
#2500 = ORIENTED_EDGE ( 'NONE', *, *, #5502, .F. ) ;
#2501 = UNCERTAINTY_MEASURE_WITH_UNIT (LENGTH_MEASURE( 1.000000000000000100E-005 ), #5216, 'distance_accuracy_value', 'NONE');
#2502 = CARTESIAN_POINT ( 'NONE',  ( -2.650000000000000400, 0.6000000000000005300, 1.949999999999998800 ) ) ;
#2503 = ADVANCED_FACE ( 'NONE', ( #5119 ), #3888, .F. ) ;
#2504 = ADVANCED_FACE ( 'NONE', ( #4096 ), #1661, .F. ) ;
#2505 = CARTESIAN_POINT ( 'NONE',  ( 2.550000000000000300, 0.1000000000000005300, -0.9000000000000010200 ) ) ;
#2506 = CARTESIAN_POINT ( 'NONE',  ( 1.457841753567584500, 1.378211374355288000, 1.401392646529924700 ) ) ;
#2507 = CARTESIAN_POINT ( 'NONE',  ( 2.550000000000000700, 0.6000000000000004200, 1.849999999999999900 ) ) ;
#2508 = EDGE_CURVE ( 'NONE', #5576, #2261, #5269, .T. ) ;
#2509 = CARTESIAN_POINT ( 'NONE',  ( -1.668084743566666100, 0.4582697860907558600, 2.014762429104409500 ) ) ;
#2510 = CARTESIAN_POINT ( 'NONE',  ( -1.964294742901958400, 0.4000000000000002400, 2.045280244880339100 ) ) ;
#2511 = CARTESIAN_POINT ( 'NONE',  ( -0.5915104151331320700, 0.09999999999999996400, -2.131701528603058700 ) ) ;
#2512 = CARTESIAN_POINT ( 'NONE',  ( 2.550000000000000700, 0.9000000000000000200, 1.349999999999998100 ) ) ;
#2513 = LINE ( 'NONE', #571, #572 ) ;
#2514 = CARTESIAN_POINT ( 'NONE',  ( 2.650000000000000400, 0.8000000000000007100, 2.045280244880339100 ) ) ;
#2515 = EDGE_CURVE ( 'NONE', #4909, #1645, #2534, .T. ) ;
#2516 = AXIS2_PLACEMENT_3D ( 'NONE', #1672, #4429, #3970 ) ;
#2517 = CIRCLE ( 'NONE', #5736, 2.966666666666668600 ) ;
#2518 = CARTESIAN_POINT ( 'NONE',  ( 0.8196152807373272600, 0.09999999999999990800, 1.964745363710259000 ) ) ;
#2519 = CARTESIAN_POINT ( 'NONE',  ( 1.363001298872029000, 1.173186325927129100, 1.378844749850241200 ) ) ;
#2520 = ORIENTED_EDGE ( 'NONE', *, *, #647, .F. ) ;
#2521 = CARTESIAN_POINT ( 'NONE',  ( -2.188039544545142200, 0.5978516822771643400, 1.951122340735699500 ) ) ;
#2522 = CARTESIAN_POINT ( 'NONE',  ( 2.549999999999999800, 4.336808689942017700E-016, 0.8999999999999988000 ) ) ;
#2523 = FACE_OUTER_BOUND ( 'NONE', #3246, .T. ) ;
#2524 = EDGE_LOOP ( 'NONE', ( #4180, #155, #843, #2756 ) ) ;
#2525 = CARTESIAN_POINT ( 'NONE',  ( 1.414576459182686600, 0.9987013546144929400, 1.674398786879159000 ) ) ;
#2526 = DIRECTION ( 'NONE',  ( -9.346570452461219400E-018, 1.000000000000000000, -6.982962677686266700E-015 ) ) ;
#2527 = CIRCLE ( 'NONE', #3499, 1.139658540942923600 ) ;
#2528 = LINE ( 'NONE', #2538, #2382 ) ;
#2529 = CARTESIAN_POINT ( 'NONE',  ( 1.906425996537373800, 0.6028488112221462900, 1.948508730989112000 ) ) ;
#2530 = EDGE_CURVE ( 'NONE', #258, #3626, #3096, .T. ) ;
#2531 = CARTESIAN_POINT ( 'NONE',  ( -0.7321894336489301900, 0.09999999999999990800, -2.036440814101226200 ) ) ;
#2532 = ORIENTED_EDGE ( 'NONE', *, *, #5357, .T. ) ;
#2533 = DIRECTION ( 'NONE',  ( -2.344220913482172100E-016, 1.224646799147353200E-016, 1.000000000000000000 ) ) ;
#2534 = LINE ( 'NONE', #4038, #4042 ) ;
#2535 = ADVANCED_FACE ( 'NONE', ( #2872 ), #375, .T. ) ;
#2536 = ADVANCED_FACE ( 'NONE', ( #4397 ), #2211, .T. ) ;
#2537 = FACE_OUTER_BOUND ( 'NONE', #4850, .T. ) ;
#2538 = CARTESIAN_POINT ( 'NONE',  ( 2.550000000000000300, 1.094966217096457300E-032, 1.099999999999999600 ) ) ;
#2539 = VERTEX_POINT ( 'NONE', #354 ) ;
#2540 = ORIENTED_EDGE ( 'NONE', *, *, #5131, .F. ) ;
#2541 = CARTESIAN_POINT ( 'NONE',  ( -8.989973373556660000E-018, 0.9000000000000001300, -2.499999999999999100 ) ) ;
#2542 = CARTESIAN_POINT ( 'NONE',  ( 2.649999999999999900, 0.09999999999999975600, 0.8999999999999989100 ) ) ;
#2543 = FACE_OUTER_BOUND ( 'NONE', #5629, .T. ) ;
#2544 = VECTOR ( 'NONE', #1224, 1000.000000000000000 ) ;
#2545 = ORIENTED_EDGE ( 'NONE', *, *, #5675, .T. ) ;
#2546 = CARTESIAN_POINT ( 'NONE',  ( 2.550000000000000700, 0.6000000000000005300, 1.949999999999999500 ) ) ;
#2547 = VECTOR ( 'NONE', #1673, 1000.000000000000000 ) ;
#2548 = CARTESIAN_POINT ( 'NONE',  ( 1.607126847835769200, 1.008598641727087100, 1.930972281759390000 ) ) ;
#2549 = ORIENTED_EDGE ( 'NONE', *, *, #3776, .T. ) ;
#2550 = EDGE_LOOP ( 'NONE', ( #5711, #2114, #2847, #263, #1141 ) ) ;
#2551 = CARTESIAN_POINT ( 'NONE',  ( -1.326401831560837700, 1.421976833092457100, 1.699409495492726400 ) ) ;
#2552 = VECTOR ( 'NONE', #2400, 1000.000000000000000 ) ;
#2553 = CARTESIAN_POINT ( 'NONE',  ( -1.471076667614508800, 0.7241449208936883200, 1.830122066605866600 ) ) ;
#2554 = CARTESIAN_POINT ( 'NONE',  ( 1.871647286543802300, 0.7151614451669751100, 1.944529759471779900 ) ) ;
#2555 =( GEOMETRIC_REPRESENTATION_CONTEXT ( 3 ) GLOBAL_UNCERTAINTY_ASSIGNED_CONTEXT ( ( #435 ) ) GLOBAL_UNIT_ASSIGNED_CONTEXT ( ( #794, #4465, #5383 ) ) REPRESENTATION_CONTEXT ( 'NONE', 'WORKASPACE' ) );
#2556 = CARTESIAN_POINT ( 'NONE',  ( -0.9405489332867885700, 0.09999999999999997800, -1.847506806975266700 ) ) ;
#2557 = CARTESIAN_POINT ( 'NONE',  ( -2.650000000000007000, 0.8006536230020403500, 2.128030991307774400 ) ) ;
#2558 = CARTESIAN_POINT ( 'NONE',  ( -1.128302873118405300, 0.3000000000000004900, 1.936924191813835100 ) ) ;
#2559 = EDGE_CURVE ( 'NONE', #5881, #2670, #661, .T. ) ;
#2560 = ORIENTED_EDGE ( 'NONE', *, *, #137, .F. ) ;
#2561 = CARTESIAN_POINT ( 'NONE',  ( 2.549999999999999800, 0.9000000000000012400, -1.350000000000001000 ) ) ;
#2562 = VERTEX_POINT ( 'NONE', #857 ) ;
#2563 = CARTESIAN_POINT ( 'NONE',  ( -0.4838709677419364400, 0.9000000000000032400, 2.762096774193546700 ) ) ;
#2564 = CARTESIAN_POINT ( 'NONE',  ( 2.549752407909072100, 0.6103481465355590200, 1.948341950225501300 ) ) ;
#2565 = DIRECTION ( 'NONE',  ( -8.133150102986633400E-031, 1.000000000000000000, -3.469446951953611800E-015 ) ) ;
#2566 = EDGE_LOOP ( 'NONE', ( #5723, #4849, #2050, #1701 ) ) ;
#2567 = ADVANCED_FACE ( 'NONE', ( #1831 ), #1285, .T. ) ;
#2568 = DIRECTION ( 'NONE',  ( -1.000000000000000000, 0.0000000000000000000, -2.168404344970998600E-015 ) ) ;
#2569 = CARTESIAN_POINT ( 'NONE',  ( 2.649999999999999500, 0.6000000000000004200, -1.850000000000001600 ) ) ;
#2570 = DIRECTION ( 'NONE',  ( -0.0000000000000000000, -1.000000000000000000, -0.0000000000000000000 ) ) ;
#2571 = CARTESIAN_POINT ( 'NONE',  ( -1.589920150421539200, 0.7458757146600809600, 1.873650262615438800 ) ) ;
#2572 = CARTESIAN_POINT ( 'NONE',  ( 2.650000000000000400, 0.5308379357853677500, 2.080973691164021800 ) ) ;
#2573 = CARTESIAN_POINT ( 'NONE',  ( -1.547336403710213100, 0.7934783820616608800, 1.848657193403494300 ) ) ;
#2574 = EDGE_CURVE ( 'NONE', #2390, #2007, #586, .T. ) ;
#2575 = CARTESIAN_POINT ( 'NONE',  ( -1.200000000000001300, 0.9000000000000032400, 1.849999999999999000 ) ) ;
#2576 = UNCERTAINTY_MEASURE_WITH_UNIT (LENGTH_MEASURE( 1.000000000000000100E-005 ), #4657, 'distance_accuracy_value', 'NONE');
#2577 = CARTESIAN_POINT ( 'NONE',  ( 2.650000000000000800, 0.6164433852300766900, 2.052117769353600400 ) ) ;
#2578 = CARTESIAN_POINT ( 'NONE',  ( -1.925000000000001400, 0.6000000000000005300, 2.349999999999998800 ) ) ;
#2579 = CARTESIAN_POINT ( 'NONE',  ( -1.925000000000000500, 10.00000000000000000, -1.950000000000000000 ) ) ;
#2580 = CARTESIAN_POINT ( 'NONE',  ( -2.357174638062983000, 0.5987692773606035900, 2.350642913939503800 ) ) ;
#2581 = CARTESIAN_POINT ( 'NONE',  ( 1.022020518581522300, 1.368971956446978400, 1.525660650063394000 ) ) ;
#2582 = CARTESIAN_POINT ( 'NONE',  ( 1.925000000000000500, 0.6000000000000000900, -1.950000000000000000 ) ) ;
#2583 = FACE_OUTER_BOUND ( 'NONE', #4438, .T. ) ;
#2584 = EDGE_CURVE ( 'NONE', #1569, #3760, #3440, .T. ) ;
#2585 = CARTESIAN_POINT ( 'NONE',  ( -1.817949410868546800, 0.6209064701127271500, 1.939045903244058600 ) ) ;
#2586 = CARTESIAN_POINT ( 'NONE',  ( -1.906425996537373800, 0.6028488112221462900, 1.948508730989112000 ) ) ;
#2587 = CARTESIAN_POINT ( 'NONE',  ( 2.650000000000000400, 0.5022472325814936200, 2.130090471527785300 ) ) ;
#2588 = ADVANCED_FACE ( 'NONE', ( #526 ), #5472, .F. ) ;
#2589 = PLANE ( 'NONE',  #3081 ) ;
#2590 = EDGE_CURVE ( 'NONE', #2609, #2281, #966, .T. ) ;
#2591 = PRESENTATION_LAYER_ASSIGNMENT (  '', '', ( #835 ) ) ;
#2592 = CARTESIAN_POINT ( 'NONE',  ( 0.8386609206840861500, 2.200000000000000600, -1.549999999999998500 ) ) ;
#2593 = CARTESIAN_POINT ( 'NONE',  ( -2.650000000000000400, 0.6261838014486266200, 2.054736094654412400 ) ) ;
#2594 = DIRECTION ( 'NONE',  ( 0.0000000000000000000, 0.0000000000000000000, 1.000000000000000000 ) ) ;
#2595 = VERTEX_POINT ( 'NONE', #798 ) ;
#2596 = CARTESIAN_POINT ( 'NONE',  ( 2.549696006926516700, 0.6380767893493355400, 1.954486302016352500 ) ) ;
#2597 = LINE ( 'NONE', #2227, #1398 ) ;
#2598 = ORIENTED_EDGE ( 'NONE', *, *, #1493, .T. ) ;
#2599 = DIRECTION ( 'NONE',  ( 0.0000000000000000000, 1.000000000000000000, 0.0000000000000000000 ) ) ;
#2600 = AXIS2_PLACEMENT_3D ( 'NONE', #2230, #4093, #4067 ) ;
#2601 = FACE_OUTER_BOUND ( 'NONE', #4764, .T. ) ;
#2602 = CARTESIAN_POINT ( 'NONE',  ( -2.649999999999970600, 0.4457387417701559900, 2.019291336346373800 ) ) ;
#2603 = CARTESIAN_POINT ( 'NONE',  ( 1.278075341626839100, 0.8461611144507761300, 2.165906092949913700 ) ) ;
#2604 = ORIENTED_EDGE ( 'NONE', *, *, #5376, .T. ) ;
#2605 = VECTOR ( 'NONE', #3198, 1000.000000000000000 ) ;
#2606 = CARTESIAN_POINT ( 'NONE',  ( 1.964294742901958400, 0.8000000000000006000, 2.045280244880339100 ) ) ;
#2607 = EDGE_CURVE ( 'NONE', #4276, #4922, #4478, .T. ) ;
#2608 = CARTESIAN_POINT ( 'NONE',  ( 2.650000000000093600, 0.6164433852275312800, 2.052117769353036400 ) ) ;
#2609 = VERTEX_POINT ( 'NONE', #2643 ) ;
#2610 = ORIENTED_EDGE ( 'NONE', *, *, #3848, .F. ) ;
#2611 = DIRECTION ( 'NONE',  ( 0.0000000000000000000, -1.000000000000000000, 0.0000000000000000000 ) ) ;
#2612 = FACE_OUTER_BOUND ( 'NONE', #115, .T. ) ;
#2613 = CARTESIAN_POINT ( 'NONE',  ( 2.415580228462010000, 0.7990518504944984500, 2.045775521658310200 ) ) ;
#2614 = CARTESIAN_POINT ( 'NONE',  ( -2.549696006926527800, 0.6380767893437872000, 1.954486302015122600 ) ) ;
#2615 = CARTESIAN_POINT ( 'NONE',  ( 2.550000000000000300, 0.0000000000000000000, -6.023628521165059900E-016 ) ) ;
#2616 = EDGE_LOOP ( 'NONE', ( #2462, #4046, #1930, #1113 ) ) ;
#2617 = PLANE ( 'NONE',  #373 ) ;
#2618 = EDGE_LOOP ( 'NONE', ( #5582, #2173, #3444, #5792 ) ) ;
#2619 = CARTESIAN_POINT ( 'NONE',  ( -2.650000000000000400, 0.5308379357853677500, 2.080973691164021800 ) ) ;
#2620 = FACE_OUTER_BOUND ( 'NONE', #1632, .T. ) ;
#2621 = CARTESIAN_POINT ( 'NONE',  ( -2.550000000000000700, 0.1000000000000000100, -1.100000000000001200 ) ) ;
#2622 = ADVANCED_FACE ( 'NONE', ( #235 ), #471, .T. ) ;
#2623 = ADVANCED_FACE ( 'NONE', ( #520 ), #736, .F. ) ;
#2624 = ORIENTED_EDGE ( 'NONE', *, *, #5934, .F. ) ;
#2625 = ORIENTED_EDGE ( 'NONE', *, *, #3003, .F. ) ;
#2626 = CARTESIAN_POINT ( 'NONE',  ( -2.650000000000003000, 0.5658053291988756100, 2.056693807627021800 ) ) ;
#2627 = CARTESIAN_POINT ( 'NONE',  ( 1.283411385423738100, 1.110605708126334500, 1.352079270521687100 ) ) ;
#2628 = EDGE_LOOP ( 'NONE', ( #4858, #1202, #192, #2560 ) ) ;
#2629 = DIRECTION ( 'NONE',  ( 0.0000000000000000000, 0.0000000000000000000, 1.000000000000000000 ) ) ;
#2630 = VERTEX_POINT ( 'NONE', #2727 ) ;
#2631 = CARTESIAN_POINT ( 'NONE',  ( 1.644506373337224700, 0.5579897882077871100, 2.317156870309705000 ) ) ;
#2632 = AXIS2_PLACEMENT_3D ( 'NONE', #319, #3506, #3999 ) ;
#2633 = CARTESIAN_POINT ( 'NONE',  ( 2.650000000000000400, 0.5000223459864136000, 2.138548689857094700 ) ) ;
#2634 = AXIS2_PLACEMENT_3D ( 'NONE', #2736, #420, #3227 ) ;
#2635 = CARTESIAN_POINT ( 'NONE',  ( -1.523752989779011000, 0.8231839144109466300, 1.832818554932567300 ) ) ;
#2636 = ORIENTED_EDGE ( 'NONE', *, *, #4301, .T. ) ;
#2637 = CARTESIAN_POINT ( 'NONE',  ( 0.0000000000000000000, -6.765421556309541400E-015, -1.849999999999999400 ) ) ;
#2638 = DIRECTION ( 'NONE',  ( -0.0000000000000000000, 1.000000000000000000, -0.0000000000000000000 ) ) ;
#2639 = CARTESIAN_POINT ( 'NONE',  ( 2.357174638062982600, 0.5987692773606035900, 2.350642913939503800 ) ) ;
#2640 = AXIS2_PLACEMENT_3D ( 'NONE', #999, #3174, #1462 ) ;
#2641 = EDGE_CURVE ( 'NONE', #3409, #1339, #2249, .T. ) ;
#2642 = CARTESIAN_POINT ( 'NONE',  ( 0.8677564237543652400, 0.3000000000000004900, -2.273161581899958000 ) ) ;
#2643 = CARTESIAN_POINT ( 'NONE',  ( 2.650000000000000400, 0.5829173176695020600, 2.248383508018046300 ) ) ;
#2644 = CARTESIAN_POINT ( 'NONE',  ( -2.650000000000003000, 0.5906356093092621800, 2.049785845506013600 ) ) ;
#2645 = CARTESIAN_POINT ( 'NONE',  ( 1.287798956118670700, 1.125603967111248300, 1.305437453518629300 ) ) ;
#2646 = PLANE ( 'NONE',  #4408 ) ;
#2647 = CARTESIAN_POINT ( 'NONE',  ( 1.692685768746681200, 0.8786635017654888000, 2.213500273867431200 ) ) ;
#2648 = DIRECTION ( 'NONE',  ( 0.0000000000000000000, 1.000000000000000000, 0.0000000000000000000 ) ) ;
#2649 = ADVANCED_FACE ( 'NONE', ( #5774 ), #4867, .F. ) ;
#2650 = ADVANCED_FACE ( 'NONE', ( #3232 ), #3921, .T. ) ;
#2651 = CARTESIAN_POINT ( 'NONE',  ( -1.082081867427022100, 1.169215633025781200, 1.861655712833393900 ) ) ;
#2652 = CARTESIAN_POINT ( 'NONE',  ( -2.650000000000000400, 0.6998476029789396600, 2.142974798491693800 ) ) ;
#2653 = CARTESIAN_POINT ( 'NONE',  ( -2.650000000000000400, 0.5050275760909966900, 2.119520605860987700 ) ) ;
#2654 = DIRECTION ( 'NONE',  ( 2.168404344970998600E-015, 0.0000000000000000000, -1.000000000000000000 ) ) ;
#2655 = TOROIDAL_SURFACE ( 'NONE', #5967, 3.806325207609593700, 2.966666666666668600 ) ;
#2656 = CARTESIAN_POINT ( 'NONE',  ( -2.416623433197966400, 0.7037613982145050100, 1.950500645929076300 ) ) ;
#2657 = DIRECTION ( 'NONE',  ( 4.336808689942016900E-015, 1.000000000000000000, 0.0000000000000000000 ) ) ;
#2658 = EDGE_CURVE ( 'NONE', #2751, #1362, #96, .T. ) ;
#2659 = CARTESIAN_POINT ( 'NONE',  ( 1.200000000000000800, 0.9000000000000032400, -1.849999999999999600 ) ) ;
#2660 = CARTESIAN_POINT ( 'NONE',  ( 1.920474080367715400, 0.4003502450735859100, 2.045097251198315200 ) ) ;
#2661 = CARTESIAN_POINT ( 'NONE',  ( -1.401314468797899800, 1.026359773736647900, 1.639845128611228600 ) ) ;
#2662 = ORIENTED_EDGE ( 'NONE', *, *, #4427, .T. ) ;
#2663 = LINE ( 'NONE', #3798, #163 ) ;
#2664 = CARTESIAN_POINT ( 'NONE',  ( -1.338167331331740200, 1.384606833564511000, 1.761018132879553600 ) ) ;
#2665 = DIRECTION ( 'NONE',  ( 0.0000000000000000000, 0.0000000000000000000, 1.000000000000000000 ) ) ;
#2666 = VERTEX_POINT ( 'NONE', #3503 ) ;
#2667 = CARTESIAN_POINT ( 'NONE',  ( 2.550175847173754600, 0.4456011148359892400, 2.019175345946612400 ) ) ;
#2668 = VECTOR ( 'NONE', #4383, 1000.000000000000000 ) ;
#2669 = CARTESIAN_POINT ( 'NONE',  ( -2.650000000000000400, 0.5005033214988181500, 2.164924778254927200 ) ) ;
#2670 = VERTEX_POINT ( 'NONE', #1677 ) ;
#2671 = EDGE_LOOP ( 'NONE', ( #2808, #401 ) ) ;
#2672 = VERTEX_POINT ( 'NONE', #698 ) ;
#2673 = DIRECTION ( 'NONE',  ( 1.000000000000000000, -0.0000000000000000000, 2.990902544787602000E-016 ) ) ;
#2674 = CARTESIAN_POINT ( 'NONE',  ( -2.550000000000000700, 0.6164433852275313900, 2.052117769353037700 ) ) ;
#2675 = B_SPLINE_SURFACE_WITH_KNOTS ( 'NONE', 3, 3, ( 
 ( #335, #1301, #4447, #5398 ),
 ( #3106, #3129, #5366, #3563 ),
 ( #3484, #2613, #2223, #1238 ),
 ( #838, #756, #791, #4463 ),
 ( #2184, #5380, #2709, #4108 ),
 ( #1359, #4614, #5970, #464 ),
 ( #1854, #2295, #2315, #1391 ),
 ( #5945, #3157, #3579, #2743 ),
 ( #4594, #32, #12, #4056 ),
 ( #390, #5530, #3627, #3202 ) ),
 .UNSPECIFIED., .T., .F., .F.,
 ( 4, 2, 2, 2, 4 ),
 ( 4, 4 ),
 ( 0.0000000000000000000, 0.2500000000000000000, 0.5000000000000000000, 0.7500000000000000000, 1.000000000000000000 ),
 ( 0.0000000000000000000, 0.3155082430143768500 ),
 .UNSPECIFIED. ) ;
#2676 = FACE_OUTER_BOUND ( 'NONE', #687, .T. ) ;
#2677 = CARTESIAN_POINT ( 'NONE',  ( -2.419029092849328300, 0.5990180994884172200, 1.950512974578213000 ) ) ;
#2678 = PRODUCT_DEFINITION_CONTEXT ( 'detailed design', #153, 'design' ) ;
#2679 = VECTOR ( 'NONE', #924, 1000.000000000000000 ) ;
#2680 = VERTEX_POINT ( 'NONE', #3442 ) ;
#2681 = ORIENTED_EDGE ( 'NONE', *, *, #5389, .T. ) ;
#2682 = VERTEX_POINT ( 'NONE', #2578 ) ;
#2683 = VECTOR ( 'NONE', #5445, 1000.000000000000000 ) ;
#2684 = CARTESIAN_POINT ( 'NONE',  ( 1.913986326579996800, 0.4003774167876813500, 2.254522573387660200 ) ) ;
#2685 = EDGE_CURVE ( 'NONE', #250, #94, #4549, .T. ) ;
#2686 = CARTESIAN_POINT ( 'NONE',  ( -1.363001298872029000, 1.173186325927129100, 1.378844749850241200 ) ) ;
#2687 = CARTESIAN_POINT ( 'NONE',  ( -1.193116479845847100, 1.423340242431381200, 1.720845464163730100 ) ) ;
#2688 = EDGE_LOOP ( 'NONE', ( #3730, #2884, #5940, #2177 ) ) ;
#2689 = ORIENTED_EDGE ( 'NONE', *, *, #827, .T. ) ;
#2690 = CARTESIAN_POINT ( 'NONE',  ( -1.441926414227402200, 1.218172081829718800, 1.449537920565507900 ) ) ;
#2691 = LINE ( 'NONE', #2083, #1487 ) ;
#2692 = DIRECTION ( 'NONE',  ( -8.972707634362790400E-016, 0.0000000000000000000, -1.000000000000000000 ) ) ;
#2693 = ORIENTED_EDGE ( 'NONE', *, *, #4874, .F. ) ;
#2694 = CARTESIAN_POINT ( 'NONE',  ( -2.650000000000000400, 0.5515949924328779100, 2.235265179020432800 ) ) ;
#2695 = VERTEX_POINT ( 'NONE', #1698 ) ;
#2696 = PRESENTATION_STYLE_ASSIGNMENT (( #534 ) ) ;
#2697 = CARTESIAN_POINT ( 'NONE',  ( 1.509371088003944200, 1.170055779463857100, 1.778063598925239600 ) ) ;
#2698 = EDGE_CURVE ( 'NONE', #5870, #1043, #5924, .T. ) ;
#2699 = VERTEX_POINT ( 'NONE', #733 ) ;
#2700 = CARTESIAN_POINT ( 'NONE',  ( 2.550029792796798300, 0.6746306012998101200, 2.335966758763552400 ) ) ;
#2701 = CARTESIAN_POINT ( 'NONE',  ( 0.0000000000000000000, -7.114569690193854700E-015, -1.949999999999999300 ) ) ;
#2702 = CARTESIAN_POINT ( 'NONE',  ( 1.547336403710213500, 0.7934783820616609900, 1.848657193403494300 ) ) ;
#2703 = EDGE_CURVE ( 'NONE', #5363, #2749, #2386, .T. ) ;
#2704 = CARTESIAN_POINT ( 'NONE',  ( -1.414576459182686600, 0.9987013546144929400, 1.674398786879159000 ) ) ;
#2705 = PRESENTATION_LAYER_ASSIGNMENT (  '', '', ( #2971 ) ) ;
#2706 = CARTESIAN_POINT ( 'NONE',  ( -1.452243306204926300, 1.341400440149881800, 1.503424552735833400 ) ) ;
#2707 = ORIENTED_EDGE ( 'NONE', *, *, #4739, .F. ) ;
#2708 = CARTESIAN_POINT ( 'NONE',  ( 2.650000000000002100, 0.6000000000000002000, 1.445602896647336200E-016 ) ) ;
#2709 = CARTESIAN_POINT ( 'NONE',  ( 2.192856824238384100, 0.7027089236140124900, 2.351050375022972500 ) ) ;
#2710 = DIRECTION ( 'NONE',  ( 4.336808689942016900E-015, 1.000000000000000000, 0.0000000000000000000 ) ) ;
#2711 = AXIS2_PLACEMENT_3D ( 'NONE', #2031, #5679, #1107 ) ;
#2712 = CARTESIAN_POINT ( 'NONE',  ( 1.378366482324259400, 1.082347921297782000, 1.560440944930504800 ) ) ;
#2713 = CARTESIAN_POINT ( 'NONE',  ( -2.650000000000000400, 0.7047197551196604500, 1.949999999999998800 ) ) ;
#2714 = CARTESIAN_POINT ( 'NONE',  ( 0.9986063345002774700, 0.3000000000000004900, 2.072061939748061300 ) ) ;
#2715 = CARTESIAN_POINT ( 'NONE',  ( 1.200000000000001100, 0.3000000000002210900, 1.849999999999999200 ) ) ;
#2716 = EDGE_CURVE ( 'NONE', #5397, #1576, #2045, .T. ) ;
#2717 = CARTESIAN_POINT ( 'NONE',  ( 2.649999999999999500, -1.203684755327804600E-014, 0.8999999999999989100 ) ) ;
#2718 = FACE_OUTER_BOUND ( 'NONE', #3951, .T. ) ;
#2719 = DIRECTION ( 'NONE',  ( -1.000000000000000000, -0.0000000000000000000, -2.168404344970998600E-015 ) ) ;
#2720 = PLANE ( 'NONE',  #5097 ) ;
#2721 = CARTESIAN_POINT ( 'NONE',  ( -1.333705217223839300, 1.127634849458474900, 2.094189079859357900 ) ) ;
#2722 = VECTOR ( 'NONE', #3270, 1000.000000000000000 ) ;
#2723 = CARTESIAN_POINT ( 'NONE',  ( -1.623596139805918400, 0.8628118432296338900, 1.867192320201121800 ) ) ;
#2724 = DIRECTION ( 'NONE',  ( 0.0000000000000000000, 0.0000000000000000000, -1.000000000000000000 ) ) ;
#2725 = CARTESIAN_POINT ( 'NONE',  ( -2.507946495004198100, 4.500000000000000000, -2.020623747151179200 ) ) ;
#2726 = DIRECTION ( 'NONE',  ( -1.000000000000000000, 0.0000000000000000000, -2.344220913482172100E-016 ) ) ;
#2727 = CARTESIAN_POINT ( 'NONE',  ( 0.9370122315488818000, 0.1000000000000000100, 1.850000891826769400 ) ) ;
#2728 = ADVANCED_FACE ( 'NONE', ( #1904 ), #2811, .F. ) ;
#2729 = CARTESIAN_POINT ( 'NONE',  ( -2.549822745416759200, 0.7536023519805922200, 2.281085086534266000 ) ) ;
#2730 = ORIENTED_EDGE ( 'NONE', *, *, #3516, .T. ) ;
#2731 = CARTESIAN_POINT ( 'NONE',  ( -1.964294742901957900, 0.7047197551196601200, 1.949999999999998600 ) ) ;
#2732 = CARTESIAN_POINT ( 'NONE',  ( -0.4568564432039181600, 0.3000000000000004900, 2.417055874248978100 ) ) ;
#2733 = AXIS2_PLACEMENT_3D ( 'NONE', #5477, #4588, #2291 ) ;
#2734 = ORIENTED_EDGE ( 'NONE', *, *, #325, .F. ) ;
#2735 = FACE_OUTER_BOUND ( 'NONE', #5818, .T. ) ;
#2736 = CARTESIAN_POINT ( 'NONE',  ( 0.5722612009522861600, 2.200000000000000600, 5.421010862427522200E-017 ) ) ;
#2737 = DIRECTION ( 'NONE',  ( -3.491481338843133400E-015, -1.000000000000000000, -2.409338161078890300E-016 ) ) ;
#2738 = ORIENTED_EDGE ( 'NONE', *, *, #4975, .F. ) ;
#2739 = CARTESIAN_POINT ( 'NONE',  ( 1.238734093192509500, 1.337748341979638100, 1.365049789071415900 ) ) ;
#2740 = CARTESIAN_POINT ( 'NONE',  ( -2.549999999999999800, 3.499999999999999600, -2.111351376446603600 ) ) ;
#2741 = LINE ( 'NONE', #3517, #1697 ) ;
#2742 = AXIS2_PLACEMENT_3D ( 'NONE', #3411, #3014, #705 ) ;
#2743 = CARTESIAN_POINT ( 'NONE',  ( 1.964294742901958400, 0.4000000000000000200, 2.045280244880339100 ) ) ;
#2744 = CARTESIAN_POINT ( 'NONE',  ( 0.2666017354211011600, 0.3000000000000004900, -2.472355564143882600 ) ) ;
#2745 = ORIENTED_EDGE ( 'NONE', *, *, #2864, .F. ) ;
#2746 = CARTESIAN_POINT ( 'NONE',  ( -1.731310763689220700, 0.6532781991784727400, 1.922106177826789200 ) ) ;
#2747 = CIRCLE ( 'NONE', #37, 0.1999999999999996500 ) ;
#2748 = ORIENTED_EDGE ( 'NONE', *, *, #3402, .F. ) ;
#2749 = VERTEX_POINT ( 'NONE', #4821 ) ;
#2750 = UNCERTAINTY_MEASURE_WITH_UNIT (LENGTH_MEASURE( 1.000000000000000100E-005 ), #2006, 'distance_accuracy_value', 'NONE');
#2751 = VERTEX_POINT ( 'NONE', #3936 ) ;
#2752 = CARTESIAN_POINT ( 'NONE',  ( 0.4729416541192504900, 0.3000000000000004300, 2.410666109817341000 ) ) ;
#2753 = DIRECTION ( 'NONE',  ( 0.0000000000000000000, 1.000000000000000000, 0.0000000000000000000 ) ) ;
#2754 = CIRCLE ( 'NONE', #5079, 0.1000000000000001000 ) ;
#2755 = DIRECTION ( 'NONE',  ( 0.3511484866841277400, 0.0000000000000000000, 0.9363197852760814000 ) ) ;
#2756 = ORIENTED_EDGE ( 'NONE', *, *, #4259, .T. ) ;
#2757 = ORIENTED_EDGE ( 'NONE', *, *, #1025, .T. ) ;
#2758 = CARTESIAN_POINT ( 'NONE',  ( 1.566839612366199400, 0.7689058563756616700, 1.861754120745606300 ) ) ;
#2759 = EDGE_CURVE ( 'NONE', #3161, #174, #813, .T. ) ;
#2760 = CARTESIAN_POINT ( 'NONE',  ( 2.650000000000000400, 0.6339518543180834300, 2.242512635526851200 ) ) ;
#2761 = CARTESIAN_POINT ( 'NONE',  ( -1.336328270223651400, 0.7146112638917944100, 1.880235014044184800 ) ) ;
#2762 = B_SPLINE_SURFACE_WITH_KNOTS ( 'NONE', 3, 3, ( 
 ( #425, #1439, #4155, #4641, #4112, #3184, #2338, #4550, #2778, #3629, #986, #4088 ),
 ( #898, #2280, #1375, #1393, #5514, #1815, #5021, #2262, #4576, #15, #1832, #442 ),
 ( #4597, #5052, #3205, #467, #3663, #942, #4138, #74, #581, #3280, #4256, #5163 ),
 ( #2417, #5631, #5595, #2858, #1491, #1911, #3262, #4671, #1528, #2842, #2355, #2431 ),
 ( #1965, #551, #4732, #1514, #1041, #3788, #4192, #132, #4232, #5124, #2821, #2879 ),
 ( #2795, #3321, #1065, #1023, #1994, #4712, #114, #5179, #3751, #1933, #566, #5656 ),
 ( #147, #3341, #607, #3808, #4172, #524, #1453, #4214, #5610, #4660, #5107, #5574 ),
 ( #4689, #1947, #5148, #3720, #1007, #2392, #91, #1468, #3294, #2372, #3772, #5694 ),
 ( #1162, #1630, #4772, #3415, #196, #5222, #2028, #628, #2962, #5744, #1083, #3375 ),
 ( #2468, #5284, #2014, #1591, #643, #1607, #3854, #2906, #2922, #2070, #3869, #5718 ) ),
 .UNSPECIFIED., .T., .F., .F.,
 ( 4, 2, 2, 2, 4 ),
 ( 4, 2, 2, 2, 2, 4 ),
 ( 0.0000000000000000000, 0.2500000000000000000, 0.5000000000000000000, 0.7500000000000000000, 1.000000000000000000 ),
 ( 0.3155082430143768500, 0.3641475987153899300, 0.4142491139411944000, 0.4650707556951786400, 0.5244402834339316800, 0.5819328839176166600 ),
 .UNSPECIFIED. ) ;
#2763 = EDGE_LOOP ( 'NONE', ( #973, #2213, #3239, #775 ) ) ;
#2764 = DIRECTION ( 'NONE',  ( 0.0000000000000000000, 0.0000000000000000000, -1.000000000000000000 ) ) ;
#2765 = ORIENTED_EDGE ( 'NONE', *, *, #3073, .T. ) ;
#2766 = CARTESIAN_POINT ( 'NONE',  ( -1.711322751605630900, 4.500000000000000000, 0.2791601061504556700 ) ) ;
#2767 = CARTESIAN_POINT ( 'NONE',  ( -8.989973373556660000E-018, 0.9000000000000001300, -2.499999999999999100 ) ) ;
#2768 = EDGE_LOOP ( 'NONE', ( #841, #3115 ) ) ;
#2769 = CARTESIAN_POINT ( 'NONE',  ( 1.362331900726095200, 1.155191326587447400, 1.423746122897575800 ) ) ;
#2770 = EDGE_CURVE ( 'NONE', #4289, #2259, #4176, .T. ) ;
#2771 = CARTESIAN_POINT ( 'NONE',  ( -0.2339005806864798100, 0.3000000000000004900, 2.478860327667386200 ) ) ;
#2772 = DIRECTION ( 'NONE',  ( -1.000000000000000000, 0.0000000000000000000, -1.112002228190261000E-016 ) ) ;
#2773 = CARTESIAN_POINT ( 'NONE',  ( -0.8386609206840870400, 2.200000000000000600, -1.549999999999998500 ) ) ;
#2774 = CARTESIAN_POINT ( 'NONE',  ( 1.688332282736985500, 0.5577736668712532900, 1.917279331974643700 ) ) ;
#2775 = EDGE_CURVE ( 'NONE', #4167, #2562, #1766, .T. ) ;
#2776 = DIRECTION ( 'NONE',  ( -0.9072762929542515000, 0.0000000000000000000, -0.4205350499580160500 ) ) ;
#2777 = CARTESIAN_POINT ( 'NONE',  ( -1.022826065478609700, 1.400385517110741300, 1.448148057681516400 ) ) ;
#2778 = CARTESIAN_POINT ( 'NONE',  ( 1.642670458277132500, 0.7033827306083000300, 1.895787742225966600 ) ) ;
#2779 = AXIS2_PLACEMENT_3D ( 'NONE', #404, #3594, #5838 ) ;
#2780 = CARTESIAN_POINT ( 'NONE',  ( 1.425983906906292700, 0.7841220649284690300, 1.794041878298966000 ) ) ;
#2781 = COLOUR_RGB ( '',0.7921568627450980000, 0.8196078431372548800, 0.9333333333333333500 ) ;
#2782 = CARTESIAN_POINT ( 'NONE',  ( -1.925000000000000500, 0.09999999999999939500, -1.950000000000000000 ) ) ;
#2783 = CARTESIAN_POINT ( 'NONE',  ( 0.8535584140310205100, 0.3000000000000004900, 2.195415676732618500 ) ) ;
#2784 = CARTESIAN_POINT ( 'NONE',  ( 2.650000000000000400, 0.7004945690966378800, 2.154258502219223100 ) ) ;
#2785 = EDGE_CURVE ( 'NONE', #4060, #4124, #5440, .T. ) ;
#2786 = CARTESIAN_POINT ( 'NONE',  ( 2.549782265668134600, 0.5995728764910528400, 1.950223141967440300 ) ) ;
#2787 = LINE ( 'NONE', #4604, #222 ) ;
#2788 = DIRECTION ( 'NONE',  ( 4.336808689942016900E-015, 1.000000000000000000, 2.168404344971006200E-016 ) ) ;
#2789 = CARTESIAN_POINT ( 'NONE',  ( -2.650000000000000400, 3.499999999999999600, -2.064999999999999500 ) ) ;
#2790 = CARTESIAN_POINT ( 'NONE',  ( -1.244788399308403700, 0.8533975200701186000, 1.767840389523136300 ) ) ;
#2791 = CARTESIAN_POINT ( 'NONE',  ( -1.367850346780454400, 0.8745556439892412400, 1.716827380273656400 ) ) ;
#2792 = ORIENTED_EDGE ( 'NONE', *, *, #1712, .T. ) ;
#2793 = CARTESIAN_POINT ( 'NONE',  ( -1.724926420207006300, 0.7746552081853289600, 1.913353111167470900 ) ) ;
#2794 = CARTESIAN_POINT ( 'NONE',  ( -1.547336403710214000, 0.7934783820616612100, 1.848657193403494300 ) ) ;
#2795 = CARTESIAN_POINT ( 'NONE',  ( 1.964294742901957900, 0.4952802448803405600, 2.349999999999999200 ) ) ;
#2796 = FACE_OUTER_BOUND ( 'NONE', #182, .T. ) ;
#2797 = EDGE_CURVE ( 'NONE', #4778, #2306, #2396, .T. ) ;
#2798 = DIRECTION ( 'NONE',  ( 3.265262085617095000E-032, -2.409338161078890300E-016, 1.000000000000000000 ) ) ;
#2799 = ORIENTED_EDGE ( 'NONE', *, *, #5713, .F. ) ;
#2800 = CARTESIAN_POINT ( 'NONE',  ( 1.067464453049743500, 1.060452662727641600, 1.783318852550419800 ) ) ;
#2801 = LINE ( 'NONE', #702, #5705 ) ;
#2802 = DIRECTION ( 'NONE',  ( 1.000000000000000000, 3.491481338843133400E-015, 2.344220913482171700E-016 ) ) ;
#2803 = CARTESIAN_POINT ( 'NONE',  ( 0.2797324604715900600, 0.09999999999999996400, 2.263642945718460400 ) ) ;
#2804 = CYLINDRICAL_SURFACE ( 'NONE', #4364, 0.2999999999999997100 ) ;
#2805 = CARTESIAN_POINT ( 'NONE',  ( 2.650000000000003000, 0.8018649239149187000, 2.160762431051914700 ) ) ;
#2806 = EDGE_CURVE ( 'NONE', #4661, #2261, #5392, .T. ) ;
#2807 = CARTESIAN_POINT ( 'NONE',  ( 1.925000000000000700, 10.00000000000000000, -1.849999999999999600 ) ) ;
#2808 = ORIENTED_EDGE ( 'NONE', *, *, #214, .T. ) ;
#2809 = CYLINDRICAL_SURFACE ( 'NONE', #3343, 0.09999999999999979700 ) ;
#2810 = CARTESIAN_POINT ( 'NONE',  ( -1.701891461034744600, 4.443653176660428800, 2.456346823339569300 ) ) ;
#2811 = CYLINDRICAL_SURFACE ( 'NONE', #787, 0.1999999999999996500 ) ;
#2812 = DIRECTION ( 'NONE',  ( 0.0000000000000000000, 3.469446951953611800E-015, 1.000000000000000000 ) ) ;
#2813 = EDGE_LOOP ( 'NONE', ( #2636, #742, #4870, #980, #5442, #1553, #241, #2520, #810, #3367 ) ) ;
#2814 = B_SPLINE_SURFACE_WITH_KNOTS ( 'NONE', 1, 3, ( 
 ( #3439, #5343, #714, #3919, #1197, #1334, #5400, #412, #1361, #5947, #5429, #3108, #3238, #3261, #4595, #1412, #1006, #487, #1932, #3683, #922, #5050, #5091, #5549, #2371, #2744, #1856, #5594, #5972, #2298, #5512, #4136, #4616, #985, #960, #4171, #1527, #5609, #1574, #550, #580, #2905, #3830, #5655, #4749, #166, #5147, #3355, #5162, #3340, #4280, #2841, #1099, #2430, #4297, #4253, #1548, #2013, #4770, #606, #131, #2416, #5628, #90, #5198, #3320 ),
 ( #1081, #3748, #4230, #2467, #2027, #2857, #2447, #1490, #1022, #5221, #4731, #2820, #4688, #2877, #1064, #3771, #146, #1946, #3279, #4213, #565, #3807, #2389, #3293, #1038, #1513, #3787, #4711, #1964, #1993, #5178, #4312, #3930, #5717, #5301, #3434, #2960, #1651, #5257, #3884, #5754, #4854, #2099, #3910, #1161, #1590, #1125, #2938, #4798, #2511, #5743, #1667, #4831, #1216, #2531, #4361, #4393, #5237, #1629, #206, #2120, #2556, #3853, #5771, #3399, #2999 ) ),
 .UNSPECIFIED., .F., .F., .F.,
 ( 2, 2 ),
 ( 4, 2, 2, 2, 2, 2, 2, 2, 2, 2, 2, 2, 2, 2, 2, 2, 2, 2, 2, 2, 2, 2, 2, 2, 2, 2, 2, 2, 2, 2, 2, 2, 4 ),
 ( 0.0000000000000000000, 1.000000000000000000 ),
 ( 0.005012388142793958500, 0.005180699847155531900, 0.005264855699336318600, 0.005349011551517106200, 0.005433167403697893700, 0.005517323255878680400, 0.005601479108059467100, 0.005685634960240253800, 0.005769790812421040500, 0.005853946664601827200, 0.005938102516782613900, 0.006022258368963400600, 0.006106414221144187300, 0.006190570073324974000, 0.006232647999415367300, 0.006274725925505760700, 0.006358881777686548200, 0.006443037629867335800, 0.006527193482048122500, 0.006611349334228909200, 0.006695505186409695900, 0.006737583112500089200, 0.006779661038590482600, 0.006863816890771269300, 0.006947972742952056000, 0.007032128595132842600, 0.007116284447313629300, 0.007158362373404022700, 0.007200440299494416000, 0.007284596151675202700, 0.007368752003855990300, 0.007537063708217564600, 0.007705375412579137900 ),
 .UNSPECIFIED. ) ;
#2815 = EDGE_LOOP ( 'NONE', ( #5569, #3531, #4838, #35 ) ) ;
#2816 = CARTESIAN_POINT ( 'NONE',  ( -1.446644612656586600, 0.7549649842201676700, 1.813723758911932800 ) ) ;
#2817 = LINE ( 'NONE', #740, #1565 ) ;
#2818 = EDGE_CURVE ( 'NONE', #3127, #3913, #4637, .T. ) ;
#2819 = CARTESIAN_POINT ( 'NONE',  ( -1.906425996537373800, 0.6028488112221462900, 1.948508730989112000 ) ) ;
#2820 = CARTESIAN_POINT ( 'NONE',  ( 0.7534690953832898800, 0.09999999999999996400, -2.020136855995312300 ) ) ;
#2821 = CARTESIAN_POINT ( 'NONE',  ( 1.495249680392694500, 0.9029464458756758500, 2.246383384934158600 ) ) ;
#2822 = ORIENTED_EDGE ( 'NONE', *, *, #137, .T. ) ;
#2823 = MANIFOLD_SOLID_BREP ( 'Boss-Extrude5', #5078 ) ;
#2824 = VERTEX_POINT ( 'NONE', #3065 ) ;
#2825 = CARTESIAN_POINT ( 'NONE',  ( 2.650000000000002100, 0.5999999999999999800, 0.8999999999999990200 ) ) ;
#2826 = VECTOR ( 'NONE', #4137, 999.9999999999998900 ) ;
#2827 = EDGE_CURVE ( 'NONE', #4909, #768, #5126, .T. ) ;
#2828 = CARTESIAN_POINT ( 'NONE',  ( -2.550214895048588600, 0.5995634437519188300, 2.350228051543927800 ) ) ;
#2829 = CARTESIAN_POINT ( 'NONE',  ( -0.5171427906974323000, 0.09999999999999990800, 2.172535529888209600 ) ) ;
#2830 = ORIENTED_EDGE ( 'NONE', *, *, #3433, .T. ) ;
#2831 = CARTESIAN_POINT ( 'NONE',  ( 1.711516543093142500, 3.499999999999999600, 2.499999999999998700 ) ) ;
#2832 = CARTESIAN_POINT ( 'NONE',  ( -1.200000000000000600, 0.09999999999999939500, -1.849999999999999900 ) ) ;
#2833 = DIRECTION ( 'NONE',  ( -1.000000000000000000, 0.0000000000000000000, 0.0000000000000000000 ) ) ;
#2834 = ORIENTED_EDGE ( 'NONE', *, *, #4039, .F. ) ;
#2835 = ORIENTED_EDGE ( 'NONE', *, *, #568, .T. ) ;
#2836 = CARTESIAN_POINT ( 'NONE',  ( -1.034215203377436300, 1.295690604572645100, 1.672631336730883800 ) ) ;
#2837 = CARTESIAN_POINT ( 'NONE',  ( 1.711516543093141800, 4.399999999999998600, -2.499999999999998700 ) ) ;
#2838 = DIRECTION ( 'NONE',  ( 8.958683004678012600E-017, 0.7071067811865452400, 0.7071067811865499000 ) ) ;
#2839 = CARTESIAN_POINT ( 'NONE',  ( -1.460480687756085600, 1.291330227871133400, 1.604076064518990700 ) ) ;
#2840 = CARTESIAN_POINT ( 'NONE',  ( -1.814786452727372500, 0.8306326671251094100, 2.029238552143644500 ) ) ;
#2841 = CARTESIAN_POINT ( 'NONE',  ( -0.7751432855251441100, 0.3000000000000004900, -2.252101491182959800 ) ) ;
#2842 = CARTESIAN_POINT ( 'NONE',  ( 1.616035301125626800, 0.9359807428910189600, 2.183556279275705900 ) ) ;
#2843 = CARTESIAN_POINT ( 'NONE',  ( -2.550000000000002500, 0.6000000000000004200, 0.8999999999999990200 ) ) ;
#2844 = AXIS2_PLACEMENT_3D ( 'NONE', #3782, #1136, #1981 ) ;
#2845 = EDGE_CURVE ( 'NONE', #4805, #4289, #4559, .T. ) ;
#2846 = CARTESIAN_POINT ( 'NONE',  ( -0.7970248063520964900, 0.09999999999999990800, 1.984362524412335100 ) ) ;
#2847 = ORIENTED_EDGE ( 'NONE', *, *, #1653, .F. ) ;
#2848 = CARTESIAN_POINT ( 'NONE',  ( 2.549999999999999800, 4.399999999999998600, -2.111351376446604100 ) ) ;
#2849 = CARTESIAN_POINT ( 'NONE',  ( -1.949999999999994400, 0.9000000000000001300, -1.950000000000002200 ) ) ;
#2850 = CARTESIAN_POINT ( 'NONE',  ( -1.290286956108397600, 1.046173968342892800, 1.490557895354320600 ) ) ;
#2851 = CARTESIAN_POINT ( 'NONE',  ( 1.711516543093141800, 3.499999999999999600, -2.499999999999998700 ) ) ;
#2852 = LINE ( 'NONE', #2361, #4605 ) ;
#2853 = B_SPLINE_SURFACE_WITH_KNOTS ( 'NONE', 3, 3, ( 
 ( #5885, #1853, #2294, #3105, #3562, #1906, #3718, #3660, #4134, #1003, #4612, #2368 ),
 ( #4189, #5075, #546, #5529, #4152, #31, #4795, #1990, #4766, #5159, #563, #5234 ),
 ( #2465, #127, #5669, #1545, #2874, #3827, #2009, #5606, #2839, #5195, #5690, #3849 ),
 ( #807, #3077, #245, #4357, #4334, #2065, #4853, #5297, #2551, #3541, #4005, #1296 ),
 ( #1386, #2252, #4568, #2721, #4590, #5044, #915, #3656, #2687, #936, #5419, #3574 ),
 ( #5100, #4224, #1461, #1507, #496, #5543, #5140, #4655, #2836, #3274, #2777, #3737 ),
 ( #978, #1015, #5567, #3229, #4208, #1958, #68, #3289, #560, #28, #2350, #2310 ),
 ( #5525, #2761, #5115, #3213, #2790, #482, #516, #3674, #3714, #953, #998, #4184 ),
 ( #1926, #599, #4292, #5621, #140, #3800, #1075, #1522, #2850, #3783, #1057, #4272 ),
 ( #1541, #4743, #2898, #2443, #159, #1876, #5241, #5224, #2049, #1168, #230, #2076 ) ),
 .UNSPECIFIED., .T., .F., .F.,
 ( 4, 2, 2, 2, 4 ),
 ( 4, 2, 2, 2, 2, 4 ),
 ( 0.0000000000000000000, 0.2500000000000000000, 0.5000000000000000000, 0.7500000000000000000, 1.000000000000000000 ),
 ( 0.5819328839176166600, 0.6579959241240468400, 0.7366919789667576400, 0.8167155206589358200, 0.9100549755234312900, 1.000000000000000000 ),
 .UNSPECIFIED. ) ;
#2854 = CARTESIAN_POINT ( 'NONE',  ( 2.650000000000001700, 0.6000000000000004200, -0.9000000000000009100 ) ) ;
#2855 = CARTESIAN_POINT ( 'NONE',  ( -1.817949410868546800, 0.6209064701127271500, 1.939045903244058600 ) ) ;
#2856 = CARTESIAN_POINT ( 'NONE',  ( -1.724926420207006300, 0.7746552081853289600, 1.913353111167470900 ) ) ;
#2857 = CARTESIAN_POINT ( 'NONE',  ( 0.9399838509116199600, 0.09999999999999996400, -1.847127432535707900 ) ) ;
#2858 = CARTESIAN_POINT ( 'NONE',  ( 1.856962842768697500, 0.8120393917084345300, 2.248412592213129700 ) ) ;
#2859 = VECTOR ( 'NONE', #459, 1000.000000000000000 ) ;
#2860 = DIRECTION ( 'NONE',  ( 1.000000000000000000, 0.0000000000000000000, -1.266949100621695300E-016 ) ) ;
#2861 = PRESENTATION_STYLE_ASSIGNMENT (( #1059 ) ) ;
#2862 = CARTESIAN_POINT ( 'NONE',  ( -0.1974432475245618500, 0.09999999999999992200, 2.282143504940121300 ) ) ;
#2863 = DIRECTION ( 'NONE',  ( 0.0000000000000000000, -1.000000000000000000, 0.0000000000000000000 ) ) ;
#2864 = EDGE_CURVE ( 'NONE', #5963, #4564, #171, .T. ) ;
#2865 = DIRECTION ( 'NONE',  ( 0.0000000000000000000, 1.000000000000000000, 0.0000000000000000000 ) ) ;
#2866 = ORIENTED_EDGE ( 'NONE', *, *, #2248, .T. ) ;
#2867 = CARTESIAN_POINT ( 'NONE',  ( -0.5722612009522857200, 2.200000000000000600, 0.0000000000000000000 ) ) ;
#2868 = LINE ( 'NONE', #2161, #437 ) ;
#2869 = ORIENTED_EDGE ( 'NONE', *, *, #1348, .T. ) ;
#2870 = CARTESIAN_POINT ( 'NONE',  ( -1.180900769430448300, 1.192937304055972800, 1.935556304578724700 ) ) ;
#2871 = DIRECTION ( 'NONE',  ( 0.9072762929542512700, 0.0000000000000000000, -0.4205350499580168800 ) ) ;
#2872 = FACE_OUTER_BOUND ( 'NONE', #4415, .T. ) ;
#2873 = FACE_OUTER_BOUND ( 'NONE', #3536, .T. ) ;
#2874 = CARTESIAN_POINT ( 'NONE',  ( -1.543684579276303000, 1.107252726841884600, 1.846739350159342500 ) ) ;
#2875 = CARTESIAN_POINT ( 'NONE',  ( -1.365347262039190200, 0.6779255830735297900, 1.899704505030163700 ) ) ;
#2876 = CARTESIAN_POINT ( 'NONE',  ( -1.506142630275728100, 0.5444341867448128100, 1.969564026961800900 ) ) ;
#2877 = CARTESIAN_POINT ( 'NONE',  ( 0.6859134612218463800, 0.09999999999999996400, -2.070629930471190600 ) ) ;
#2878 = ORIENTED_EDGE ( 'NONE', *, *, #3418, .F. ) ;
#2879 = CARTESIAN_POINT ( 'NONE',  ( 1.471019814190938700, 0.9336108124458972800, 2.230108248233697600 ) ) ;
#2880 = CARTESIAN_POINT ( 'NONE',  ( -2.650000000000000400, 0.6381427539216031300, 1.954188604135952900 ) ) ;
#2881 = EDGE_CURVE ( 'NONE', #1281, #4934, #1344, .T. ) ;
#2882 = VECTOR ( 'NONE', #5157, 1000.000000000000000 ) ;
#2883 = ORIENTED_EDGE ( 'NONE', *, *, #133, .F. ) ;
#2884 = ORIENTED_EDGE ( 'NONE', *, *, #5777, .F. ) ;
#2885 = CARTESIAN_POINT ( 'NONE',  ( 0.05768448073530572900, 0.09999999999999990800, 2.298819384400963900 ) ) ;
#2886 =( LENGTH_UNIT ( ) NAMED_UNIT ( * ) SI_UNIT ( .MILLI., .METRE. ) );
#2887 = DIRECTION ( 'NONE',  ( -1.000000000000000000, 0.0000000000000000000, 0.0000000000000000000 ) ) ;
#2888 = LINE ( 'NONE', #226, #4486 ) ;
#2889 = EDGE_CURVE ( 'NONE', #4035, #5077, #3960, .T. ) ;
#2890 =( GEOMETRIC_REPRESENTATION_CONTEXT ( 3 ) GLOBAL_UNCERTAINTY_ASSIGNED_CONTEXT ( ( #1966 ) ) GLOBAL_UNIT_ASSIGNED_CONTEXT ( ( #2209, #4496, #844 ) ) REPRESENTATION_CONTEXT ( 'NONE', 'WORKASPACE' ) );
#2891 = VERTEX_POINT ( 'NONE', #1313 ) ;
#2892 = CARTESIAN_POINT ( 'NONE',  ( 1.254179606750064100, 0.6000000000000005300, 2.349999999999998800 ) ) ;
#2893 = ORIENTED_EDGE ( 'NONE', *, *, #4199, .F. ) ;
#2894 = ORIENTED_EDGE ( 'NONE', *, *, #1401, .F. ) ;
#2895 = CARTESIAN_POINT ( 'NONE',  ( -2.427289628803702000, 0.3989372771355708700, 2.255274975613067700 ) ) ;
#2896 = CARTESIAN_POINT ( 'NONE',  ( -0.8386609206840860400, 2.200000000000000600, 4.516666666666668400 ) ) ;
#2897 = LINE ( 'NONE', #3413, #3902 ) ;
#2898 = CARTESIAN_POINT ( 'NONE',  ( -1.503297030129477900, 0.8520437117848803600, 1.813444340427279300 ) ) ;
#2899 = CARTESIAN_POINT ( 'NONE',  ( 1.711516543093141800, 3.499999999999999600, -2.499999999999998700 ) ) ;
#2900 = EDGE_LOOP ( 'NONE', ( #3773, #2196, #2830, #897 ) ) ;
#2901 = ORIENTED_EDGE ( 'NONE', *, *, #3776, .F. ) ;
#2902 = ORIENTED_EDGE ( 'NONE', *, *, #506, .F. ) ;
#2903 = AXIS2_PLACEMENT_3D ( 'NONE', #3705, #3241, #5036 ) ;
#2904 = CARTESIAN_POINT ( 'NONE',  ( -1.868782500797580900, 0.4999346473388723300, 2.347563049471888900 ) ) ;
#2905 = CARTESIAN_POINT ( 'NONE',  ( -0.4103013986231106600, 0.3000000000000004300, -2.433097396288032200 ) ) ;
#2906 = CARTESIAN_POINT ( 'NONE',  ( 1.672540930644304000, 0.6840911495788375400, 1.905938405391626000 ) ) ;
#2907 = ORIENTED_EDGE ( 'NONE', *, *, #2162, .F. ) ;
#2908 = CARTESIAN_POINT ( 'NONE',  ( -1.925000000000001400, 0.6000000000000005300, 2.449999999999998800 ) ) ;
#2909 = EDGE_CURVE ( 'NONE', #826, #3885, #4775, .T. ) ;
#2910 = DIRECTION ( 'NONE',  ( -2.344220913482172100E-016, 0.0000000000000000000, -1.000000000000000000 ) ) ;
#2911 = DIRECTION ( 'NONE',  ( 0.0000000000000000000, 1.000000000000000000, 0.0000000000000000000 ) ) ;
#2912 = ORIENTED_EDGE ( 'NONE', *, *, #5362, .T. ) ;
#2913 = CARTESIAN_POINT ( 'NONE',  ( 1.150114993625849500, 1.039586041606920900, 2.009886198763079600 ) ) ;
#2914 = ORIENTED_EDGE ( 'NONE', *, *, #1867, .T. ) ;
#2915 = DIRECTION ( 'NONE',  ( 0.0000000000000000000, -1.000000000000000000, 6.123233995736766000E-017 ) ) ;
#2916 = PLANE ( 'NONE',  #3897 ) ;
#2917 = CARTESIAN_POINT ( 'NONE',  ( 1.925000000000000500, 10.00000000000000000, 1.950000000000000000 ) ) ;
#2918 = PLANE ( 'NONE',  #3863 ) ;
#2919 = CARTESIAN_POINT ( 'NONE',  ( 1.460480687756085600, 1.291330227871133400, 1.604076064518990700 ) ) ;
#2920 = CARTESIAN_POINT ( 'NONE',  ( -1.616035301125626800, 0.9359807428910189600, 2.183556279275705900 ) ) ;
#2921 = CARTESIAN_POINT ( 'NONE',  ( -1.602410540530401400, 0.5761749128191888700, 2.307641912769403000 ) ) ;
#2922 = CARTESIAN_POINT ( 'NONE',  ( 1.642670458277132500, 0.7033827306083000300, 1.895787742225966600 ) ) ;
#2923 = CARTESIAN_POINT ( 'NONE',  ( 2.418094330524389200, 0.7990271874411576400, 2.255227893905505300 ) ) ;
#2924 = AXIS2_PLACEMENT_3D ( 'NONE', #3068, #5835, #4943 ) ;
#2925 = AXIS2_PLACEMENT_3D ( 'NONE', #411, #423, #3203 ) ;
#2926 = CARTESIAN_POINT ( 'NONE',  ( 1.396616625330779700, 1.032618888842524100, 2.170679554193392300 ) ) ;
#2927 = MANIFOLD_SOLID_BREP ( 'Boss-Extrude4', #1785 ) ;
#2928 = CARTESIAN_POINT ( 'NONE',  ( -2.549722345477510200, 0.6254477477185865800, 1.952031193118643400 ) ) ;
#2929 = PLANE ( 'NONE',  #2844 ) ;
#2930 = AXIS2_PLACEMENT_3D ( 'NONE', #4419, #5893, #3556 ) ;
#2931 = DIRECTION ( 'NONE',  ( 0.0000000000000000000, -1.000000000000000000, 0.0000000000000000000 ) ) ;
#2932 = CARTESIAN_POINT ( 'NONE',  ( 1.547336403710213100, 0.7934783820616608800, 1.848657193403494300 ) ) ;
#2933 = MECHANICAL_DESIGN_GEOMETRIC_PRESENTATION_REPRESENTATION (  '', ( #2040 ), #189 ) ;
#2934 = CARTESIAN_POINT ( 'NONE',  ( 1.255807340445544100, 1.060606279250036100, 2.074058529094767100 ) ) ;
#2935 = LINE ( 'NONE', #5858, #2168 ) ;
#2936 = CARTESIAN_POINT ( 'NONE',  ( -1.913986326579996800, 0.4003774167876813500, 2.254522573387660200 ) ) ;
#2937 = CARTESIAN_POINT ( 'NONE',  ( -1.319255951117685300, 0.6721868277111854300, 2.112403601530749200 ) ) ;
#2938 = CARTESIAN_POINT ( 'NONE',  ( -0.5173822060915787000, 0.09999999999999996400, -2.172407309742148600 ) ) ;
#2939 = DIRECTION ( 'NONE',  ( 0.0000000000000000000, -1.000000000000000000, 0.0000000000000000000 ) ) ;
#2940 = ADVANCED_FACE ( 'NONE', ( #5787 ), #1778, .F. ) ;
#2941 = CARTESIAN_POINT ( 'NONE',  ( 2.650000000000000400, 0.4952802448803405600, 2.349999999999999200 ) ) ;
#2942 = ORIENTED_EDGE ( 'NONE', *, *, #243, .T. ) ;
#2943 = CARTESIAN_POINT ( 'NONE',  ( 2.550000000000001200, 3.499999999999999600, 2.499999999999997300 ) ) ;
#2944 = FACE_OUTER_BOUND ( 'NONE', #2356, .T. ) ;
#2945 = DIRECTION ( 'NONE',  ( 0.3511484866841277400, 0.0000000000000000000, 0.9363197852760812800 ) ) ;
#2946 = CARTESIAN_POINT ( 'NONE',  ( 1.182005927965526200, 1.525546762847769500, 1.501678906225014700 ) ) ;
#2947 = ORIENTED_EDGE ( 'NONE', *, *, #988, .F. ) ;
#2948 = LINE ( 'NONE', #4846, #4980 ) ;
#2949 = CARTESIAN_POINT ( 'NONE',  ( -2.418094330524389200, 0.7990271874411576400, 2.255227893905505300 ) ) ;
#2950 = DIRECTION ( 'NONE',  ( -1.000000000000000000, 0.0000000000000000000, -2.168404344970998600E-015 ) ) ;
#2951 = VECTOR ( 'NONE', #4938, 1000.000000000000000 ) ;
#2952 = CARTESIAN_POINT ( 'NONE',  ( -1.925000000000000300, 0.0000000000000000000, 1.849999999999999400 ) ) ;
#2953 = CARTESIAN_POINT ( 'NONE',  ( 1.387018782962577100, 1.271757484768597300, 1.914805355431013200 ) ) ;
#2954 = VERTEX_POINT ( 'NONE', #5944 ) ;
#2955 = ORIENTED_EDGE ( 'NONE', *, *, #1066, .T. ) ;
#2956 = FACE_OUTER_BOUND ( 'NONE', #104, .T. ) ;
#2957 = ORIENTED_EDGE ( 'NONE', *, *, #5698, .F. ) ;
#2958 = CARTESIAN_POINT ( 'NONE',  ( -1.893879448033117600, 0.4987310626942725900, 1.948193405857499200 ) ) ;
#2959 = CARTESIAN_POINT ( 'NONE',  ( 1.774289244641455500, 0.7487827314856921900, 1.926933023678934600 ) ) ;
#2960 = CARTESIAN_POINT ( 'NONE',  ( -0.1419096056844083600, 0.09999999999999990800, -2.290964449209743000 ) ) ;
#2961 = ORIENTED_EDGE ( 'NONE', *, *, #536, .T. ) ;
#2962 = CARTESIAN_POINT ( 'NONE',  ( 1.585487296939212900, 0.6158424543341488600, 1.886789084008145400 ) ) ;
#2963 = ORIENTED_EDGE ( 'NONE', *, *, #4156, .T. ) ;
#2964 = EDGE_CURVE ( 'NONE', #5863, #2630, #3074, .T. ) ;
#2965 = ORIENTED_EDGE ( 'NONE', *, *, #4344, .F. ) ;
#2966 = FACE_OUTER_BOUND ( 'NONE', #5586, .T. ) ;
#2967 = EDGE_LOOP ( 'NONE', ( #2907, #5130, #1486, #1211 ) ) ;
#2968 = DIRECTION ( 'NONE',  ( 2.344220913482172100E-016, 0.0000000000000000000, -1.000000000000000000 ) ) ;
#2969 = VERTEX_POINT ( 'NONE', #4993 ) ;
#2970 = CARTESIAN_POINT ( 'NONE',  ( -1.200000000000000600, 0.0000000000000000000, -1.849999999999999200 ) ) ;
#2971 = STYLED_ITEM ( 'NONE', ( #2861 ), #4656 ) ;
#2972 = VECTOR ( 'NONE', #2638, 1000.000000000000000 ) ;
#2973 = CARTESIAN_POINT ( 'NONE',  ( -2.549751091521460300, 0.6126159980878270700, 1.950595614774699200 ) ) ;
#2974 = ADVANCED_FACE ( 'NONE', ( #2189 ), #438, .F. ) ;
#2975 = DIRECTION ( 'NONE',  ( -2.168404344971012800E-015, 0.0000000000000000000, -1.000000000000000000 ) ) ;
#2976 = ORIENTED_EDGE ( 'NONE', *, *, #4861, .T. ) ;
#2977 = DIRECTION ( 'NONE',  ( -2.344220913482172100E-016, 0.0000000000000000000, -1.000000000000000000 ) ) ;
#2978 = CARTESIAN_POINT ( 'NONE',  ( 1.509371088003944200, 1.170055779463857100, 1.778063598925239600 ) ) ;
#2979 = LINE ( 'NONE', #3329, #4061 ) ;
#2980 = CARTESIAN_POINT ( 'NONE',  ( -1.200000000000000200, 4.873977856002723800, -1.849999999999999600 ) ) ;
#2981 = ORIENTED_EDGE ( 'NONE', *, *, #3710, .T. ) ;
#2982 = DIRECTION ( 'NONE',  ( 1.000000000000000000, 0.0000000000000000000, -1.266949100621695300E-016 ) ) ;
#2983 = CARTESIAN_POINT ( 'NONE',  ( -1.847750251907291500, 0.6130413872200688500, 1.943168051463058000 ) ) ;
#2984 = CARTESIAN_POINT ( 'NONE',  ( -2.549999999999999800, -6.765421556309539000E-015, -1.849999999999999400 ) ) ;
#2985 = CARTESIAN_POINT ( 'NONE',  ( 2.650000000000000400, 0.7047197551196604500, 2.349999999999999200 ) ) ;
#2986 = EDGE_CURVE ( 'NONE', #3898, #3626, #2322, .T. ) ;
#2987 = CARTESIAN_POINT ( 'NONE',  ( 2.549999999999999800, 4.336808689942017700E-016, -0.9000000000000011300 ) ) ;
#2988 = DIRECTION ( 'NONE',  ( 0.0000000000000000000, 1.000000000000000000, 0.0000000000000000000 ) ) ;
#2989 = DIRECTION ( 'NONE',  ( 0.0000000000000000000, 0.0000000000000000000, -1.000000000000000000 ) ) ;
#2990 = CARTESIAN_POINT ( 'NONE',  ( 1.367281466543723000, 1.187878130681741000, 1.333198689089988100 ) ) ;
#2991 = CARTESIAN_POINT ( 'NONE',  ( -2.649999999999999900, 0.09999999999999996400, 2.334046343545191100E-017 ) ) ;
#2992 = CARTESIAN_POINT ( 'NONE',  ( 2.550000000000000700, 0.1000000000000002600, -1.000000000000001100 ) ) ;
#2993 = CARTESIAN_POINT ( 'NONE',  ( 2.550000000000000300, 0.1000000000000000100, -5.977763329379539700E-016 ) ) ;
#2994 = CARTESIAN_POINT ( 'NONE',  ( 1.333705217223839300, 1.127634849458474900, 2.094189079859357900 ) ) ;
#2995 = CARTESIAN_POINT ( 'NONE',  ( 2.352349610154470300, 0.5987499939466821600, 1.950653039666800500 ) ) ;
#2996 = EDGE_CURVE ( 'NONE', #4317, #3111, #5860, .T. ) ;
#2997 = CARTESIAN_POINT ( 'NONE',  ( -1.731310763689220700, 0.6532781991784727400, 1.922106177826789200 ) ) ;
#2998 = CARTESIAN_POINT ( 'NONE',  ( 1.639092828382209500, 0.8433233774240126400, 1.877606914144791500 ) ) ;
#2999 = CARTESIAN_POINT ( 'NONE',  ( -1.115889756882445300, 0.09999999999999993600, -1.627216123825335300 ) ) ;
#3000 = CARTESIAN_POINT ( 'NONE',  ( -2.650000000000000800, 0.6999986598973716400, 2.141126524055971800 ) ) ;
#3001 = CARTESIAN_POINT ( 'NONE',  ( -0.9507231761580938700, 0.3000000000000004900, 2.115830042274441200 ) ) ;
#3002 = ADVANCED_FACE ( 'NONE', ( #3526 ), #5426, .T. ) ;
#3003 = EDGE_CURVE ( 'NONE', #4553, #1266, #1626, .T. ) ;
#3004 = AXIS2_PLACEMENT_3D ( 'NONE', #4284, #4692, #4734 ) ;
#3005 = CARTESIAN_POINT ( 'NONE',  ( 0.8677564237645011300, 0.8999999999999999100, -2.273161581894536500 ) ) ;
#3006 = LINE ( 'NONE', #3841, #1248 ) ;
#3007 =( BOUNDED_SURFACE ( )  B_SPLINE_SURFACE ( 3, 1, ( 
 ( #262, #3923 ),
 ( #278, #1702 ),
 ( #5325, #297 ),
 ( #4869, #5309 ) ),
 .UNSPECIFIED., .F., .F., .F. ) 
 B_SPLINE_SURFACE_WITH_KNOTS ( ( 4, 4 ),
 ( 2, 2 ),
 ( 0.0000000000000000000, 1.000000000000000000 ),
 ( 0.0000000000000000000, 1.000000000000000000 ),
 .UNSPECIFIED. ) 
 GEOMETRIC_REPRESENTATION_ITEM ( )  RATIONAL_B_SPLINE_SURFACE ( (
 ( 1.000000000000000000, 1.000000000000000000),
 ( 0.9551586035392543000, 0.9551586035392543000),
 ( 0.9551586035392543000, 0.9551586035392543000),
 ( 1.000000000000000000, 1.000000000000000000) ) ) 
 REPRESENTATION_ITEM ( '' )  SURFACE ( )  );
#3008 = DIRECTION ( 'NONE',  ( -1.000000000000000000, -9.346570452461285700E-018, -9.346570452461251800E-018 ) ) ;
#3009 = CIRCLE ( 'NONE', #1117, 1.139658540942923400 ) ;
#3010 = CARTESIAN_POINT ( 'NONE',  ( 1.567652322830112700, 0.7124552325755801900, 2.291080252793038100 ) ) ;
#3011 = CARTESIAN_POINT ( 'NONE',  ( 0.7742810599394839300, 0.1000000000000000200, -2.003857473774028000 ) ) ;
#3012 = CARTESIAN_POINT ( 'NONE',  ( 1.248064453699956600, 0.7623603755913149800, 2.064636927226309600 ) ) ;
#3013 = AXIS2_PLACEMENT_3D ( 'NONE', #224, #689, #1159 ) ;
#3014 = DIRECTION ( 'NONE',  ( 0.0000000000000000000, 1.000000000000000000, 0.0000000000000000000 ) ) ;
#3015 = COLOUR_RGB ( '',0.2509803921568627400, 0.2509803921568627400, 0.2509803921568627400 ) ;
#3016 = CARTESIAN_POINT ( 'NONE',  ( -1.585487296939212900, 0.6158424543341488600, 1.886789084008145400 ) ) ;
#3017 = CARTESIAN_POINT ( 'NONE',  ( 1.847750251907291500, 0.6130413872200688500, 1.943168051463058000 ) ) ;
#3018 = EDGE_CURVE ( 'NONE', #5331, #1799, #387, .T. ) ;
#3019 = CARTESIAN_POINT ( 'NONE',  ( 2.650000000000000400, 0.5418310404788286800, 2.229127282508037500 ) ) ;
#3020 = VERTEX_POINT ( 'NONE', #3603 ) ;
#3021 = VECTOR ( 'NONE', #3426, 1000.000000000000000 ) ;
#3022 = LINE ( 'NONE', #5856, #3097 ) ;
#3023 = ORIENTED_EDGE ( 'NONE', *, *, #2658, .T. ) ;
#3024 = ORIENTED_EDGE ( 'NONE', *, *, #2016, .F. ) ;
#3025 = DIRECTION ( 'NONE',  ( -0.9072762929542512700, 0.0000000000000000000, 0.4205350499580169400 ) ) ;
#3026 = FACE_OUTER_BOUND ( 'NONE', #3686, .T. ) ;
#3027 = CARTESIAN_POINT ( 'NONE',  ( 1.362331900726095200, 1.155191326587447400, 1.423746122897575800 ) ) ;
#3028 = EDGE_LOOP ( 'NONE', ( #4779, #2981, #2965, #3386, #2957, #4583, #4130, #2748 ) ) ;
#3029 = ORIENTED_EDGE ( 'NONE', *, *, #4240, .F. ) ;
#3030 = ADVANCED_FACE ( 'NONE', ( #5633 ), #2853, .T. ) ;
#3031 = DIRECTION ( 'NONE',  ( 0.0000000000000000000, 1.000000000000000000, 2.258754526011467700E-016 ) ) ;
#3032 = ADVANCED_FACE ( 'NONE', ( #4703 ), #2475, .F. ) ;
#3033 = CARTESIAN_POINT ( 'NONE',  ( -1.254179606750064100, 0.6000000000000005300, 2.149999999999999000 ) ) ;
#3034 = ORIENTED_EDGE ( 'NONE', *, *, #2359, .T. ) ;
#3035 = CARTESIAN_POINT ( 'NONE',  ( -2.650000000000034600, 0.6103600419175477800, 1.948087928548666500 ) ) ;
#3036 = CARTESIAN_POINT ( 'NONE',  ( 1.244788399308403700, 0.8533975200701186000, 1.767840389523136300 ) ) ;
#3037 = B_SPLINE_SURFACE_WITH_KNOTS ( 'NONE', 3, 3, ( 
 ( #4392, #1687, #2529, #3017, #1214, #3909, #286, #1185, #4360, #272, #303, #3883 ),
 ( #3962, #1232, #3478, #2554, #5770, #5336, #2959, #1250, #1628, #4442, #2998, #1711 ),
 ( #2606, #3457, #225, #724, #3929, #1666, #4877, #3414, #2118, #5316, #2218, #5011 ),
 ( #4522, #1730, #4048, #5895, #805, #3986, #4933, #2647, #1294, #1309, #851, #1748 ),
 ( #3122, #1270, #4022, #4983, #2251, #4458, #2232, #2175, #3573, #5441, #4004, #5375 ),
 ( #1793, #4949, #405, #5393, #3515, #2631, #4505, #383, #5882, #2199, #4480, #3098 ),
 ( #362, #2684, #3539, #3558, #1768, #830, #3595, #4964, #5861, #4538, #786, #5417 ),
 ( #1324, #2660, #3075, #4070, #347, #3136, #5912, #863, #1351, #1810, #5455, #5839 ),
 ( #3057, #328, #5, #2329, #3620, #1825, #2774, #949, #25, #5042, #4098, #1881 ),
 ( #49, #1368, #977, #5475, #5541, #479, #3196, #4631, #2289, #933, #2758, #5086 ) ),
 .UNSPECIFIED., .T., .F., .F.,
 ( 4, 2, 2, 2, 4 ),
 ( 4, 2, 2, 2, 2, 4 ),
 ( 0.0000000000000000000, 0.2500000000000000000, 0.5000000000000000000, 0.7500000000000000000, 1.000000000000000000 ),
 ( 0.3155082430143768500, 0.3641475987153899300, 0.4142491139411944000, 0.4650707556951786400, 0.5244402834339316800, 0.5819328839176166600 ),
 .UNSPECIFIED. ) ;
#3038 = ORIENTED_EDGE ( 'NONE', *, *, #3402, .T. ) ;
#3039 = ORIENTED_EDGE ( 'NONE', *, *, #5927, .T. ) ;
#3040 = LINE ( 'NONE', #719, #1852 ) ;
#3041 = CARTESIAN_POINT ( 'NONE',  ( -1.494586396350189300, 0.6944883353273108000, 1.845901327346421500 ) ) ;
#3042 = CARTESIAN_POINT ( 'NONE',  ( -1.642670458277132500, 0.7033827306083000300, 1.895787742225966600 ) ) ;
#3043 = CARTESIAN_POINT ( 'NONE',  ( 2.650000000000000400, 0.6052332028919724700, 2.050222781088269800 ) ) ;
#3044 = AXIS2_PLACEMENT_3D ( 'NONE', #4968, #2692, #1330 ) ;
#3045 = ORIENTED_EDGE ( 'NONE', *, *, #4645, .F. ) ;
#3046 = ORIENTED_EDGE ( 'NONE', *, *, #4344, .T. ) ;
#3047 = CARTESIAN_POINT ( 'NONE',  ( -1.133505746667597700, 2.200000000000000200, 1.496530363817980800 ) ) ;
#3048 = CARTESIAN_POINT ( 'NONE',  ( -0.8386609206840874900, 2.200000000000000600, -4.516666666666667500 ) ) ;
#3049 = DIRECTION ( 'NONE',  ( -0.0000000000000000000, -1.000000000000000000, -0.0000000000000000000 ) ) ;
#3050 = CARTESIAN_POINT ( 'NONE',  ( 2.649999999999994600, 0.5777747640297591400, 1.949396013773833100 ) ) ;
#3051 = ORIENTED_EDGE ( 'NONE', *, *, #2986, .T. ) ;
#3052 = AXIS2_PLACEMENT_3D ( 'NONE', #2739, #4591, #979 ) ;
#3053 = CARTESIAN_POINT ( 'NONE',  ( -2.549968980663060300, 0.5250366526940469800, 1.964238466539021100 ) ) ;
#3054 = EDGE_LOOP ( 'NONE', ( #4971, #5414, #2901, #3199 ) ) ;
#3055 = CARTESIAN_POINT ( 'NONE',  ( 1.148214659803442800, 1.100831675754641000, 1.404907142573942600 ) ) ;
#3056 = DIRECTION ( 'NONE',  ( -2.344220913482172100E-016, 0.0000000000000000000, 1.000000000000000000 ) ) ;
#3057 = CARTESIAN_POINT ( 'NONE',  ( 1.964294742901958400, 0.4952802448803405600, 1.949999999999999100 ) ) ;
#3058 = ADVANCED_FACE ( 'NONE', ( #747 ), #669, .T. ) ;
#3059 = ADVANCED_FACE ( 'NONE', ( #598 ), #4258, .F. ) ;
#3060 = CARTESIAN_POINT ( 'NONE',  ( 0.0000000000000000000, 0.6000000000000000900, -1.950000000000001500 ) ) ;
#3061 = EDGE_CURVE ( 'NONE', #927, #5265, #1552, .T. ) ;
#3062 = ORIENTED_EDGE ( 'NONE', *, *, #5228, .F. ) ;
#3063 = FILL_AREA_STYLE_COLOUR ( '', #5268 ) ;
#3064 = DIRECTION ( 'NONE',  ( -2.168404344971012800E-015, -6.234162491791661500E-015, -1.000000000000000000 ) ) ;
#3065 = CARTESIAN_POINT ( 'NONE',  ( -1.964294742901957900, 0.6000000000000004200, 1.949999999999998800 ) ) ;
#3066 = LINE ( 'NONE', #2831, #3644 ) ;
#3067 = DIRECTION ( 'NONE',  ( 2.990902544787597600E-016, 0.0000000000000000000, 1.000000000000000000 ) ) ;
#3068 = CARTESIAN_POINT ( 'NONE',  ( -0.8386609206840866000, 0.9000000000000001300, 0.7103414590570749100 ) ) ;
#3069 = CARTESIAN_POINT ( 'NONE',  ( -2.649999999999999000, 0.5542117713733977200, 2.062764108326427400 ) ) ;
#3070 = CARTESIAN_POINT ( 'NONE',  ( 1.464350960922946400, 0.9109885594081055200, 1.766035075666145400 ) ) ;
#3071 = DIRECTION ( 'NONE',  ( -1.000000000000000000, 0.0000000000000000000, -2.344220913482172100E-016 ) ) ;
#3072 = CIRCLE ( 'NONE', #4207, 0.2791601061504556100 ) ;
#3073 = EDGE_CURVE ( 'NONE', #1052, #4673, #315, .T. ) ;
#3074 = B_SPLINE_CURVE_WITH_KNOTS ( 'NONE', 3,
 ( #1800, #5510, #4544, #892 ),
 .UNSPECIFIED., .F., .F.,
 ( 4, 4 ),
 ( 0.0000000000000000000, 1.000000000000000000 ),
 .UNSPECIFIED. ) ;
#3075 = CARTESIAN_POINT ( 'NONE',  ( 1.876485745783142100, 0.4042852537196080000, 2.043036597951954000 ) ) ;
#3076 = CARTESIAN_POINT ( 'NONE',  ( 2.650000000000000400, 0.5494972009087584200, 2.065827466876738700 ) ) ;
#3077 = CARTESIAN_POINT ( 'NONE',  ( -1.542611951756664300, 1.022954125904665900, 2.137582081056658400 ) ) ;
#3078 = CYLINDRICAL_SURFACE ( 'NONE', #2930, 2.966666666666668600 ) ;
#3079 = DIRECTION ( 'NONE',  ( 0.0000000000000000000, -0.0000000000000000000, -1.000000000000000000 ) ) ;
#3080 = EDGE_CURVE ( 'NONE', #1137, #468, #1484, .T. ) ;
#3081 = AXIS2_PLACEMENT_3D ( 'NONE', #4912, #2611, #3079 ) ;
#3082 = CARTESIAN_POINT ( 'NONE',  ( -2.549457462397718600, 0.8091543054580051500, 2.072497008013049600 ) ) ;
#3083 = ORIENTED_EDGE ( 'NONE', *, *, #2785, .T. ) ;
#3084 = DIRECTION ( 'NONE',  ( -0.9363197852760812800, -0.0000000000000000000, -0.3511484866841280100 ) ) ;
#3085 = CARTESIAN_POINT ( 'NONE',  ( 2.163367332058532700, 0.5983606528688233400, 2.350856372211272700 ) ) ;
#3086 = CIRCLE ( 'NONE', #1073, 0.2999999999999997100 ) ;
#3087 = ORIENTED_EDGE ( 'NONE', *, *, #4473, .F. ) ;
#3088 = CARTESIAN_POINT ( 'NONE',  ( 2.650000000000002100, 0.6000000000000004200, -0.9000000000000009100 ) ) ;
#3089 = ADVANCED_FACE ( 'NONE', ( #5191 ), #2804, .T. ) ;
#3090 = DIRECTION ( 'NONE',  ( 0.0000000000000000000, 0.0000000000000000000, -1.000000000000000000 ) ) ;
#3091 = TOROIDAL_SURFACE ( 'NONE', #5841, 4.564977828463508300, 2.966666666666668600 ) ;
#3092 = CARTESIAN_POINT ( 'NONE',  ( -2.550400327153969000, 0.3977083378008742800, 2.139365365017406300 ) ) ;
#3093 = CARTESIAN_POINT ( 'NONE',  ( 1.401314468797899800, 1.026359773736647900, 1.639845128611228600 ) ) ;
#3094 = ORIENTED_EDGE ( 'NONE', *, *, #3296, .T. ) ;
#3095 = DIRECTION ( 'NONE',  ( 0.0000000000000000000, 0.0000000000000000000, 1.000000000000000000 ) ) ;
#3096 = CIRCLE ( 'NONE', #667, 2.966666666666668600 ) ;
#3097 = VECTOR ( 'NONE', #5827, 1000.000000000000000 ) ;
#3098 = CARTESIAN_POINT ( 'NONE',  ( 1.318500341999527800, 0.7949438901099514800, 2.193037994638443100 ) ) ;
#3099 = EDGE_CURVE ( 'NONE', #4124, #5575, #5801, .T. ) ;
#3100 = CARTESIAN_POINT ( 'NONE',  ( 2.650000000000000400, 0.5173335212859409000, 2.203540749870227100 ) ) ;
#3101 = VERTEX_POINT ( 'NONE', #765 ) ;
#3102 = ORIENTED_EDGE ( 'NONE', *, *, #453, .F. ) ;
#3103 = CARTESIAN_POINT ( 'NONE',  ( -1.480281440072031200, 1.091456216223175800, 1.662057769848577900 ) ) ;
#3104 = CIRCLE ( 'NONE', #3706, 1.139658540942923600 ) ;
#3105 = CARTESIAN_POINT ( 'NONE',  ( -1.464350960922946400, 0.9109885594081055200, 1.766035075666145400 ) ) ;
#3106 = CARTESIAN_POINT ( 'NONE',  ( 2.650000000000000400, 0.7047197551196604500, 1.949999999999998800 ) ) ;
#3107 = CARTESIAN_POINT ( 'NONE',  ( -2.650000000000000400, 0.6822734171944600000, 2.203012868353363200 ) ) ;
#3108 = CARTESIAN_POINT ( 'NONE',  ( 0.8776381517281196500, 0.3000000000000004900, -2.176964486686045100 ) ) ;
#3109 = ORIENTED_EDGE ( 'NONE', *, *, #254, .F. ) ;
#3110 = CARTESIAN_POINT ( 'NONE',  ( 2.550465908426945600, 0.4256577153577806300, 2.247051681485867200 ) ) ;
#3111 = VERTEX_POINT ( 'NONE', #355 ) ;
#3112 = CARTESIAN_POINT ( 'NONE',  ( 1.964294742901957900, 0.6000000000000004200, 2.349999999999998800 ) ) ;
#3113 = LINE ( 'NONE', #5298, #5415 ) ;
#3114 = DIRECTION ( 'NONE',  ( -0.9363197852760812800, -0.0000000000000000000, -0.3511484866841280100 ) ) ;
#3115 = ORIENTED_EDGE ( 'NONE', *, *, #4975, .T. ) ;
#3116 = EDGE_CURVE ( 'NONE', #4673, #1849, #5775, .T. ) ;
#3117 = ORIENTED_EDGE ( 'NONE', *, *, #2377, .T. ) ;
#3118 = CARTESIAN_POINT ( 'NONE',  ( -1.964294742901957900, 0.8000000000000003800, 2.254719755119658900 ) ) ;
#3119 = FACE_OUTER_BOUND ( 'NONE', #1413, .T. ) ;
#3120 = DIRECTION ( 'NONE',  ( 2.344220913482172100E-016, 0.0000000000000000000, -1.000000000000000000 ) ) ;
#3121 = EDGE_LOOP ( 'NONE', ( #5422, #3833, #3471, #3087 ) ) ;
#3122 = CARTESIAN_POINT ( 'NONE',  ( 1.964294742901957900, 0.7047197551196603400, 2.349999999999998800 ) ) ;
#3123 = EDGE_CURVE ( 'NONE', #3518, #5575, #1972, .T. ) ;
#3124 = DIRECTION ( 'NONE',  ( -1.000000000000000000, 0.0000000000000000000, 0.0000000000000000000 ) ) ;
#3125 = ADVANCED_FACE ( 'NONE', ( #237 ), #4078, .T. ) ;
#3126 = CARTESIAN_POINT ( 'NONE',  ( -1.457841753567584500, 1.378211374355288000, 1.401392646529924700 ) ) ;
#3127 = VERTEX_POINT ( 'NONE', #4009 ) ;
#3128 = CARTESIAN_POINT ( 'NONE',  ( -1.906917550087695600, 5.043082449912307500, -1.700623417824526800 ) ) ;
#3129 = CARTESIAN_POINT ( 'NONE',  ( 2.416623433197966400, 0.7037613982145050100, 1.950500645929076300 ) ) ;
#3130 = CARTESIAN_POINT ( 'NONE',  ( -2.649999999999999500, -1.203684755327804600E-014, 0.8999999999999989100 ) ) ;
#3131 = CARTESIAN_POINT ( 'NONE',  ( 2.649999999999992800, 0.3981116261991870000, 2.139392709667413700 ) ) ;
#3132 = SURFACE_STYLE_USAGE ( .BOTH. , #318 ) ;
#3133 = CARTESIAN_POINT ( 'NONE',  ( -2.550474738213787300, 0.4116283928256454000, 2.229172527927931300 ) ) ;
#3134 = CARTESIAN_POINT ( 'NONE',  ( -2.649999999999999500, 0.5616170841809022800, 2.345784382190620600 ) ) ;
#3135 = EDGE_CURVE ( 'NONE', #3252, #758, #1475, .T. ) ;
#3136 = CARTESIAN_POINT ( 'NONE',  ( 1.668084743566666100, 0.4582697860907558600, 2.014762429104409500 ) ) ;
#3137 = CARTESIAN_POINT ( 'NONE',  ( -2.550000000000000700, 0.1000000000000000100, 0.8999999999999988000 ) ) ;
#3138 = CARTESIAN_POINT ( 'NONE',  ( -1.563449728602188900, 1.074642731195210000, 1.877852970781221900 ) ) ;
#3139 = CARTESIAN_POINT ( 'NONE',  ( -2.549999999999999800, 4.336808689942017700E-016, 0.8999999999999988000 ) ) ;
#3140 = ORIENTED_EDGE ( 'NONE', *, *, #852, .F. ) ;
#3141 = LINE ( 'NONE', #3167, #5755 ) ;
#3142 = SURFACE_SIDE_STYLE ('',( #1699 ) ) ;
#3143 = CARTESIAN_POINT ( 'NONE',  ( 1.493355204731819700, 1.064196913193507400, 1.696105585426021900 ) ) ;
#3144 = LINE ( 'NONE', #5879, #3359 ) ;
#3145 = CARTESIAN_POINT ( 'NONE',  ( -2.650000000000000800, 0.6088166870045205200, 2.250622287109235000 ) ) ;
#3146 = CARTESIAN_POINT ( 'NONE',  ( -2.421434752500690700, 0.4942748007623293200, 1.950525303227349700 ) ) ;
#3147 = CARTESIAN_POINT ( 'NONE',  ( 2.549766291556566400, 0.6061256617820163200, 1.950223033357853000 ) ) ;
#3148 = AXIS2_PLACEMENT_3D ( 'NONE', #1599, #2035, #2426 ) ;
#3149 = EDGE_CURVE ( 'NONE', #2281, #4060, #361, .T. ) ;
#3150 = FACE_OUTER_BOUND ( 'NONE', #4875, .T. ) ;
#3151 = DIRECTION ( 'NONE',  ( -1.000000000000000000, 0.0000000000000000000, -2.990902544787601500E-016 ) ) ;
#3152 = CARTESIAN_POINT ( 'NONE',  ( -1.542248837701228900, 0.9780171296165476300, 1.786165626430730000 ) ) ;
#3153 = LINE ( 'NONE', #5613, #1259 ) ;
#3154 = AXIS2_PLACEMENT_3D ( 'NONE', #2807, #537, #46 ) ;
#3155 = SURFACE_SIDE_STYLE ('',( #3166 ) ) ;
#3156 = ORIENTED_EDGE ( 'NONE', *, *, #3915, .F. ) ;
#3157 = CARTESIAN_POINT ( 'NONE',  ( 2.424770859207676200, 0.3989619256994409400, 2.045822610934173300 ) ) ;
#3158 = LINE ( 'NONE', #1227, #3021 ) ;
#3159 = CARTESIAN_POINT ( 'NONE',  ( 2.470572362749125200, 3.500000000000000400, 0.0000000000000000000 ) ) ;
#3160 = LINE ( 'NONE', #3993, #1620 ) ;
#3161 = VERTEX_POINT ( 'NONE', #1205 ) ;
#3162 = VERTEX_POINT ( 'NONE', #1758 ) ;
#3163 = CARTESIAN_POINT ( 'NONE',  ( 1.523752989779011000, 0.8231839144109466300, 1.832818554932567300 ) ) ;
#3164 = LINE ( 'NONE', #4305, #1978 ) ;
#3165 = CARTESIAN_POINT ( 'NONE',  ( -0.3311404645902631400, 0.3000000000000004900, 2.456988705812705600 ) ) ;
#3166 = SURFACE_STYLE_FILL_AREA ( #3578 ) ;
#3167 = CARTESIAN_POINT ( 'NONE',  ( -1.925000000000000500, 10.00000000000000000, 1.950000000000000000 ) ) ;
#3168 = PLANE ( 'NONE',  #3860 ) ;
#3169 = ORIENTED_EDGE ( 'NONE', *, *, #5300, .T. ) ;
#3170 = VERTEX_POINT ( 'NONE', #5379 ) ;
#3171 = CIRCLE ( 'NONE', #2903, 0.2000000000000002100 ) ;
#3172 = CARTESIAN_POINT ( 'NONE',  ( 1.414576459182686600, 0.9987013546144929400, 1.674398786879159000 ) ) ;
#3173 = EDGE_CURVE ( 'NONE', #2539, #4260, #3022, .T. ) ;
#3174 = DIRECTION ( 'NONE',  ( -0.9363197852760814000, -0.0000000000000000000, 0.3511484866841276800 ) ) ;
#3175 = ORIENTED_EDGE ( 'NONE', *, *, #273, .F. ) ;
#3176 = VERTEX_POINT ( 'NONE', #3179 ) ;
#3177 = CARTESIAN_POINT ( 'NONE',  ( -1.316493186676005700, 1.513460607632466100, 1.503147923560944600 ) ) ;
#3178 = LINE ( 'NONE', #4013, #2269 ) ;
#3179 = CARTESIAN_POINT ( 'NONE',  ( -2.550000000000001200, 0.6000000000000005300, 2.449999999999998800 ) ) ;
#3180 = CARTESIAN_POINT ( 'NONE',  ( -1.935255410416176500, 0.6002742510206357000, 1.949856722103164400 ) ) ;
#3181 = CARTESIAN_POINT ( 'NONE',  ( -1.711516543093141200, 3.499999999999999600, 2.499999999999999100 ) ) ;
#3182 = ORIENTED_EDGE ( 'NONE', *, *, #4739, .T. ) ;
#3183 = CARTESIAN_POINT ( 'NONE',  ( 2.550400327153972600, 0.3977083378008730000, 2.139365365017410300 ) ) ;
#3184 = CARTESIAN_POINT ( 'NONE',  ( 1.759734600111408900, 0.6410045579439729300, 1.928525523696643000 ) ) ;
#3185 = ORIENTED_EDGE ( 'NONE', *, *, #3135, .T. ) ;
#3186 = ORIENTED_EDGE ( 'NONE', *, *, #59, .T. ) ;
#3187 = CARTESIAN_POINT ( 'NONE',  ( 1.503297030129477900, 0.8520437117848803600, 1.813444340427279300 ) ) ;
#3188 =( BOUNDED_SURFACE ( )  B_SPLINE_SURFACE ( 3, 2, ( 
 ( #4080, #4517, #1345 ),
 ( #1808, #4502, #4560 ),
 ( #1762, #5006, #5908 ),
 ( #5025, #5451, #2700 ),
 ( #4959, #2217, #849 ),
 ( #1789, #5933, #5959 ),
 ( #878, #1366, #3222 ),
 ( #2784, #2805, #3269 ),
 ( #1918, #4649, #970 ),
 ( #4601, #533, #1895 ),
 ( #5599, #4161, #2376 ),
 ( #63, #100, #80 ),
 ( #5060, #2323, #1443 ),
 ( #3728, #3208, #4178 ) ),
 .UNSPECIFIED., .F., .F., .F. ) 
 B_SPLINE_SURFACE_WITH_KNOTS ( ( 4, 2, 2, 2, 2, 2, 4 ),
 ( 3, 3 ),
 ( 0.0000000000000000000, 3.849716125049838100E-005, 7.699432250099676200E-005, 0.0001539886450019935200, 0.0001924858062524919000, 0.0002309829675029902900, 0.0003079772900039870500 ),
 ( 0.0000000000000000000, 1.000000000000000000 ),
 .UNSPECIFIED. ) 
 GEOMETRIC_REPRESENTATION_ITEM ( )  RATIONAL_B_SPLINE_SURFACE ( (
 ( 1.000000000000000000, 0.7081586426591012200, 1.000000000000000000),
 ( 1.000000000000000000, 0.7079675008605813600, 1.000000000000000000),
 ( 1.000000000000000000, 0.7076755215382284400, 1.000000000000000000),
 ( 1.000000000000000000, 0.7072121483521984800, 1.000000000000000000),
 ( 1.000000000000000000, 0.7070160230197033400, 1.000000000000000000),
 ( 1.000000000000000000, 0.7064799031386258500, 1.000000000000000000),
 ( 1.000000000000000000, 0.7061586241524097100, 1.000000000000000000),
 ( 1.000000000000000000, 0.7056537917765645100, 1.000000000000000000),
 ( 1.000000000000000000, 0.7055078422430752800, 1.000000000000000000),
 ( 1.000000000000000000, 0.7054031151111960200, 1.000000000000000000),
 ( 1.000000000000000000, 0.7054097770441860600, 1.000000000000000000),
 ( 1.000000000000000000, 0.7055030678445197700, 1.000000000000000000),
 ( 1.000000000000000000, 0.7056537207614223000, 1.000000000000000000),
 ( 1.000000000000000000, 0.7060311853116952900, 1.000000000000000000) ) ) 
 REPRESENTATION_ITEM ( '' )  SURFACE ( )  );
#3189 = EDGE_CURVE ( 'NONE', #1986, #5576, #4681, .T. ) ;
#3190 = CARTESIAN_POINT ( 'NONE',  ( -2.199558586991800200, 0.3981196084764598300, 2.046262699151619700 ) ) ;
#3191 = CARTESIAN_POINT ( 'NONE',  ( -0.1675954949112419000, 0.3000000000000004900, 2.489056739996879500 ) ) ;
#3192 = EDGE_LOOP ( 'NONE', ( #3023, #4186, #5432, #1969 ) ) ;
#3193 = CARTESIAN_POINT ( 'NONE',  ( -2.549782265668134600, 0.5995728764910528400, 1.950223141967440300 ) ) ;
#3194 = CARTESIAN_POINT ( 'NONE',  ( 1.200000000000001100, 0.1000000000000000100, 1.849999999999999200 ) ) ;
#3195 = ORIENTED_EDGE ( 'NONE', *, *, #2089, .F. ) ;
#3196 = CARTESIAN_POINT ( 'NONE',  ( 1.731310763689220700, 0.6532781991784727400, 1.922106177826789200 ) ) ;
#3197 = EDGE_CURVE ( 'NONE', #1072, #2695, #666, .T. ) ;
#3198 = DIRECTION ( 'NONE',  ( -1.112002228190261000E-016, 0.0000000000000000000, 1.000000000000000000 ) ) ;
#3199 = ORIENTED_EDGE ( 'NONE', *, *, #4861, .F. ) ;
#3200 = DIRECTION ( 'NONE',  ( -0.1540488043623566000, 0.6986662171146300600, -0.6986662171146255100 ) ) ;
#3201 = CARTESIAN_POINT ( 'NONE',  ( -1.336328270223651400, 0.7146112638917944100, 1.880235014044184800 ) ) ;
#3202 = CARTESIAN_POINT ( 'NONE',  ( 1.964294742901957900, 0.6000000000000003100, 1.949999999999998800 ) ) ;
#3203 = DIRECTION ( 'NONE',  ( 0.0000000000000000000, 0.0000000000000000000, 1.000000000000000000 ) ) ;
#3204 = PLANE ( 'NONE',  #3235 ) ;
#3205 = CARTESIAN_POINT ( 'NONE',  ( 1.924410030899832900, 0.8019857579230426100, 2.044241051233045800 ) ) ;
#3206 = DIRECTION ( 'NONE',  ( 0.0000000000000000000, 0.2136374592415281300, -0.9769130135323330600 ) ) ;
#3207 = CARTESIAN_POINT ( 'NONE',  ( 0.6079814216131955700, 0.3000000000000004900, 2.350765081142072600 ) ) ;
#3208 = CARTESIAN_POINT ( 'NONE',  ( 2.649999999999999500, 0.6381427539216056900, 1.954188604135954200 ) ) ;
#3209 = EDGE_CURVE ( 'NONE', #1407, #4483, #3160, .T. ) ;
#3210 = DIRECTION ( 'NONE',  ( -1.000000000000000000, -0.0000000000000000000, -0.0000000000000000000 ) ) ;
#3211 = VECTOR ( 'NONE', #4144, 1000.000000000000000 ) ;
#3212 = CARTESIAN_POINT ( 'NONE',  ( 2.650000000000000400, 0.7001518774518764600, 2.153506731505500800 ) ) ;
#3213 = CARTESIAN_POINT ( 'NONE',  ( -1.265901757107129800, 0.8186124525458748900, 1.800959930908917500 ) ) ;
#3214 = DIRECTION ( 'NONE',  ( -1.000000000000000000, -0.0000000000000000000, -0.0000000000000000000 ) ) ;
#3215 = CIRCLE ( 'NONE', #2257, 2.966666666666668600 ) ;
#3216 = CARTESIAN_POINT ( 'NONE',  ( -1.335797713633553500, 0.9332057960354786000, 1.652691988332295900 ) ) ;
#3217 = CARTESIAN_POINT ( 'NONE',  ( -1.686295240437943200, 0.9096707521881816100, 1.987895298707573300 ) ) ;
#3218 = CARTESIAN_POINT ( 'NONE',  ( -1.657117990109689700, 0.8253715398664570600, 1.886862258276311900 ) ) ;
#3219 = LINE ( 'NONE', #1403, #4308 ) ;
#3220 = CARTESIAN_POINT ( 'NONE',  ( 2.550000000000000300, 0.0000000000000000000, -6.023628521165059900E-016 ) ) ;
#3221 = CARTESIAN_POINT ( 'NONE',  ( 0.7751432855251453300, 0.3000000000000004900, 2.252101491182958400 ) ) ;
#3222 = CARTESIAN_POINT ( 'NONE',  ( 2.549731988320322900, 0.7832979840704540300, 2.243506644251325600 ) ) ;
#3223 = ORIENTED_EDGE ( 'NONE', *, *, #5169, .T. ) ;
#3224 = AXIS2_PLACEMENT_3D ( 'NONE', #3271, #5138, #1031 ) ;
#3225 = DIRECTION ( 'NONE',  ( -1.000000000000000000, 0.0000000000000000000, -2.344220913482172100E-016 ) ) ;
#3226 = LINE ( 'NONE', #4413, #2179 ) ;
#3227 = DIRECTION ( 'NONE',  ( 0.0000000000000000000, 0.0000000000000000000, 1.000000000000000000 ) ) ;
#3228 = PLANE ( 'NONE',  #1346 ) ;
#3229 = CARTESIAN_POINT ( 'NONE',  ( -1.156708572766338200, 0.8969521074628975500, 1.962240633979684700 ) ) ;
#3230 = ORIENTED_EDGE ( 'NONE', *, *, #5601, .F. ) ;
#3231 = FILL_AREA_STYLE ('',( #955 ) ) ;
#3232 = FACE_OUTER_BOUND ( 'NONE', #4994, .T. ) ;
#3233 = AXIS2_PLACEMENT_3D ( 'NONE', #5141, #5649, #4225 ) ;
#3234 = CYLINDRICAL_SURFACE ( 'NONE', #1425, 0.2999999999999997100 ) ;
#3235 = AXIS2_PLACEMENT_3D ( 'NONE', #5231, #4353, #4369 ) ;
#3236 = CARTESIAN_POINT ( 'NONE',  ( -1.774562647529315000, 0.8382089343549358200, 2.234709805051309200 ) ) ;
#3237 = DIRECTION ( 'NONE',  ( -1.000000000000000000, 0.0000000000000000000, 0.0000000000000000000 ) ) ;
#3238 = CARTESIAN_POINT ( 'NONE',  ( 0.8525218060721759800, 0.3000000000000004900, -2.196489193300071200 ) ) ;
#3239 = ORIENTED_EDGE ( 'NONE', *, *, #4539, .F. ) ;
#3240 = ORIENTED_EDGE ( 'NONE', *, *, #971, .F. ) ;
#3241 = DIRECTION ( 'NONE',  ( -0.1039479909181870200, -0.2912649715918035900, 0.9509781971778841200 ) ) ;
#3242 = FACE_OUTER_BOUND ( 'NONE', #3842, .T. ) ;
#3243 = ORIENTED_EDGE ( 'NONE', *, *, #1671, .T. ) ;
#3244 = ORIENTED_EDGE ( 'NONE', *, *, #1182, .T. ) ;
#3245 = CARTESIAN_POINT ( 'NONE',  ( 1.181209545584136300, 1.494933466931528800, 1.577244245399285600 ) ) ;
#3246 = EDGE_LOOP ( 'NONE', ( #1129, #891, #517, #1623 ) ) ;
#3247 = EDGE_LOOP ( 'NONE', ( #1260, #3561, #465, #3906 ) ) ;
#3248 = DIRECTION ( 'NONE',  ( 0.0000000000000000000, -1.000000000000000000, 6.123233995736766000E-017 ) ) ;
#3249 = DIRECTION ( 'NONE',  ( 0.0000000000000000000, -1.000000000000000000, 0.0000000000000000000 ) ) ;
#3250 = CARTESIAN_POINT ( 'NONE',  ( 2.550474738213787300, 0.4116283928256454000, 2.229172527927931300 ) ) ;
#3251 = ORIENTED_EDGE ( 'NONE', *, *, #2559, .F. ) ;
#3252 = VERTEX_POINT ( 'NONE', #5342 ) ;
#3253 = DIRECTION ( 'NONE',  ( 0.0000000000000000000, 0.0000000000000000000, 1.000000000000000000 ) ) ;
#3254 = DIRECTION ( 'NONE',  ( -0.4205350499580168800, 0.0000000000000000000, -0.9072762929542512700 ) ) ;
#3255 = FACE_OUTER_BOUND ( 'NONE', #4784, .T. ) ;
#3256 = EDGE_LOOP ( 'NONE', ( #5152, #3669, #1017, #2604 ) ) ;
#3257 = CARTESIAN_POINT ( 'NONE',  ( -1.322347497523768600, 0.9612633312501196500, 1.617632487373878800 ) ) ;
#3258 = VERTEX_POINT ( 'NONE', #4430 ) ;
#3259 = CARTESIAN_POINT ( 'NONE',  ( -1.882000055513765900, 0.8093155072016489100, 2.040399876104368000 ) ) ;
#3260 = CARTESIAN_POINT ( 'NONE',  ( -1.798141017758766000, 0.7384889322378975800, 1.932315363846021800 ) ) ;
#3261 = CARTESIAN_POINT ( 'NONE',  ( 0.8010866622597889700, 0.3000000000000004900, -2.234182369566371400 ) ) ;
#3262 = CARTESIAN_POINT ( 'NONE',  ( 1.747938485359137500, 0.8496964779288317400, 2.228702749418865400 ) ) ;
#3263 = ORIENTED_EDGE ( 'NONE', *, *, #1712, .F. ) ;
#3264 = CARTESIAN_POINT ( 'NONE',  ( -1.711322751605630900, 4.500000000000000000, 0.2791601061504556100 ) ) ;
#3265 = CARTESIAN_POINT ( 'NONE',  ( 1.311812470391553200, 0.7491570615637254100, 1.856860335618401700 ) ) ;
#3266 = EDGE_CURVE ( 'NONE', #2261, #4661, #4606, .T. ) ;
#3267 = CARTESIAN_POINT ( 'NONE',  ( 1.925000000000000700, 0.8999999999999998000, -1.849999999999999900 ) ) ;
#3268 = CARTESIAN_POINT ( 'NONE',  ( 0.4664931551425063900, 0.09999999999999990800, 2.196851660324953900 ) ) ;
#3269 = CARTESIAN_POINT ( 'NONE',  ( 2.549589443865668800, 0.8014502933719849200, 2.160735483345595000 ) ) ;
#3270 = DIRECTION ( 'NONE',  ( 2.344220913482172100E-016, 0.0000000000000000000, -1.000000000000000000 ) ) ;
#3271 = CARTESIAN_POINT ( 'NONE',  ( -1.238734093192509500, 1.337748341979638100, 1.365049789071415900 ) ) ;
#3272 = CARTESIAN_POINT ( 'NONE',  ( 2.650000000000000400, 0.6453367488554819800, 2.237464620941381500 ) ) ;
#3273 = PRESENTATION_LAYER_ASSIGNMENT (  '', '', ( #5364 ) ) ;
#3274 = CARTESIAN_POINT ( 'NONE',  ( -1.022020518581522300, 1.368971956446978400, 1.525660650063394000 ) ) ;
#3275 = PLANE ( 'NONE',  #4997 ) ;
#3276 = CARTESIAN_POINT ( 'NONE',  ( -1.157001604393391900, 1.047537377681824200, 1.511993864025368500 ) ) ;
#3277 = CARTESIAN_POINT ( 'NONE',  ( -1.589920150421539200, 0.7458757146600809600, 1.873650262615438800 ) ) ;
#3278 = PLANE ( 'NONE',  #1499 ) ;
#3279 = CARTESIAN_POINT ( 'NONE',  ( 0.5171427906974307400, 0.09999999999999990800, -2.172535529888210100 ) ) ;
#3280 = CARTESIAN_POINT ( 'NONE',  ( 1.686295240437943200, 0.9096707521881816100, 1.987895298707573300 ) ) ;
#3281 = SURFACE_SIDE_STYLE ('',( #4624 ) ) ;
#3282 = PRODUCT ( 'VLS5045EX-100M-H', 'VLS5045EX-100M-H', '', ( #1519 ) ) ;
#3283 = CARTESIAN_POINT ( 'NONE',  ( -1.115378604831601700, 0.09999999999999993600, 1.627953838555375800 ) ) ;
#3284 = PLANE ( 'NONE',  #1395 ) ;
#3285 = EDGE_CURVE ( 'NONE', #522, #2666, #3743, .T. ) ;
#3286 = LINE ( 'NONE', #2138, #5540 ) ;
#3287 = CARTESIAN_POINT ( 'NONE',  ( -2.175246257163847100, 2.200000000000000600, 4.274279060137022400 ) ) ;
#3288 = CARTESIAN_POINT ( 'NONE',  ( 2.650000000000000400, 0.6261838014486269500, 2.054736094654412400 ) ) ;
#3289 = CARTESIAN_POINT ( 'NONE',  ( -1.035228769152123100, 1.139155403440661700, 1.671626844385644100 ) ) ;
#3290 = DIRECTION ( 'NONE',  ( -1.000000000000000000, 0.0000000000000000000, -2.168404344971003300E-015 ) ) ;
#3291 = CIRCLE ( 'NONE', #5103, 0.2000000000000003200 ) ;
#3292 = DIRECTION ( 'NONE',  ( 0.0000000000000000000, -1.000000000000000000, 0.0000000000000000000 ) ) ;
#3293 = CARTESIAN_POINT ( 'NONE',  ( 0.3070496721726995200, 0.09999999999999996400, -2.256047459392169800 ) ) ;
#3294 = CARTESIAN_POINT ( 'NONE',  ( 1.506142630275728100, 0.5444341867448128100, 1.969564026961800900 ) ) ;
#3295 = FACE_OUTER_BOUND ( 'NONE', #2314, .T. ) ;
#3296 = EDGE_CURVE ( 'NONE', #5265, #957, #5261, .T. ) ;
#3297 = LINE ( 'NONE', #1333, #2450 ) ;
#3298 = DIRECTION ( 'NONE',  ( 0.6444347552184368500, -0.6444347552184424000, 0.4115916575115433100 ) ) ;
#3299 = ORIENTED_EDGE ( 'NONE', *, *, #4427, .F. ) ;
#3300 = VECTOR ( 'NONE', #4883, 1000.000000000000000 ) ;
#3301 = CARTESIAN_POINT ( 'NONE',  ( -0.7312551540375821200, 0.09999999999999990800, 2.037402211556694100 ) ) ;
#3302 = LINE ( 'NONE', #5531, #4177 ) ;
#3303 = CARTESIAN_POINT ( 'NONE',  ( -2.549999999999999800, 0.6000000000000004200, -1.850000000000001600 ) ) ;
#3304 = DIRECTION ( 'NONE',  ( -0.0000000000000000000, -1.000000000000000000, -0.0000000000000000000 ) ) ;
#3305 = EDGE_CURVE ( 'NONE', #3753, #1072, #4328, .T. ) ;
#3306 = MECHANICAL_DESIGN_GEOMETRIC_PRESENTATION_REPRESENTATION (  '', ( #2971 ), #3623 ) ;
#3307 = CARTESIAN_POINT ( 'NONE',  ( 5.137239029415794400, 2.200000000000000600, 0.0000000000000000000 ) ) ;
#3308 = ORIENTED_EDGE ( 'NONE', *, *, #2420, .T. ) ;
#3309 = ORIENTED_EDGE ( 'NONE', *, *, #3722, .F. ) ;
#3310 = FACE_OUTER_BOUND ( 'NONE', #655, .T. ) ;
#3311 = VECTOR ( 'NONE', #4573, 1000.000000000000000 ) ;
#3312 = CARTESIAN_POINT ( 'NONE',  ( -1.200000000000001100, 0.6000000000000004200, 1.949999999999999700 ) ) ;
#3313 = ORIENTED_EDGE ( 'NONE', *, *, #4889, .T. ) ;
#3314 = ORIENTED_EDGE ( 'NONE', *, *, #745, .T. ) ;
#3315 = DIRECTION ( 'NONE',  ( 2.344220913482164300E-016, -2.168404344971016300E-016, 1.000000000000000000 ) ) ;
#3316 = AXIS2_PLACEMENT_3D ( 'NONE', #3312, #3739, #5173 ) ;
#3317 = FACE_OUTER_BOUND ( 'NONE', #3405, .T. ) ;
#3318 = AXIS2_PLACEMENT_3D ( 'NONE', #2103, #3049, #4431 ) ;
#3319 = CARTESIAN_POINT ( 'NONE',  ( -1.688332282736985500, 0.5577736668712532900, 1.917279331974643700 ) ) ;
#3320 = CARTESIAN_POINT ( 'NONE',  ( -1.280307702309075900, 0.3000000000000004900, -1.741087714758658300 ) ) ;
#3321 = CARTESIAN_POINT ( 'NONE',  ( 1.916670816891700600, 0.4956467064833171600, 2.349808554449261500 ) ) ;
#3322 = ORIENTED_EDGE ( 'NONE', *, *, #1811, .F. ) ;
#3323 = ORIENTED_EDGE ( 'NONE', *, *, #629, .T. ) ;
#3324 = PLANE ( 'NONE',  #4954 ) ;
#3325 = CIRCLE ( 'NONE', #5565, 2.966666666666668100 ) ;
#3326 = EDGE_CURVE ( 'NONE', #3761, #1039, #815, .T. ) ;
#3327 = CARTESIAN_POINT ( 'NONE',  ( 0.1419096056844095000, 0.09999999999999990800, 2.290964449209743400 ) ) ;
#3328 = ORIENTED_EDGE ( 'NONE', *, *, #1594, .F. ) ;
#3329 = CARTESIAN_POINT ( 'NONE',  ( -2.549999999999999800, 0.9000000000000014700, 1.850000000000000500 ) ) ;
#3330 = ORIENTED_EDGE ( 'NONE', *, *, #3848, .T. ) ;
#3331 = CARTESIAN_POINT ( 'NONE',  ( -1.422992689468022900, 0.8285245684555165900, 2.230528333776139700 ) ) ;
#3332 = ADVANCED_FACE ( 'NONE', ( #2873 ), #3449, .F. ) ;
#3333 = ORIENTED_EDGE ( 'NONE', *, *, #4686, .F. ) ;
#3334 = PLANE ( 'NONE',  #3316 ) ;
#3335 = CARTESIAN_POINT ( 'NONE',  ( -2.650000000000002100, 0.6000000000000004200, -0.9000000000000009100 ) ) ;
#3336 = B_SPLINE_CURVE_WITH_KNOTS ( 'NONE', 3,
 ( #766, #2580, #3532, #1662 ),
 .UNSPECIFIED., .F., .F.,
 ( 4, 4 ),
 ( 0.04639115019032564300, 0.3155082430143768500 ),
 .UNSPECIFIED. ) ;
#3337 = ORIENTED_EDGE ( 'NONE', *, *, #1996, .T. ) ;
#3338 = CARTESIAN_POINT ( 'NONE',  ( -1.863345014939384000, 0.4049154491658448200, 2.252146054359566400 ) ) ;
#3339 = CARTESIAN_POINT ( 'NONE',  ( -1.522722310733388500, 0.6663798894537046300, 1.860438266954565800 ) ) ;
#3340 = CARTESIAN_POINT ( 'NONE',  ( -0.6932914912023772100, 0.3000000000000004900, -2.303917641368109900 ) ) ;
#3341 = CARTESIAN_POINT ( 'NONE',  ( 1.913986326579996800, 0.4003774167876813500, 2.254522573387660200 ) ) ;
#3342 = CARTESIAN_POINT ( 'NONE',  ( -2.649999999999999500, 4.873977856002723800, -1.849999999999999200 ) ) ;
#3343 = AXIS2_PLACEMENT_3D ( 'NONE', #3364, #3799, #637 ) ;
#3344 = AXIS2_PLACEMENT_3D ( 'NONE', #3139, #1390, #2222 ) ;
#3345 = CARTESIAN_POINT ( 'NONE',  ( -0.8386609206840866000, 3.500000000000000000, -1.849999999999998100 ) ) ;
#3346 = CARTESIAN_POINT ( 'NONE',  ( 0.8611060186406021000, 0.09999999999999996400, 1.926785904018482300 ) ) ;
#3347 = CARTESIAN_POINT ( 'NONE',  ( -2.650000000000000400, 0.4952802448803405600, 1.949999999999998800 ) ) ;
#3348 = DIRECTION ( 'NONE',  ( -1.112002228190261000E-016, 0.0000000000000000000, 1.000000000000000000 ) ) ;
#3349 = DIRECTION ( 'NONE',  ( -0.9072762929542511600, -0.0000000000000000000, -0.4205350499580168300 ) ) ;
#3350 = EDGE_CURVE ( 'NONE', #3753, #2197, #4981, .T. ) ;
#3351 = LINE ( 'NONE', #3667, #3211 ) ;
#3352 =( NAMED_UNIT ( * ) PLANE_ANGLE_UNIT ( ) SI_UNIT ( $, .RADIAN. ) );
#3353 = CARTESIAN_POINT ( 'NONE',  ( -1.893875597806100600, 0.7081701443946163400, 2.348193699735151400 ) ) ;
#3354 = CARTESIAN_POINT ( 'NONE',  ( -1.583772780796062900, 0.4848960362238711200, 2.210265556372986900 ) ) ;
#3355 = CARTESIAN_POINT ( 'NONE',  ( -0.6079814216131939100, 0.3000000000000004900, -2.350765081142072200 ) ) ;
#3356 = ADVANCED_FACE ( 'NONE', ( #2537 ), #5474, .T. ) ;
#3357 = CARTESIAN_POINT ( 'NONE',  ( 1.964294742901957900, 0.6000000000000003100, 1.949999999999998800 ) ) ;
#3358 = CARTESIAN_POINT ( 'NONE',  ( 2.550000000000002500, 0.6000000000000003100, 0.8999999999999990200 ) ) ;
#3359 = VECTOR ( 'NONE', #4962, 1000.000000000000000 ) ;
#3360 = DIRECTION ( 'NONE',  ( 0.9072762929542512700, 0.0000000000000000000, 0.4205350499580168800 ) ) ;
#3361 = CARTESIAN_POINT ( 'NONE',  ( 1.290286956108397600, 1.046173968342892800, 1.490557895354320600 ) ) ;
#3362 = EDGE_CURVE ( 'NONE', #2680, #3170, #3889, .T. ) ;
#3363 = CARTESIAN_POINT ( 'NONE',  ( -1.200000000000000200, 0.3000000000002219800, -1.849999999999999600 ) ) ;
#3364 = CARTESIAN_POINT ( 'NONE',  ( 1.200000000000001100, 0.1000000000000000100, 1.849999999999999900 ) ) ;
#3365 = LINE ( 'NONE', #5577, #158 ) ;
#3366 = DIRECTION ( 'NONE',  ( -0.0000000000000000000, -1.000000000000000000, -0.0000000000000000000 ) ) ;
#3367 = ORIENTED_EDGE ( 'NONE', *, *, #3498, .F. ) ;
#3368 = CARTESIAN_POINT ( 'NONE',  ( 1.429678614960096800, 1.193662440970989300, 2.000184588698698600 ) ) ;
#3369 = CARTESIAN_POINT ( 'NONE',  ( 1.925000000000000900, 0.6000000000000005300, 2.149999999999999000 ) ) ;
#3370 = FACE_OUTER_BOUND ( 'NONE', #5779, .T. ) ;
#3371 = CARTESIAN_POINT ( 'NONE',  ( -1.470810704438334700, 0.6504396299010446500, 2.268662392956145800 ) ) ;
#3372 = CARTESIAN_POINT ( 'NONE',  ( -1.929061388711463200, 0.4955902182068863100, 1.949838051677019100 ) ) ;
#3373 = CARTESIAN_POINT ( 'NONE',  ( 0.8386609206840856000, 2.200000000000000600, -4.516666666666667500 ) ) ;
#3374 = ORIENTED_EDGE ( 'NONE', *, *, #552, .F. ) ;
#3375 = CARTESIAN_POINT ( 'NONE',  ( 1.471076667614508800, 0.7241449208936883200, 1.830122066605866600 ) ) ;
#3376 = EDGE_CURVE ( 'NONE', #1266, #1645, #3302, .T. ) ;
#3377 = LINE ( 'NONE', #5012, #2321 ) ;
#3378 = COLOUR_RGB ( '',0.0000000000000000000, 0.0000000000000000000, 0.0000000000000000000 ) ;
#3379 = DIRECTION ( 'NONE',  ( 0.0000000000000000000, 1.000000000000000000, 2.258754526011467700E-016 ) ) ;
#3380 = ORIENTED_EDGE ( 'NONE', *, *, #4099, .T. ) ;
#3381 = ORIENTED_EDGE ( 'NONE', *, *, #5614, .F. ) ;
#3382 = CIRCLE ( 'NONE', #4767, 0.09999999999999968600 ) ;
#3383 = CARTESIAN_POINT ( 'NONE',  ( 1.365347262039189500, 0.6779255830735297900, 1.899704505030163700 ) ) ;
#3384 = EDGE_CURVE ( 'NONE', #4260, #4103, #883, .T. ) ;
#3385 = MECHANICAL_DESIGN_GEOMETRIC_PRESENTATION_REPRESENTATION (  '', ( #2182 ), #755 ) ;
#3386 = ORIENTED_EDGE ( 'NONE', *, *, #4007, .F. ) ;
#3387 = VERTEX_POINT ( 'NONE', #1360 ) ;
#3388 = CARTESIAN_POINT ( 'NONE',  ( -1.964294742901957900, 0.7047197551196601200, 1.949999999999998600 ) ) ;
#3389 = ADVANCED_FACE ( 'NONE', ( #2250 ), #1872, .F. ) ;
#3390 = VECTOR ( 'NONE', #5854, 1000.000000000000000 ) ;
#3391 = DIRECTION ( 'NONE',  ( 1.112002228190261000E-016, 0.0000000000000000000, 1.000000000000000000 ) ) ;
#3392 = CARTESIAN_POINT ( 'NONE',  ( 1.449188232576808200, 1.173823606201635600, 1.538772022787196600 ) ) ;
#3393 = ORIENTED_EDGE ( 'NONE', *, *, #5164, .T. ) ;
#3394 = ORIENTED_EDGE ( 'NONE', *, *, #3494, .T. ) ;
#3395 = FACE_OUTER_BOUND ( 'NONE', #4698, .T. ) ;
#3396 = AXIS2_PLACEMENT_3D ( 'NONE', #723, #3495, #3943 ) ;
#3397 = CARTESIAN_POINT ( 'NONE',  ( -1.964294742901957900, 0.4000000000000001900, 2.254719755119658900 ) ) ;
#3398 = CARTESIAN_POINT ( 'NONE',  ( -1.876485745783142100, 0.4042852537196080000, 2.043036597951954000 ) ) ;
#3399 = CARTESIAN_POINT ( 'NONE',  ( -1.083568844598410400, 0.09999999999999989500, -1.673881739233720400 ) ) ;
#3400 = ORIENTED_EDGE ( 'NONE', *, *, #2770, .T. ) ;
#3401 = DIRECTION ( 'NONE',  ( 2.344220913482172100E-016, -1.224646799147353000E-016, 1.000000000000000000 ) ) ;
#3402 = EDGE_CURVE ( 'NONE', #2751, #2672, #382, .T. ) ;
#3403 = DIRECTION ( 'NONE',  ( -7.309228129115755200E-017, 0.0000000000000000000, -1.000000000000000000 ) ) ;
#3404 = CARTESIAN_POINT ( 'NONE',  ( 1.166966019098065700, 1.015758924339695800, 1.564486583146252000 ) ) ;
#3405 = EDGE_LOOP ( 'NONE', ( #664, #4066 ) ) ;
#3406 = CARTESIAN_POINT ( 'NONE',  ( -2.549766291556566400, 0.6061256617820163200, 1.950223033357853000 ) ) ;
#3407 = CARTESIAN_POINT ( 'NONE',  ( 0.5722612009522861600, 2.200000000000000600, 5.421010862427522200E-017 ) ) ;
#3408 = CARTESIAN_POINT ( 'NONE',  ( -2.649999999999121500, 0.7738722841018141900, 2.053127637589532700 ) ) ;
#3409 = VERTEX_POINT ( 'NONE', #5511 ) ;
#3410 = CARTESIAN_POINT ( 'NONE',  ( -0.3551323502379935500, 0.09999999999999999200, -2.254179165353343200 ) ) ;
#3411 = CARTESIAN_POINT ( 'NONE',  ( -1.711322751605630900, 4.399999999999999500, 0.0000000000000000000 ) ) ;
#3412 = EDGE_CURVE ( 'NONE', #330, #1796, #1767, .T. ) ;
#3413 = CARTESIAN_POINT ( 'NONE',  ( 1.925000000000000700, 0.1000000000000000100, -1.849999999999999900 ) ) ;
#3414 = CARTESIAN_POINT ( 'NONE',  ( 1.747605315372386300, 0.8638121026374237000, 2.011840474136392200 ) ) ;
#3415 = CARTESIAN_POINT ( 'NONE',  ( 1.823853217270780600, 0.5109213292731625800, 1.941806343454336000 ) ) ;
#3416 = ADVANCED_FACE ( 'NONE', ( #3593 ), #4057, .F. ) ;
#3417 = CARTESIAN_POINT ( 'NONE',  ( -1.925000000000000700, 0.1000000000000000100, -1.849999999999999900 ) ) ;
#3418 = EDGE_CURVE ( 'NONE', #3170, #2044, #2110, .T. ) ;
#3419 = ORIENTED_EDGE ( 'NONE', *, *, #2214, .T. ) ;
#3420 = CARTESIAN_POINT ( 'NONE',  ( -2.549999999999999800, 0.5829173176695020600, 2.248383508018046300 ) ) ;
#3421 = CARTESIAN_POINT ( 'NONE',  ( 0.7208416266454872300, 0.09999999999999995000, 2.045021651818319500 ) ) ;
#3422 = PLANE ( 'NONE',  #1775 ) ;
#3423 = DIRECTION ( 'NONE',  ( -0.9072762929542511600, 0.0000000000000000000, -0.4205350499580168300 ) ) ;
#3424 = PRESENTATION_STYLE_ASSIGNMENT (( #4238 ) ) ;
#3425 = CARTESIAN_POINT ( 'NONE',  ( -2.650000000000000400, 0.8000000000000007100, 2.254719755119658900 ) ) ;
#3426 = DIRECTION ( 'NONE',  ( -2.344220913482172100E-016, 0.0000000000000000000, -1.000000000000000000 ) ) ;
#3427 = DIRECTION ( 'NONE',  ( -1.000000000000000000, 0.0000000000000000000, 1.266949100621695300E-016 ) ) ;
#3428 = CARTESIAN_POINT ( 'NONE',  ( 1.563449728602188900, 1.074642731195210000, 1.877852970781221900 ) ) ;
#3429 = AXIS2_PLACEMENT_3D ( 'NONE', #1223, #3994, #3064 ) ;
#3430 = DIRECTION ( 'NONE',  ( 0.0000000000000000000, 0.0000000000000000000, -1.000000000000000000 ) ) ;
#3431 = FACE_OUTER_BOUND ( 'NONE', #1642, .T. ) ;
#3432 = DIRECTION ( 'NONE',  ( -0.0000000000000000000, 0.9763191845596658200, 0.2163350407602737900 ) ) ;
#3433 = EDGE_CURVE ( 'NONE', #4484, #1576, #1833, .T. ) ;
#3434 = CARTESIAN_POINT ( 'NONE',  ( -0.1139654656657181800, 0.09999999999999996400, -2.294312566979384000 ) ) ;
#3435 = PLANE ( 'NONE',  #3631 ) ;
#3436 = PRESENTATION_STYLE_ASSIGNMENT (( #1450 ) ) ;
#3437 = ORIENTED_EDGE ( 'NONE', *, *, #5056, .T. ) ;
#3438 = CARTESIAN_POINT ( 'NONE',  ( 1.925000000000000700, 0.1000000000000000100, -1.849999999999999900 ) ) ;
#3439 = CARTESIAN_POINT ( 'NONE',  ( 1.279748546945701500, 0.3000000000000004900, -1.741894709753590000 ) ) ;
#3440 =( BOUNDED_CURVE ( )  B_SPLINE_CURVE ( 3, ( #4453, #5434, #4470, #4533 ),
 .UNSPECIFIED., .F., .F. ) 
 B_SPLINE_CURVE_WITH_KNOTS ( ( 4, 4 ),
 ( 0.0000000000000000000, 0.7377259684532483400 ),
 .UNSPECIFIED. ) 
 CURVE ( )  GEOMETRIC_REPRESENTATION_ITEM ( )  RATIONAL_B_SPLINE_CURVE ( ( 1.000000000000000000, 0.9551586035392543000, 0.9551586035392543000, 1.000000000000000000 ) ) 
 REPRESENTATION_ITEM ( '' )  );
#3441 = FACE_OUTER_BOUND ( 'NONE', #5492, .T. ) ;
#3442 = CARTESIAN_POINT ( 'NONE',  ( -2.550000000000000700, 0.0000000000000000000, 1.099999999999998800 ) ) ;
#3443 = LINE ( 'NONE', #4378, #4976 ) ;
#3444 = ORIENTED_EDGE ( 'NONE', *, *, #2096, .F. ) ;
#3445 = LINE ( 'NONE', #2579, #381 ) ;
#3446 = DIRECTION ( 'NONE',  ( -0.0000000000000000000, 2.334046343545183200E-016, -1.000000000000000000 ) ) ;
#3447 = ADVANCED_FACE ( 'NONE', ( #5186 ), #3234, .T. ) ;
#3448 = DIRECTION ( 'NONE',  ( 0.0000000000000000000, 1.000000000000000000, 0.0000000000000000000 ) ) ;
#3449 = CYLINDRICAL_SURFACE ( 'NONE', #1105, 2.966666666666668600 ) ;
#3450 = PLANE ( 'NONE',  #3745 ) ;
#3451 = CARTESIAN_POINT ( 'NONE',  ( 1.206075998224890800, 1.382276870747308800, 1.788466355697616100 ) ) ;
#3452 = ORIENTED_EDGE ( 'NONE', *, *, #879, .F. ) ;
#3453 = EDGE_LOOP ( 'NONE', ( #5729, #5735, #699, #3823, #5069 ) ) ;
#3454 = DIRECTION ( 'NONE',  ( 0.0000000000000000000, -1.000000000000000000, -0.0000000000000000000 ) ) ;
#3455 = LINE ( 'NONE', #3459, #890 ) ;
#3456 = DIRECTION ( 'NONE',  ( -1.000000000000000000, 0.0000000000000000000, 0.0000000000000000000 ) ) ;
#3457 = CARTESIAN_POINT ( 'NONE',  ( 1.944133680021654900, 0.8002199437977455300, 2.045165354712860300 ) ) ;
#3458 = AXIS2_PLACEMENT_3D ( 'NONE', #2674, #3568, #780 ) ;
#3459 = CARTESIAN_POINT ( 'NONE',  ( 2.549999999999999800, 0.6000000000000000900, -1.950000000000001500 ) ) ;
#3460 = CARTESIAN_POINT ( 'NONE',  ( -1.148583485399008900, 0.3000000000000004300, 1.913358816410906100 ) ) ;
#3461 = ORIENTED_EDGE ( 'NONE', *, *, #5683, .T. ) ;
#3462 = EDGE_CURVE ( 'NONE', #258, #1154, #3955, .T. ) ;
#3463 = ORIENTED_EDGE ( 'NONE', *, *, #348, .T. ) ;
#3464 = CIRCLE ( 'NONE', #4960, 0.1999999999999996500 ) ;
#3465 = ORIENTED_EDGE ( 'NONE', *, *, #3887, .T. ) ;
#3466 = DIRECTION ( 'NONE',  ( -0.4205350499580161000, 0.0000000000000000000, 0.9072762929542516100 ) ) ;
#3467 = ORIENTED_EDGE ( 'NONE', *, *, #3003, .T. ) ;
#3468 = CARTESIAN_POINT ( 'NONE',  ( -2.549999999999999800, -7.114569690193853100E-015, -1.949999999999999300 ) ) ;
#3469 = VECTOR ( 'NONE', #3360, 999.9999999999998900 ) ;
#3470 = DIRECTION ( 'NONE',  ( 0.0000000000000000000, 0.0000000000000000000, 1.000000000000000000 ) ) ;
#3471 = ORIENTED_EDGE ( 'NONE', *, *, #5614, .T. ) ;
#3472 = DIRECTION ( 'NONE',  ( -1.000000000000000000, 0.0000000000000000000, -2.168404344971003300E-015 ) ) ;
#3473 = CARTESIAN_POINT ( 'NONE',  ( 1.082081867427022100, 1.169215633025781200, 1.861655712833393900 ) ) ;
#3474 = COLOUR_RGB ( '',0.5372549019607842900, 0.3490196078431372400, 0.3372549019607843400 ) ;
#3475 = CARTESIAN_POINT ( 'NONE',  ( 1.200000000000001100, 4.873977856002723800, 1.849999999999999200 ) ) ;
#3476 = ORIENTED_EDGE ( 'NONE', *, *, #5028, .F. ) ;
#3477 = CARTESIAN_POINT ( 'NONE',  ( -1.547336403710214000, 0.7934783820616612100, 1.848657193403494300 ) ) ;
#3478 = CARTESIAN_POINT ( 'NONE',  ( 1.918972545041629500, 0.7069665597500201000, 1.948824056120724600 ) ) ;
#3479 = ADVANCED_FACE ( 'NONE', ( #4249 ), #5486, .F. ) ;
#3480 = ADVANCED_FACE ( 'NONE', ( #589 ), #5971, .F. ) ;
#3481 = DIRECTION ( 'NONE',  ( 0.0000000000000000000, 1.000000000000000000, 0.0000000000000000000 ) ) ;
#3482 = EDGE_CURVE ( 'NONE', #3020, #4045, #99, .T. ) ;
#3483 = CLOSED_SHELL ( 'NONE', ( #3447, #2210, #2728, #5420, #5421, #1740 ) ) ;
#3484 = CARTESIAN_POINT ( 'NONE',  ( 2.650000000000000400, 0.8000000000000007100, 2.045280244880339100 ) ) ;
#3485 = CARTESIAN_POINT ( 'NONE',  ( -2.650000000000000400, 0.7001518774518764600, 2.153506731505500800 ) ) ;
#3486 = DIRECTION ( 'NONE',  ( -1.000000000000000000, 0.0000000000000000000, 0.0000000000000000000 ) ) ;
#3487 = CARTESIAN_POINT ( 'NONE',  ( 1.414576459182686600, 0.9987013546144929400, 1.674398786879159000 ) ) ;
#3488 = ORIENTED_EDGE ( 'NONE', *, *, #1912, .F. ) ;
#3489 = PLANE ( 'NONE',  #952 ) ;
#3490 = CARTESIAN_POINT ( 'NONE',  ( -2.549983711969478600, 0.6966838699713044900, 2.350225187333324000 ) ) ;
#3491 = CARTESIAN_POINT ( 'NONE',  ( 0.4762379278274696500, 0.09999999999999999200, -2.192835983685723600 ) ) ;
#3492 = CARTESIAN_POINT ( 'NONE',  ( 1.193267242786742100, 0.9515690921350571400, 1.655548590482292600 ) ) ;
#3493 = DIRECTION ( 'NONE',  ( 1.000000000000000000, 0.0000000000000000000, 0.0000000000000000000 ) ) ;
#3494 = EDGE_CURVE ( 'NONE', #3176, #1708, #1690, .T. ) ;
#3495 = DIRECTION ( 'NONE',  ( -0.0000000000000000000, -2.258754526011467700E-016, 1.000000000000000000 ) ) ;
#3496 = CARTESIAN_POINT ( 'NONE',  ( 0.8386609206840861500, 3.500000000000000000, -1.849999999999997200 ) ) ;
#3497 = FACE_OUTER_BOUND ( 'NONE', #2616, .T. ) ;
#3498 = EDGE_CURVE ( 'NONE', #4800, #5870, #4479, .T. ) ;
#3499 = AXIS2_PLACEMENT_3D ( 'NONE', #4384, #5370, #3504 ) ;
#3500 = CARTESIAN_POINT ( 'NONE',  ( -2.650000000000000400, 0.6882688531226738300, 2.191917073543623300 ) ) ;
#3501 = SURFACE_STYLE_FILL_AREA ( #8 ) ;
#3502 = CARTESIAN_POINT ( 'NONE',  ( 2.549835829673535100, 0.5777961416379785400, 1.949559768758801300 ) ) ;
#3503 = CARTESIAN_POINT ( 'NONE',  ( -2.649999999999999900, 0.09999999999999975600, 0.8999999999999989100 ) ) ;
#3504 = DIRECTION ( 'NONE',  ( 0.3511484866841277900, 0.0000000000000000000, -0.9363197852760812800 ) ) ;
#3505 = ADVANCED_FACE ( 'NONE', ( #1037 ), #564, .T. ) ;
#3506 = DIRECTION ( 'NONE',  ( 1.000000000000000000, 0.0000000000000000000, 2.168404344970998600E-015 ) ) ;
#3507 = FACE_OUTER_BOUND ( 'NONE', #3985, .T. ) ;
#3508 = PRODUCT_DEFINITION ( 'UNKNOWN', '', #4139, #2678 ) ;
#3509 = CARTESIAN_POINT ( 'NONE',  ( -2.649999999999977700, 0.3981116261991978800, 2.139392709667411000 ) ) ;
#3510 = CARTESIAN_POINT ( 'NONE',  ( 1.156708572766338200, 0.8969521074628975500, 1.962240633979684700 ) ) ;
#3511 = AXIS2_PLACEMENT_3D ( 'NONE', #3159, #488, #4619 ) ;
#3512 = ORIENTED_EDGE ( 'NONE', *, *, #4082, .F. ) ;
#3513 = LINE ( 'NONE', #1495, #3588 ) ;
#3514 = CARTESIAN_POINT ( 'NONE',  ( 0.8677564237645013500, 0.9000000000000032400, -2.273161581894536500 ) ) ;
#3515 = CARTESIAN_POINT ( 'NONE',  ( 1.731329225375720000, 0.5280373329482034300, 2.332838338569255900 ) ) ;
#3516 = EDGE_CURVE ( 'NONE', #4346, #3176, #1905, .T. ) ;
#3517 = CARTESIAN_POINT ( 'NONE',  ( 0.8386609206840857100, 3.500000000000000000, -1.849999999999998100 ) ) ;
#3518 = VERTEX_POINT ( 'NONE', #4212 ) ;
#3519 = EDGE_LOOP ( 'NONE', ( #1582, #4073, #4331, #4468 ) ) ;
#3520 = CARTESIAN_POINT ( 'NONE',  ( 1.925000000000000500, 0.5999999999999998700, 1.950000000000000000 ) ) ;
#3521 = ORIENTED_EDGE ( 'NONE', *, *, #5287, .T. ) ;
#3522 = SURFACE_STYLE_USAGE ( .BOTH. , #337 ) ;
#3523 = CARTESIAN_POINT ( 'NONE',  ( -1.711322751605630900, 4.500000000000000000, 0.0000000000000000000 ) ) ;
#3524 = LINE ( 'NONE', #406, #1481 ) ;
#3525 = DIRECTION ( 'NONE',  ( 0.0000000000000000000, -1.000000000000000000, 0.0000000000000000000 ) ) ;
#3526 = FACE_OUTER_BOUND ( 'NONE', #5636, .T. ) ;
#3527 = ORIENTED_EDGE ( 'NONE', *, *, #3209, .F. ) ;
#3528 = ORIENTED_EDGE ( 'NONE', *, *, #2181, .T. ) ;
#3529 = EDGE_CURVE ( 'NONE', #1407, #1237, #5709, .T. ) ;
#3530 = TOROIDAL_SURFACE ( 'NONE', #223, 3.806325207609592800, 2.966666666666668600 ) ;
#3531 = ORIENTED_EDGE ( 'NONE', *, *, #5927, .F. ) ;
#3532 = CARTESIAN_POINT ( 'NONE',  ( -2.163367332058532700, 0.5983606528688233400, 2.350856372211272700 ) ) ;
#3533 = CARTESIAN_POINT ( 'NONE',  ( 1.208458445650570500, 0.9198811739018771800, 1.695149736026858800 ) ) ;
#3534 = VERTEX_POINT ( 'NONE', #3770 ) ;
#3535 = CARTESIAN_POINT ( 'NONE',  ( 2.550000000000000300, 0.0000000000000000000, -1.100000000000001200 ) ) ;
#3536 = EDGE_LOOP ( 'NONE', ( #2327, #1910, #3584, #474 ) ) ;
#3537 = ORIENTED_EDGE ( 'NONE', *, *, #2290, .T. ) ;
#3538 = LINE ( 'NONE', #2943, #2547 ) ;
#3539 = CARTESIAN_POINT ( 'NONE',  ( 1.863345014939384000, 0.4049154491658448200, 2.252146054359566400 ) ) ;
#3540 = STYLED_ITEM ( 'NONE', ( #4911 ), #3740 ) ;
#3541 = CARTESIAN_POINT ( 'NONE',  ( -1.315732273005495400, 1.486312362522056900, 1.570291428054944900 ) ) ;
#3542 = ADVANCED_FACE ( 'NONE', ( #2735 ), #840, .T. ) ;
#3543 = ORIENTED_EDGE ( 'NONE', *, *, #3116, .T. ) ;
#3544 = EDGE_LOOP ( 'NONE', ( #3313, #1921, #1829, #29 ) ) ;
#3545 = PLANE ( 'NONE',  #27 ) ;
#3546 = VECTOR ( 'NONE', #2863, 1000.000000000000000 ) ;
#3547 = DIRECTION ( 'NONE',  ( 1.000000000000000000, 0.0000000000000000000, 0.0000000000000000000 ) ) ;
#3548 = CARTESIAN_POINT ( 'NONE',  ( -1.711322751605630900, 4.399999999999999500, -0.2791601061504556100 ) ) ;
#3549 = VERTEX_POINT ( 'NONE', #247 ) ;
#3550 = AXIS2_PLACEMENT_3D ( 'NONE', #1676, #3466, #1696 ) ;
#3551 = CARTESIAN_POINT ( 'NONE',  ( -0.9370122315488814700, 0.1000000000000000100, -1.850000891826769000 ) ) ;
#3552 = CARTESIAN_POINT ( 'NONE',  ( 1.394760078095233200, 0.8642773512779241600, 2.211573121436070100 ) ) ;
#3553 = CARTESIAN_POINT ( 'NONE',  ( -2.649999999999973300, 0.4991352437401225300, 2.159304103916631400 ) ) ;
#3554 = VERTEX_POINT ( 'NONE', #1649 ) ;
#3555 = CARTESIAN_POINT ( 'NONE',  ( 1.369737594342602900, 1.109998787272264100, 1.514664959070758800 ) ) ;
#3556 = DIRECTION ( 'NONE',  ( 0.0000000000000000000, 0.0000000000000000000, -1.000000000000000000 ) ) ;
#3557 = UNCERTAINTY_MEASURE_WITH_UNIT (LENGTH_MEASURE( 1.000000000000000100E-005 ), #4715, 'distance_accuracy_value', 'NONE');
#3558 = CARTESIAN_POINT ( 'NONE',  ( 1.765682894265371500, 0.4219695034424916200, 2.243211250757922900 ) ) ;
#3559 = CARTESIAN_POINT ( 'NONE',  ( 2.650000000000000400, 0.5329153449041567100, 2.221427951330780600 ) ) ;
#3560 = CARTESIAN_POINT ( 'NONE',  ( -1.607126847835769200, 1.008598641727087100, 1.930972281759390000 ) ) ;
#3561 = ORIENTED_EDGE ( 'NONE', *, *, #427, .F. ) ;
#3562 = CARTESIAN_POINT ( 'NONE',  ( -1.446101183711558900, 0.9410147817117210400, 1.737483079866199500 ) ) ;
#3563 = CARTESIAN_POINT ( 'NONE',  ( 1.964294742901957900, 0.7047197551196601200, 1.949999999999998600 ) ) ;
#3564 = CARTESIAN_POINT ( 'NONE',  ( -2.650000000000000400, 0.6795281418716419000, 2.093960446878687000 ) ) ;
#3565 = CARTESIAN_POINT ( 'NONE',  ( 2.649999999999972400, 0.5060842350215059000, 2.184134810606920900 ) ) ;
#3566 = CARTESIAN_POINT ( 'NONE',  ( -2.650000000000000400, 0.5995750647238710100, 2.050222904902021500 ) ) ;
#3567 = ADVANCED_FACE ( 'NONE', ( #2046 ), #3278, .T. ) ;
#3568 = DIRECTION ( 'NONE',  ( 0.0000000000000000000, 0.9763191845596658200, 0.2163350407602737900 ) ) ;
#3569 = CARTESIAN_POINT ( 'NONE',  ( -2.650000000000000400, 0.8000000000000007100, 2.045280244880339100 ) ) ;
#3570 = CARTESIAN_POINT ( 'NONE',  ( 1.711516543093142300, 4.399999999999998600, 2.499999999999998700 ) ) ;
#3571 = LINE ( 'NONE', #3570, #5832 ) ;
#3572 = EDGE_CURVE ( 'NONE', #4922, #981, #4847, .T. ) ;
#3573 = CARTESIAN_POINT ( 'NONE',  ( 1.585177027114136800, 0.8255201824493491000, 2.286659709391796600 ) ) ;
#3574 = CARTESIAN_POINT ( 'NONE',  ( -1.189669230266347000, 1.549892716848031400, 1.424662124624202600 ) ) ;
#3575 = VECTOR ( 'NONE', #4561, 1000.000000000000000 ) ;
#3576 = CARTESIAN_POINT ( 'NONE',  ( -1.401314468797899800, 1.026359773736647900, 1.639845128611228600 ) ) ;
#3577 = AXIS2_PLACEMENT_3D ( 'NONE', #2854, #3315, #3802 ) ;
#3578 = FILL_AREA_STYLE ('',( #837 ) ) ;
#3579 = CARTESIAN_POINT ( 'NONE',  ( 2.199558586991800200, 0.3981196084764598300, 2.046262699151619700 ) ) ;
#3580 = DIRECTION ( 'NONE',  ( -1.000000000000000000, 0.0000000000000000000, -0.0000000000000000000 ) ) ;
#3581 = ORIENTED_EDGE ( 'NONE', *, *, #5777, .T. ) ;
#3582 = CARTESIAN_POINT ( 'NONE',  ( -2.650000000000000400, 0.5802580822064725700, 2.052186426429815700 ) ) ;
#3583 = SURFACE_STYLE_FILL_AREA ( #2024 ) ;
#3584 = ORIENTED_EDGE ( 'NONE', *, *, #633, .T. ) ;
#3585 = DIRECTION ( 'NONE',  ( 0.0000000000000000000, 1.000000000000000000, 0.0000000000000000000 ) ) ;
#3586 = CARTESIAN_POINT ( 'NONE',  ( -2.549782265668134600, 0.5995728764910528400, 1.950223141967440300 ) ) ;
#3587 = CARTESIAN_POINT ( 'NONE',  ( -2.650000000000000400, 0.7047197551196604500, 2.349999999999999200 ) ) ;
#3588 = VECTOR ( 'NONE', #2860, 1000.000000000000000 ) ;
#3589 = CARTESIAN_POINT ( 'NONE',  ( 2.549722345477510200, 0.6254477477185865800, 1.952031193118643400 ) ) ;
#3590 = VERTEX_POINT ( 'NONE', #3496 ) ;
#3591 = CARTESIAN_POINT ( 'NONE',  ( -1.711322751605630900, 4.399999999999999500, 0.0000000000000000000 ) ) ;
#3592 = VECTOR ( 'NONE', #3448, 1000.000000000000000 ) ;
#3593 = FACE_OUTER_BOUND ( 'NONE', #5270, .T. ) ;
#3594 = DIRECTION ( 'NONE',  ( 0.0000000000000000000, 1.000000000000000000, -0.0000000000000000000 ) ) ;
#3595 = CARTESIAN_POINT ( 'NONE',  ( 1.583772780796062900, 0.4848960362238711200, 2.210265556372986900 ) ) ;
#3596 = EDGE_CURVE ( 'NONE', #4179, #3127, #3882, .T. ) ;
#3597 = ORIENTED_EDGE ( 'NONE', *, *, #2590, .F. ) ;
#3598 = ORIENTED_EDGE ( 'NONE', *, *, #1254, .F. ) ;
#3599 = ADVANCED_FACE ( 'NONE', ( #808 ), #3037, .F. ) ;
#3600 = CARTESIAN_POINT ( 'NONE',  ( -1.378366482324259400, 1.082347921297782000, 1.560440944930504800 ) ) ;
#3601 = CYLINDRICAL_SURFACE ( 'NONE', #4481, 0.2791601061504556700 ) ;
#3602 = COLOUR_RGB ( '',0.0000000000000000000, 0.0000000000000000000, 0.0000000000000000000 ) ;
#3603 = CARTESIAN_POINT ( 'NONE',  ( 1.925000000000001400, 0.6000000000000005300, 2.449999999999998800 ) ) ;
#3604 = DIRECTION ( 'NONE',  ( 0.0000000000000000000, 0.0000000000000000000, 1.000000000000000000 ) ) ;
#3605 = ORIENTED_EDGE ( 'NONE', *, *, #3836, .F. ) ;
#3606 = CARTESIAN_POINT ( 'NONE',  ( 2.650000000000000400, 0.4689555101659312300, 2.303948844721331700 ) ) ;
#3607 = ORIENTED_EDGE ( 'NONE', *, *, #2785, .F. ) ;
#3608 = CARTESIAN_POINT ( 'NONE',  ( -2.650000000000000400, 0.5158279661260207800, 2.100246962876868300 ) ) ;
#3609 = FACE_OUTER_BOUND ( 'NONE', #5786, .T. ) ;
#3610 = CARTESIAN_POINT ( 'NONE',  ( -2.649999999999999500, -1.184169116223065600E-014, -2.678246328913499900E-030 ) ) ;
#3611 = ORIENTED_EDGE ( 'NONE', *, *, #2072, .F. ) ;
#3612 = EDGE_CURVE ( 'NONE', #2672, #5497, #2453, .T. ) ;
#3613 = ORIENTED_EDGE ( 'NONE', *, *, #2470, .T. ) ;
#3614 = CARTESIAN_POINT ( 'NONE',  ( -0.1842544458805529000, 0.3000000000000004300, 2.486742010163750700 ) ) ;
#3615 = LINE ( 'NONE', #1658, #1639 ) ;
#3616 = CARTESIAN_POINT ( 'NONE',  ( -2.550000000000000300, 1.094966217096457300E-032, 1.099999999999999600 ) ) ;
#3617 = B_SPLINE_CURVE_WITH_KNOTS ( 'NONE', 3,
 ( #3847, #1509, #1568, #577, #4307, #602, #5667, #110, #562, #3785, #143, #1122 ),
 .UNSPECIFIED., .F., .F.,
 ( 4, 2, 2, 2, 2, 4 ),
 ( 0.3155082430143768500, 0.3641475987153899300, 0.4142491139411944000, 0.4650707556951786400, 0.5244402834339316800, 0.5819328839176166600 ),
 .UNSPECIFIED. ) ;
#3618 = ORIENTED_EDGE ( 'NONE', *, *, #3412, .T. ) ;
#3619 = CARTESIAN_POINT ( 'NONE',  ( -8.989973373556660000E-018, 0.9000000000000032400, -2.499999999999999100 ) ) ;
#3620 = CARTESIAN_POINT ( 'NONE',  ( 1.789089647745030000, 0.5201337872960892800, 1.936978442184305700 ) ) ;
#3621 = EDGE_CURVE ( 'NONE', #2682, #899, #1613, .T. ) ;
#3622 = PLANE ( 'NONE',  #2733 ) ;
#3623 =( GEOMETRIC_REPRESENTATION_CONTEXT ( 3 ) GLOBAL_UNCERTAINTY_ASSIGNED_CONTEXT ( ( #2501 ) ) GLOBAL_UNIT_ASSIGNED_CONTEXT ( ( #5216, #1077, #5158 ) ) REPRESENTATION_CONTEXT ( 'NONE', 'WORKASPACE' ) );
#3624 = VERTEX_POINT ( 'NONE', #5505 ) ;
#3625 = CARTESIAN_POINT ( 'NONE',  ( -1.600861366901435100, 0.8914028446017253600, 1.851913350953201500 ) ) ;
#3626 = VERTEX_POINT ( 'NONE', #1446 ) ;
#3627 = CARTESIAN_POINT ( 'NONE',  ( 2.188039544545142200, 0.5978516822771643400, 1.951122340735699500 ) ) ;
#3628 = CARTESIAN_POINT ( 'NONE',  ( 2.650000000000000800, 0.5070421323616410800, 2.108104722953299400 ) ) ;
#3629 = CARTESIAN_POINT ( 'NONE',  ( 1.589920150421539200, 0.7458757146600809600, 1.873650262615438800 ) ) ;
#3630 = MECHANICAL_DESIGN_GEOMETRIC_PRESENTATION_REPRESENTATION (  '', ( #1816 ), #3825 ) ;
#3631 = AXIS2_PLACEMENT_3D ( 'NONE', #710, #1550, #4750 ) ;
#3632 = ADVANCED_FACE ( 'NONE', ( #2601 ), #4587, .F. ) ;
#3633 =( BOUNDED_CURVE ( )  B_SPLINE_CURVE ( 3, ( #2374, #4753, #75, #3774 ),
 .UNSPECIFIED., .F., .F. ) 
 B_SPLINE_CURVE_WITH_KNOTS ( ( 4, 4 ),
 ( 0.0000000000000000000, 1.000000000000000000 ),
 .UNSPECIFIED. ) 
 CURVE ( )  GEOMETRIC_REPRESENTATION_ITEM ( )  RATIONAL_B_SPLINE_CURVE ( ( 1.000000000000000000, 0.8266666666699281600, 0.8266666666699281600, 1.000000000000000000 ) ) 
 REPRESENTATION_ITEM ( '' )  );
#3634 = CARTESIAN_POINT ( 'NONE',  ( -2.649999999999999500, 0.5616170841809022800, 2.345784382190620600 ) ) ;
#3635 = CARTESIAN_POINT ( 'NONE',  ( -2.181111645872787700, 0.7976346716768939500, 2.046515801281427700 ) ) ;
#3636 = CARTESIAN_POINT ( 'NONE',  ( 1.087178948232599500, 0.3000000000000004900, 1.983671150366807400 ) ) ;
#3637 = DIRECTION ( 'NONE',  ( 0.0000000000000000000, -1.000000000000000000, -0.0000000000000000000 ) ) ;
#3638 = EDGE_CURVE ( 'NONE', #2390, #1178, #4320, .T. ) ;
#3639 = CARTESIAN_POINT ( 'NONE',  ( 1.378366482324259400, 1.082347921297782000, 1.560440944930504800 ) ) ;
#3640 = CARTESIAN_POINT ( 'NONE',  ( -1.446101183711558900, 0.9410147817117210400, 1.737483079866199500 ) ) ;
#3641 = ORIENTED_EDGE ( 'NONE', *, *, #1882, .F. ) ;
#3642 = CARTESIAN_POINT ( 'NONE',  ( -1.333705217223839300, 1.127634849458474900, 2.094189079859357900 ) ) ;
#3643 = CARTESIAN_POINT ( 'NONE',  ( -2.549999999999999800, 0.0000000000000000000, -1.349999999999999200 ) ) ;
#3644 = VECTOR ( 'NONE', #2753, 1000.000000000000000 ) ;
#3645 = DIRECTION ( 'NONE',  ( -0.9072762929542511600, 0.0000000000000000000, 0.4205350499580167700 ) ) ;
#3646 = CARTESIAN_POINT ( 'NONE',  ( -1.018939999478236000, 0.1598737360808923100, 1.849999999999999000 ) ) ;
#3647 = CARTESIAN_POINT ( 'NONE',  ( 1.449188232576808200, 1.173823606201635600, 1.538772022787196600 ) ) ;
#3648 = LINE ( 'NONE', #5088, #1597 ) ;
#3649 = CARTESIAN_POINT ( 'NONE',  ( -2.188039544545142200, 0.5978516822771643400, 1.951122340735699500 ) ) ;
#3650 = CARTESIAN_POINT ( 'NONE',  ( 2.649999999999999500, -1.184169116223065600E-014, -2.678246328913499900E-030 ) ) ;
#3651 = AXIS2_PLACEMENT_3D ( 'NONE', #1585, #5707, #4724 ) ;
#3652 = DIRECTION ( 'NONE',  ( 0.0000000000000000000, -1.000000000000000000, 6.123233995736766000E-017 ) ) ;
#3653 = LINE ( 'NONE', #947, #504 ) ;
#3654 = CARTESIAN_POINT ( 'NONE',  ( 1.369737594342602900, 1.109998787272264100, 1.514664959070758800 ) ) ;
#3655 = DIRECTION ( 'NONE',  ( -0.0000000000000000000, -1.000000000000000000, -0.0000000000000000000 ) ) ;
#3656 = CARTESIAN_POINT ( 'NONE',  ( -1.206075998224890800, 1.382276870747308800, 1.788466355697616100 ) ) ;
#3657 = ADVANCED_FACE ( 'NONE', ( #3441 ), #5767, .F. ) ;
#3658 = CARTESIAN_POINT ( 'NONE',  ( -1.365347262039189500, 0.6779255830735297900, 1.899704505030163700 ) ) ;
#3659 = VECTOR ( 'NONE', #728, 1000.000000000000000 ) ;
#3660 = CARTESIAN_POINT ( 'NONE',  ( -1.378366482324259400, 1.082347921297782000, 1.560440944930504800 ) ) ;
#3661 = VERTEX_POINT ( 'NONE', #884 ) ;
#3662 = CARTESIAN_POINT ( 'NONE',  ( -1.200000000000000200, 0.3000000000002219800, -1.849999999999999600 ) ) ;
#3663 = CARTESIAN_POINT ( 'NONE',  ( 1.859308930390015700, 0.8152507467124180400, 2.037288532676452500 ) ) ;
#3664 = ORIENTED_EDGE ( 'NONE', *, *, #2377, .F. ) ;
#3665 = DIRECTION ( 'NONE',  ( 0.0000000000000000000, 0.0000000000000000000, 1.000000000000000000 ) ) ;
#3666 = CARTESIAN_POINT ( 'NONE',  ( 0.8085302276575384600, 0.1000000000000000200, 1.974918479827171500 ) ) ;
#3667 = CARTESIAN_POINT ( 'NONE',  ( -2.649999999999999900, 0.1000000000000001600, -0.9000000000000010200 ) ) ;
#3668 = DIRECTION ( 'NONE',  ( 0.0000000000000000000, -1.000000000000000000, 3.491481338843133400E-015 ) ) ;
#3669 = ORIENTED_EDGE ( 'NONE', *, *, #4313, .T. ) ;
#3670 = ORIENTED_EDGE ( 'NONE', *, *, #5295, .F. ) ;
#3671 = LINE ( 'NONE', #5782, #1049 ) ;
#3672 = EDGE_CURVE ( 'NONE', #3518, #1622, #1030, .T. ) ;
#3673 = CARTESIAN_POINT ( 'NONE',  ( 2.650000000000000400, 0.6003287307884507300, 2.250715777235438300 ) ) ;
#3674 = CARTESIAN_POINT ( 'NONE',  ( -1.166966019098065700, 1.015758924339695800, 1.564486583146252000 ) ) ;
#3675 = DIRECTION ( 'NONE',  ( 0.9072762929542515000, 0.0000000000000000000, 0.4205350499580160500 ) ) ;
#3676 = ORIENTED_EDGE ( 'NONE', *, *, #4693, .T. ) ;
#3677 = ORIENTED_EDGE ( 'NONE', *, *, #536, .F. ) ;
#3678 = DIRECTION ( 'NONE',  ( 0.0000000000000000000, 1.000000000000000000, 0.0000000000000000000 ) ) ;
#3679 = CYLINDRICAL_SURFACE ( 'NONE', #3396, 0.09999999999999989500 ) ;
#3680 = B_SPLINE_CURVE_WITH_KNOTS ( 'NONE', 3,
 ( #3903, #1600, #5250, #5737, #4789, #1177, #5213, #3410, #683, #3879, #1156, #5390, #2111, #1704, #3491, #1725, #301, #3011, #2135, #2169, #3982, #1207 ),
 .UNSPECIFIED., .F., .F.,
 ( 4, 2, 2, 2, 2, 2, 2, 2, 2, 2, 4 ),
 ( 0.0000000000000000000, 0.06250000000000043000, 0.1250000000000006400, 0.2500000000000005600, 0.5000000000000002200, 0.6250000000000001100, 0.6875000000000001100, 0.7500000000000000000, 0.8750000000000001100, 0.9375000000000001100, 1.000000000000000000 ),
 .UNSPECIFIED. ) ;
#3681 = CARTESIAN_POINT ( 'NONE',  ( -1.623596139805919100, 0.8628118432296341100, 1.867192320201121800 ) ) ;
#3682 = DIRECTION ( 'NONE',  ( 0.0000000000000000000, 0.0000000000000000000, 1.000000000000000000 ) ) ;
#3683 = CARTESIAN_POINT ( 'NONE',  ( 0.5482316942690769200, 0.3000000000000004900, -2.379450058992062600 ) ) ;
#3684 = ORIENTED_EDGE ( 'NONE', *, *, #2716, .T. ) ;
#3685 = CARTESIAN_POINT ( 'NONE',  ( 0.0000000000000000000, 0.6000000000000000900, -1.950000000000001500 ) ) ;
#3686 = EDGE_LOOP ( 'NONE', ( #2765, #2734, #1419, #4125 ) ) ;
#3687 = ORIENTED_EDGE ( 'NONE', *, *, #5880, .F. ) ;
#3688 = CARTESIAN_POINT ( 'NONE',  ( -1.200000000000001100, 0.1000000000000000100, 1.849999999999999900 ) ) ;
#3689 = EDGE_CURVE ( 'NONE', #1178, #1281, #1404, .T. ) ;
#3690 = CARTESIAN_POINT ( 'NONE',  ( 0.5953724241753294300, 0.09999999999999997800, 2.132585905840940200 ) ) ;
#3691 = ORIENTED_EDGE ( 'NONE', *, *, #3350, .F. ) ;
#3692 = CARTESIAN_POINT ( 'NONE',  ( 0.0000000000000000000, 0.0000000000000000000, 0.0000000000000000000 ) ) ;
#3693 = CARTESIAN_POINT ( 'NONE',  ( 0.8677564237645013500, 0.3000000000000004300, -2.273161581894536500 ) ) ;
#3694 = CARTESIAN_POINT ( 'NONE',  ( -1.925000000000000900, 0.6000000000000005300, 2.149999999999999000 ) ) ;
#3695 = EDGE_CURVE ( 'NONE', #103, #1272, #1502, .T. ) ;
#3696 = CARTESIAN_POINT ( 'NONE',  ( 2.650000000000000400, 0.6852592170207886200, 2.103301251966447800 ) ) ;
#3697 = ORIENTED_EDGE ( 'NONE', *, *, #2845, .T. ) ;
#3698 = AXIS2_PLACEMENT_3D ( 'NONE', #5634, #3723, #567 ) ;
#3699 = CARTESIAN_POINT ( 'NONE',  ( 0.0000000000000000000, 3.499999999999999600, 0.0000000000000000000 ) ) ;
#3700 = CARTESIAN_POINT ( 'NONE',  ( -1.471076667614507900, 0.7241449208936878700, 1.830122066605866600 ) ) ;
#3701 = ORIENTED_EDGE ( 'NONE', *, *, #3123, .T. ) ;
#3702 = VERTEX_POINT ( 'NONE', #3762 ) ;
#3703 = CARTESIAN_POINT ( 'NONE',  ( -1.692685768746681200, 0.8786635017654888000, 2.213500273867431200 ) ) ;
#3704 = CARTESIAN_POINT ( 'NONE',  ( -1.759734600111408900, 0.6410045579439729300, 1.928525523696643000 ) ) ;
#3705 = CARTESIAN_POINT ( 'NONE',  ( 1.238734093192509500, 1.337748341979638100, 1.365049789071415900 ) ) ;
#3706 = AXIS2_PLACEMENT_3D ( 'NONE', #1089, #2911, #4287 ) ;
#3707 = CARTESIAN_POINT ( 'NONE',  ( 1.471019814190938300, 0.9336108124458970500, 2.230108248233697600 ) ) ;
#3708 = CARTESIAN_POINT ( 'NONE',  ( -0.8183708045969680900, 0.09999999999999996400, 1.965848472823219100 ) ) ;
#3709 = CARTESIAN_POINT ( 'NONE',  ( -2.550000000000000700, 0.6000000000000004200, 1.949999999999999700 ) ) ;
#3710 = EDGE_CURVE ( 'NONE', #768, #4694, #2663, .T. ) ;
#3711 = CARTESIAN_POINT ( 'NONE',  ( -2.550000000000000300, 0.1000000000000000100, -5.977763329379539700E-016 ) ) ;
#3712 = DIRECTION ( 'NONE',  ( -2.168404344970998600E-015, 0.0000000000000000000, 1.000000000000000000 ) ) ;
#3713 = PLANE ( 'NONE',  #4162 ) ;
#3714 = CARTESIAN_POINT ( 'NONE',  ( -1.157001604393391900, 1.047537377681824200, 1.511993864025368500 ) ) ;
#3715 = DIRECTION ( 'NONE',  ( 0.0000000000000000000, 0.0000000000000000000, 1.000000000000000000 ) ) ;
#3716 = FACE_OUTER_BOUND ( 'NONE', #22, .T. ) ;
#3717 = CARTESIAN_POINT ( 'NONE',  ( -1.086106140609196500, 1.021582879206627000, 1.831891492532632200 ) ) ;
#3718 = CARTESIAN_POINT ( 'NONE',  ( -1.401314468797899800, 1.026359773736647900, 1.639845128611228600 ) ) ;
#3719 = CARTESIAN_POINT ( 'NONE',  ( -1.639092828382209500, 0.8433233774240126400, 1.877606914144791500 ) ) ;
#3720 = CARTESIAN_POINT ( 'NONE',  ( 1.790720107010456800, 0.4192456189356999500, 2.035198534649146100 ) ) ;
#3721 = TOROIDAL_SURFACE ( 'NONE', #4919, 3.806325207609592800, 2.966666666666668600 ) ;
#3722 = EDGE_CURVE ( 'NONE', #3885, #826, #92, .T. ) ;
#3723 = DIRECTION ( 'NONE',  ( 0.0000000000000000000, 1.000000000000000000, -0.0000000000000000000 ) ) ;
#3724 = CARTESIAN_POINT ( 'NONE',  ( 1.011703626604006000, 1.245743598126830600, 1.471774017893068700 ) ) ;
#3725 = CARTESIAN_POINT ( 'NONE',  ( -2.550297732634558400, 0.5615536664349057800, 2.346074376379448700 ) ) ;
#3726 = SURFACE_STYLE_FILL_AREA ( #3231 ) ;
#3727 = CARTESIAN_POINT ( 'NONE',  ( 0.5423761227880407000, 0.09999999999999990800, 2.159359818956679600 ) ) ;
#3728 = CARTESIAN_POINT ( 'NONE',  ( 2.649999999999999000, 0.6164433852275317300, 2.052117769353036400 ) ) ;
#3729 = EDGE_CURVE ( 'NONE', #397, #5397, #2318, .T. ) ;
#3730 = ORIENTED_EDGE ( 'NONE', *, *, #5465, .F. ) ;
#3731 = AXIS2_PLACEMENT_3D ( 'NONE', #3048, #4510, #1695 ) ;
#3732 = DIRECTION ( 'NONE',  ( 0.0000000000000000000, 0.0000000000000000000, 1.000000000000000000 ) ) ;
#3733 = VECTOR ( 'NONE', #573, 1000.000000000000000 ) ;
#3734 = CARTESIAN_POINT ( 'NONE',  ( -1.881329049301840900, 0.6040523958667443100, 2.347878374603520300 ) ) ;
#3735 = CARTESIAN_POINT ( 'NONE',  ( 2.650000000000000400, 0.6431159139245973300, 2.061566442418500500 ) ) ;
#3736 = LINE ( 'NONE', #2843, #1329 ) ;
#3737 = CARTESIAN_POINT ( 'NONE',  ( -1.030704209416242400, 1.425344389707045500, 1.369139653481486100 ) ) ;
#3738 = ORIENTED_EDGE ( 'NONE', *, *, #3376, .T. ) ;
#3739 = DIRECTION ( 'NONE',  ( 0.0000000000000000000, -1.000000000000000000, -0.0000000000000000000 ) ) ;
#3740 = MANIFOLD_SOLID_BREP ( 'Chamfer3', #527 ) ;
#3741 = CARTESIAN_POINT ( 'NONE',  ( -1.193267242786742100, 0.9515690921350571400, 1.655548590482292600 ) ) ;
#3742 = VECTOR ( 'NONE', #5930, 1000.000000000000000 ) ;
#3743 = LINE ( 'NONE', #3130, #443 ) ;
#3744 = ORIENTED_EDGE ( 'NONE', *, *, #95, .F. ) ;
#3745 = AXIS2_PLACEMENT_3D ( 'NONE', #3861, #703, #4329 ) ;
#3746 = CARTESIAN_POINT ( 'NONE',  ( -1.856962842768697500, 0.8120393917084345300, 2.248412592213129700 ) ) ;
#3747 = CARTESIAN_POINT ( 'NONE',  ( -1.623596139805919100, 0.8628118432296341100, 1.867192320201121800 ) ) ;
#3748 = CARTESIAN_POINT ( 'NONE',  ( 1.083382320614664200, 0.09999999999999993600, -1.674108653072594200 ) ) ;
#3749 = ORIENTED_EDGE ( 'NONE', *, *, #4672, .F. ) ;
#3750 = VERTEX_POINT ( 'NONE', #4244 ) ;
#3751 = CARTESIAN_POINT ( 'NONE',  ( 1.470810704438334700, 0.6504396299010446500, 2.268662392956145800 ) ) ;
#3752 = VECTOR ( 'NONE', #3348, 1000.000000000000000 ) ;
#3753 = VERTEX_POINT ( 'NONE', #4682 ) ;
#3754 = PRESENTATION_STYLE_ASSIGNMENT (( #5902 ) ) ;
#3755 = EDGE_CURVE ( 'NONE', #4685, #1799, #307, .T. ) ;
#3756 = ORIENTED_EDGE ( 'NONE', *, *, #4396, .F. ) ;
#3757 = CARTESIAN_POINT ( 'NONE',  ( -0.9399838509116188500, 0.09999999999999996400, 1.847127432535708800 ) ) ;
#3758 = FACE_OUTER_BOUND ( 'NONE', #5352, .T. ) ;
#3759 = CARTESIAN_POINT ( 'NONE',  ( -2.352349610154470300, 0.5987499939466821600, 1.950653039666800500 ) ) ;
#3760 = VERTEX_POINT ( 'NONE', #1503 ) ;
#3761 = VERTEX_POINT ( 'NONE', #4182 ) ;
#3762 = CARTESIAN_POINT ( 'NONE',  ( 2.550000000000000300, 0.1000000000000002600, 1.099999999999999900 ) ) ;
#3763 = ADVANCED_FACE ( 'NONE', ( #3295 ), #24, .F. ) ;
#3764 = CARTESIAN_POINT ( 'NONE',  ( 2.650000000000000400, 0.6908799918850305800, 2.112462283898979300 ) ) ;
#3765 = LINE ( 'NONE', #3874, #3469 ) ;
#3766 = CARTESIAN_POINT ( 'NONE',  ( -1.255807340445544100, 1.060606279250036100, 2.074058529094767100 ) ) ;
#3767 = ORIENTED_EDGE ( 'NONE', *, *, #2508, .F. ) ;
#3768 = VERTEX_POINT ( 'NONE', #4701 ) ;
#3769 = CARTESIAN_POINT ( 'NONE',  ( -1.964294742901958400, 0.8000000000000006000, 2.045280244880339100 ) ) ;
#3770 = CARTESIAN_POINT ( 'NONE',  ( -2.549999999999999800, -9.486769009248163800E-017, -1.849999999999999900 ) ) ;
#3771 = CARTESIAN_POINT ( 'NONE',  ( 0.6155646750651885300, 0.09999999999999996400, -2.117140278992621500 ) ) ;
#3772 = CARTESIAN_POINT ( 'NONE',  ( 1.394576857130301900, 0.6409736585278439400, 1.919315294466532400 ) ) ;
#3773 = ORIENTED_EDGE ( 'NONE', *, *, #1378, .T. ) ;
#3774 = CARTESIAN_POINT ( 'NONE',  ( 1.200000000000001100, 0.3000000000002210900, 1.849999999999999200 ) ) ;
#3775 = AXIS2_PLACEMENT_3D ( 'NONE', #5310, #2568, #2654 ) ;
#3776 = EDGE_CURVE ( 'NONE', #2489, #1339, #4173, .T. ) ;
#3777 =( LENGTH_UNIT ( ) NAMED_UNIT ( * ) SI_UNIT ( .MILLI., .METRE. ) );
#3778 = VERTEX_POINT ( 'NONE', #2406 ) ;
#3779 = FILL_AREA_STYLE_COLOUR ( '', #3474 ) ;
#3780 = CARTESIAN_POINT ( 'NONE',  ( -2.549999999999999800, 0.1000000000000000100, -1.849999999999999900 ) ) ;
#3781 = CARTESIAN_POINT ( 'NONE',  ( -1.649374746523716100, 4.681835189267316900, -2.218164810732682600 ) ) ;
#3782 = CARTESIAN_POINT ( 'NONE',  ( 1.254179606750064100, 0.6000000000000002000, 1.849999999999999400 ) ) ;
#3783 = CARTESIAN_POINT ( 'NONE',  ( -1.282737387224788300, 1.092210571345176200, 1.397954325229644000 ) ) ;
#3784 = DIRECTION ( 'NONE',  ( 0.0000000000000000000, 0.0000000000000000000, -1.000000000000000000 ) ) ;
#3785 = CARTESIAN_POINT ( 'NONE',  ( 1.589920150421539200, 0.7458757146600809600, 1.873650262615438800 ) ) ;
#3786 = CARTESIAN_POINT ( 'NONE',  ( -1.585487296939212900, 0.6158424543341488600, 1.886789084008145400 ) ) ;
#3787 = CARTESIAN_POINT ( 'NONE',  ( 0.1974432475245610800, 0.09999999999999992200, -2.282143504940120400 ) ) ;
#3788 = CARTESIAN_POINT ( 'NONE',  ( 1.721319208631946700, 0.7529585367956361800, 2.324736550608455000 ) ) ;
#3789 = ADVANCED_FACE ( 'NONE', ( #2944 ), #3091, .F. ) ;
#3790 = CARTESIAN_POINT ( 'NONE',  ( -2.549999999999999800, 0.6000000000000000900, -1.950000000000001500 ) ) ;
#3791 = LINE ( 'NONE', #1457, #1949 ) ;
#3792 = DIRECTION ( 'NONE',  ( -0.0000000000000000000, -1.000000000000000000, -0.0000000000000000000 ) ) ;
#3793 = CARTESIAN_POINT ( 'NONE',  ( -0.1554550093708564900, 0.09999999999999995000, 2.288809420112058100 ) ) ;
#3794 = CARTESIAN_POINT ( 'NONE',  ( -2.649999999999999900, 0.1000000000000001700, -0.9000000000000010200 ) ) ;
#3795 = EDGE_CURVE ( 'NONE', #1196, #4035, #4840, .T. ) ;
#3796 = PLANE ( 'NONE',  #296 ) ;
#3797 = LINE ( 'NONE', #972, #4963 ) ;
#3798 = CARTESIAN_POINT ( 'NONE',  ( -2.549999999999999400, 3.499999999999999600, -2.499999999999998700 ) ) ;
#3799 = DIRECTION ( 'NONE',  ( -1.000000000000000000, -1.869314090492249700E-017, -0.0000000000000000000 ) ) ;
#3800 = CARTESIAN_POINT ( 'NONE',  ( -1.335797713633553500, 0.9332057960354786000, 1.652691988332295900 ) ) ;
#3801 = CARTESIAN_POINT ( 'NONE',  ( 1.254179606750064100, 0.6000000000000005300, 2.449999999999998800 ) ) ;
#3802 = DIRECTION ( 'NONE',  ( 1.000000000000000000, 0.0000000000000000000, -2.344220913482164300E-016 ) ) ;
#3803 = LINE ( 'NONE', #1524, #86 ) ;
#3804 = B_SPLINE_CURVE_WITH_KNOTS ( 'NONE', 3,
 ( #4862, #3918, #5266, #4804 ),
 .UNSPECIFIED., .F., .F.,
 ( 4, 4 ),
 ( 0.0000000000000000000, 1.000000000000000000 ),
 .UNSPECIFIED. ) ;
#3805 = CARTESIAN_POINT ( 'NONE',  ( -1.688367502434858800, 0.7671839774336254300, 2.317295604473685000 ) ) ;
#3806 = CARTESIAN_POINT ( 'NONE',  ( -1.576749219766256900, 0.9798301502660555800, 2.160525809809401100 ) ) ;
#3807 = CARTESIAN_POINT ( 'NONE',  ( 0.3872299775554364800, 0.09999999999999996400, -2.229508892961678000 ) ) ;
#3808 = CARTESIAN_POINT ( 'NONE',  ( 1.765682894265371500, 0.4219695034424916200, 2.243211250757922900 ) ) ;
#3809 = EDGE_CURVE ( 'NONE', #5346, #1497, #4629, .T. ) ;
#3810 = EDGE_LOOP ( 'NONE', ( #2080, #2398 ) ) ;
#3811 = FACE_OUTER_BOUND ( 'NONE', #828, .T. ) ;
#3812 = DIRECTION ( 'NONE',  ( 2.344220913482172100E-016, -1.084202172485504000E-015, -1.000000000000000000 ) ) ;
#3813 = ORIENTED_EDGE ( 'NONE', *, *, #5799, .F. ) ;
#3814 = VECTOR ( 'NONE', #5873, 1000.000000000000000 ) ;
#3815 = EDGE_CURVE ( 'NONE', #47, #468, #2380, .T. ) ;
#3816 = VERTEX_POINT ( 'NONE', #700 ) ;
#3817 = VECTOR ( 'NONE', #4985, 1000.000000000000000 ) ;
#3818 = DIRECTION ( 'NONE',  ( -2.344220913482172100E-016, 0.0000000000000000000, -1.000000000000000000 ) ) ;
#3819 = ADVANCED_FACE ( 'NONE', ( #3370 ), #1082, .T. ) ;
#3820 = DIRECTION ( 'NONE',  ( 1.000000000000000000, 0.0000000000000000000, -2.168404344970998600E-015 ) ) ;
#3821 = VECTOR ( 'NONE', #5017, 1000.000000000000000 ) ;
#3822 = PLANE ( 'NONE',  #870 ) ;
#3823 = ORIENTED_EDGE ( 'NONE', *, *, #988, .T. ) ;
#3824 = EDGE_LOOP ( 'NONE', ( #342, #2134, #2500, #271 ) ) ;
#3825 =( GEOMETRIC_REPRESENTATION_CONTEXT ( 3 ) GLOBAL_UNCERTAINTY_ASSIGNED_CONTEXT ( ( #1084 ) ) GLOBAL_UNIT_ASSIGNED_CONTEXT ( ( #2886, #2437, #199 ) ) REPRESENTATION_CONTEXT ( 'NONE', 'WORKASPACE' ) );
#3826 = VECTOR ( 'NONE', #4863, 1000.000000000000000 ) ;
#3827 = CARTESIAN_POINT ( 'NONE',  ( -1.509371088003944200, 1.170055779463857100, 1.778063598925239600 ) ) ;
#3828 = CARTESIAN_POINT ( 'NONE',  ( -1.492587938102023100, 0.5327342795169908200, 2.185178184048285100 ) ) ;
#3829 = CARTESIAN_POINT ( 'NONE',  ( -1.628761299812714800, 0.4752611663760555300, 2.005872187029448500 ) ) ;
#3830 = CARTESIAN_POINT ( 'NONE',  ( -0.4260473539568417300, 0.3000000000000004900, -2.427776552737013600 ) ) ;
#3831 = CARTESIAN_POINT ( 'NONE',  ( 1.925000000000000500, 10.00000000000000000, 1.950000000000000000 ) ) ;
#3832 = ORIENTED_EDGE ( 'NONE', *, *, #309, .F. ) ;
#3833 = ORIENTED_EDGE ( 'NONE', *, *, #3596, .T. ) ;
#3834 = CARTESIAN_POINT ( 'NONE',  ( 2.650000000000000400, 0.6000000000000005300, 1.949999999999998800 ) ) ;
#3835 = VECTOR ( 'NONE', #292, 1000.000000000000000 ) ;
#3836 = EDGE_CURVE ( 'NONE', #5576, #5881, #478, .T. ) ;
#3837 = EDGE_LOOP ( 'NONE', ( #203, #3109, #392, #2610 ) ) ;
#3838 = CARTESIAN_POINT ( 'NONE',  ( 2.650000000000002100, 0.5999999999999999800, 0.8999999999999990200 ) ) ;
#3839 = EDGE_LOOP ( 'NONE', ( #52, #3323, #3916, #3038 ) ) ;
#3840 = CARTESIAN_POINT ( 'NONE',  ( 1.130782434992203500, 0.9398072341992140800, 1.921285628062492600 ) ) ;
#3841 = CARTESIAN_POINT ( 'NONE',  ( -2.550000000000000700, 0.1000000000000002600, -1.100000000000001200 ) ) ;
#3842 = EDGE_LOOP ( 'NONE', ( #5218, #379, #2914, #5407 ) ) ;
#3843 = CARTESIAN_POINT ( 'NONE',  ( -2.183209589707005200, 0.7024340572999614500, 1.951194049212897900 ) ) ;
#3844 = ORIENTED_EDGE ( 'NONE', *, *, #5662, .T. ) ;
#3845 = CARTESIAN_POINT ( 'NONE',  ( 2.550000000000000700, 0.6000000000000002000, 1.849999999999999400 ) ) ;
#3846 = CARTESIAN_POINT ( 'NONE',  ( 1.543684579276303000, 1.107252726841884600, 1.846739350159342500 ) ) ;
#3847 = CARTESIAN_POINT ( 'NONE',  ( 1.964294742901957900, 0.6000000000000004200, 1.949999999999998800 ) ) ;
#3848 = EDGE_CURVE ( 'NONE', #1127, #3549, #4472, .T. ) ;
#3849 = CARTESIAN_POINT ( 'NONE',  ( -1.457841753567584500, 1.378211374355288000, 1.401392646529924700 ) ) ;
#3850 = ORIENTED_EDGE ( 'NONE', *, *, #754, .F. ) ;
#3851 = CARTESIAN_POINT ( 'NONE',  ( -1.790720107010456800, 0.4192456189356999500, 2.035198534649146100 ) ) ;
#3852 = CARTESIAN_POINT ( 'NONE',  ( -1.893879448033117600, 0.4987310626942725900, 1.948193405857499200 ) ) ;
#3853 = CARTESIAN_POINT ( 'NONE',  ( -0.9780768339302382500, 0.09999999999999990800, -1.805784094785635200 ) ) ;
#3854 = CARTESIAN_POINT ( 'NONE',  ( 1.731310763689220700, 0.6532781991784727400, 1.922106177826789200 ) ) ;
#3855 = ADVANCED_FACE ( 'NONE', ( #5253 ), #2916, .T. ) ;
#3856 = AXIS2_PLACEMENT_3D ( 'NONE', #713, #1194, #3891 ) ;
#3857 = DIRECTION ( 'NONE',  ( 0.0000000000000000000, -1.000000000000000000, 3.469446951953611800E-015 ) ) ;
#3858 = CARTESIAN_POINT ( 'NONE',  ( 1.240015809975297100, 1.299408517998818800, 1.906080995308106400 ) ) ;
#3859 = CARTESIAN_POINT ( 'NONE',  ( -2.419029092849328300, 0.5990180994884172200, 1.950512974578213000 ) ) ;
#3860 = AXIS2_PLACEMENT_3D ( 'NONE', #3591, #1791, #5438 ) ;
#3861 = CARTESIAN_POINT ( 'NONE',  ( -2.649999999999999500, 0.6000000000000000900, -1.950000000000001500 ) ) ;
#3862 = CARTESIAN_POINT ( 'NONE',  ( 1.464350960922946400, 0.9109885594081055200, 1.766035075666145400 ) ) ;
#3863 = AXIS2_PLACEMENT_3D ( 'NONE', #1118, #187, #1138 ) ;
#3864 = CARTESIAN_POINT ( 'NONE',  ( 2.550000000000000700, 0.1000000000000000100, -1.100000000000001200 ) ) ;
#3865 = CARTESIAN_POINT ( 'NONE',  ( -1.731329225375720000, 0.5280373329482034300, 2.332838338569255900 ) ) ;
#3866 = CARTESIAN_POINT ( 'NONE',  ( -1.585177027114136800, 0.8255201824493491000, 2.286659709391796600 ) ) ;
#3867 = CARTESIAN_POINT ( 'NONE',  ( 2.550000000000000700, 0.6000000000000005300, 2.149999999999999000 ) ) ;
#3868 = VERTEX_POINT ( 'NONE', #3363 ) ;
#3869 = CARTESIAN_POINT ( 'NONE',  ( 1.566839612366199400, 0.7689058563756616700, 1.861754120745606300 ) ) ;
#3870 = CARTESIAN_POINT ( 'NONE',  ( -2.549584968695520100, 0.6926672953821595400, 1.966582937096971000 ) ) ;
#3871 = CARTESIAN_POINT ( 'NONE',  ( 1.964294742901957900, 0.8000000000000003800, 2.254719755119658900 ) ) ;
#3872 = DIRECTION ( 'NONE',  ( 0.0000000000000000000, 0.2136374592415281300, -0.9769130135323330600 ) ) ;
#3873 = LINE ( 'NONE', #5452, #4534 ) ;
#3874 = CARTESIAN_POINT ( 'NONE',  ( 2.549999999999999800, 4.399999999999998600, -2.111351376446604100 ) ) ;
#3875 = CARTESIAN_POINT ( 'NONE',  ( 1.156708572766338200, 0.8969521074628975500, 1.962240633979684700 ) ) ;
#3876 = CARTESIAN_POINT ( 'NONE',  ( 0.0000000000000000000, 0.0000000000000000000, 1.849999999999999900 ) ) ;
#3877 = ADVANCED_FACE ( 'NONE', ( #2796 ), #5247, .T. ) ;
#3878 = VECTOR ( 'NONE', #5296, 1000.000000000000000 ) ;
#3879 = CARTESIAN_POINT ( 'NONE',  ( 0.08840193671208962400, 0.1000000000000000100, -2.300105448598187800 ) ) ;
#3880 = ORIENTED_EDGE ( 'NONE', *, *, #4145, .T. ) ;
#3881 = CARTESIAN_POINT ( 'NONE',  ( 2.549999999999999800, 0.1000000000000000100, -1.350000000000001000 ) ) ;
#3882 = LINE ( 'NONE', #772, #231 ) ;
#3883 = CARTESIAN_POINT ( 'NONE',  ( 1.547336403710214000, 0.7934783820616612100, 1.848657193403494300 ) ) ;
#3884 = CARTESIAN_POINT ( 'NONE',  ( -0.2797324604715900600, 0.09999999999999996400, -2.263642945718460800 ) ) ;
#3885 = VERTEX_POINT ( 'NONE', #5706 ) ;
#3886 = CARTESIAN_POINT ( 'NONE',  ( -2.650000000001758100, 0.7308023577509129600, 1.995848624796956700 ) ) ;
#3887 = EDGE_CURVE ( 'NONE', #3907, #1178, #5853, .T. ) ;
#3888 = CYLINDRICAL_SURFACE ( 'NONE', #4602, 0.1000000000000000500 ) ;
#3889 = CIRCLE ( 'NONE', #2925, 0.1000000000000000500 ) ;
#3890 = CARTESIAN_POINT ( 'NONE',  ( 2.202511208985248500, 0.4934471917213567000, 2.350957617029184400 ) ) ;
#3891 = DIRECTION ( 'NONE',  ( 0.0000000000000000000, 0.0000000000000000000, 1.000000000000000000 ) ) ;
#3892 = ORIENTED_EDGE ( 'NONE', *, *, #3887, .F. ) ;
#3893 = CARTESIAN_POINT ( 'NONE',  ( -2.550000000000000300, 0.1000000000000002600, 1.099999999999999900 ) ) ;
#3894 = DIRECTION ( 'NONE',  ( -1.000000000000000000, 0.0000000000000000000, -2.344220913482172100E-016 ) ) ;
#3895 = VECTOR ( 'NONE', #4269, 1000.000000000000000 ) ;
#3896 = CARTESIAN_POINT ( 'NONE',  ( 1.949999999999995100, 0.9000000000000001300, 1.950000000000002000 ) ) ;
#3897 = AXIS2_PLACEMENT_3D ( 'NONE', #619, #183, #3818 ) ;
#3898 = VERTEX_POINT ( 'NONE', #636 ) ;
#3899 = ORIENTED_EDGE ( 'NONE', *, *, #3572, .T. ) ;
#3900 = EDGE_LOOP ( 'NONE', ( #2549, #5546, #3467, #3102 ) ) ;
#3901 = DIRECTION ( 'NONE',  ( -0.9072762929542511600, 0.0000000000000000000, -0.4205350499580167700 ) ) ;
#3902 = VECTOR ( 'NONE', #3456, 1000.000000000000000 ) ;
#3903 = CARTESIAN_POINT ( 'NONE',  ( -0.9370122315488814700, 0.1000000000000000100, -1.850000891826769000 ) ) ;
#3904 = CARTESIAN_POINT ( 'NONE',  ( 1.542248837701228900, 0.9780171296165476300, 1.786165626430730000 ) ) ;
#3905 = PLANE ( 'NONE',  #2151 ) ;
#3906 = ORIENTED_EDGE ( 'NONE', *, *, #1912, .T. ) ;
#3907 = VERTEX_POINT ( 'NONE', #1261 ) ;
#3908 = CYLINDRICAL_SURFACE ( 'NONE', #2226, 0.1000000000000000500 ) ;
#3909 = CARTESIAN_POINT ( 'NONE',  ( 1.759734600111408900, 0.6410045579439729300, 1.928525523696643000 ) ) ;
#3910 = CARTESIAN_POINT ( 'NONE',  ( -0.3877156121197318800, 0.09999999999999996400, -2.229066739674368000 ) ) ;
#3911 = CARTESIAN_POINT ( 'NONE',  ( -1.020553501198831100, 0.3000000000000004900, 2.050948169901910800 ) ) ;
#3912 = ADVANCED_FACE ( 'NONE', ( #658 ), #3489, .F. ) ;
#3913 = VERTEX_POINT ( 'NONE', #1739 ) ;
#3914 = CARTESIAN_POINT ( 'NONE',  ( 1.964294742901957900, 0.7047197551196602300, 2.349999999999999200 ) ) ;
#3915 = EDGE_CURVE ( 'NONE', #1849, #3258, #2104, .T. ) ;
#3916 = ORIENTED_EDGE ( 'NONE', *, *, #2658, .F. ) ;
#3917 = CARTESIAN_POINT ( 'NONE',  ( -2.550000000000000300, 0.0000000000000000000, -6.023628521165059900E-016 ) ) ;
#3918 = CARTESIAN_POINT ( 'NONE',  ( 1.018939999478223100, 0.1598737360808824800, -1.849999999999999900 ) ) ;
#3919 = CARTESIAN_POINT ( 'NONE',  ( 1.148583485399010500, 0.3000000000000004300, -1.913358816410904100 ) ) ;
#3920 = DIRECTION ( 'NONE',  ( -1.000000000000000000, 0.0000000000000000000, -2.344220913482172100E-016 ) ) ;
#3921 = PLANE ( 'NONE',  #5026 ) ;
#3922 = VERTEX_POINT ( 'NONE', #1723 ) ;
#3923 = CARTESIAN_POINT ( 'NONE',  ( -8.989973373556660000E-018, 0.3000000000000003800, -2.499999999999999100 ) ) ;
#3924 = DIRECTION ( 'NONE',  ( 0.0000000000000000000, -1.000000000000000000, 6.123233995736766000E-017 ) ) ;
#3925 = CARTESIAN_POINT ( 'NONE',  ( 1.623596139805918400, 0.8628118432296338900, 1.867192320201121800 ) ) ;
#3926 = CARTESIAN_POINT ( 'NONE',  ( -1.964294742901958400, 0.6000000000000005300, 2.149999999999999000 ) ) ;
#3927 = EDGE_CURVE ( 'NONE', #510, #1286, #3226, .T. ) ;
#3928 = CARTESIAN_POINT ( 'NONE',  ( -1.847750251907291500, 0.6130413872200688500, 1.943168051463058000 ) ) ;
#3929 = CARTESIAN_POINT ( 'NONE',  ( 1.859308930390015700, 0.8152507467124180400, 2.037288532676452500 ) ) ;
#3930 = CARTESIAN_POINT ( 'NONE',  ( 0.02773641230377889300, 0.09999999999999990800, -2.300021178459063600 ) ) ;
#3931 = CARTESIAN_POINT ( 'NONE',  ( -1.244746375977765300, 0.3000000000000003800, 1.792384965417171700 ) ) ;
#3932 = DIRECTION ( 'NONE',  ( -0.3814408140374508400, -0.1769974230406578300, -0.9072898200814408800 ) ) ;
#3933 = EDGE_CURVE ( 'NONE', #5048, #1770, #2527, .T. ) ;
#3934 = AXIS2_PLACEMENT_3D ( 'NONE', #3997, #4469, #3470 ) ;
#3935 = CARTESIAN_POINT ( 'NONE',  ( 1.711516543093142500, 3.499999999999999600, 2.499999999999998700 ) ) ;
#3936 = CARTESIAN_POINT ( 'NONE',  ( -1.711516543093141200, 3.499999999999999600, 2.499999999999999100 ) ) ;
#3937 = CIRCLE ( 'NONE', #5689, 2.966666666666668600 ) ;
#3938 = DIRECTION ( 'NONE',  ( -1.000000000000000000, 0.0000000000000000000, -0.0000000000000000000 ) ) ;
#3939 = ADVANCED_FACE ( 'NONE', ( #1181 ), #4541, .F. ) ;
#3940 = CARTESIAN_POINT ( 'NONE',  ( -1.200000000000000200, 0.3000000000002219800, -1.849999999999999600 ) ) ;
#3941 = DIRECTION ( 'NONE',  ( -4.336808689942016900E-015, -1.000000000000000000, -2.168404344971008600E-016 ) ) ;
#3942 = CARTESIAN_POINT ( 'NONE',  ( 1.012482051582027600, 1.274420238430021600, 1.400911508484533600 ) ) ;
#3943 = DIRECTION ( 'NONE',  ( 0.0000000000000000000, -1.000000000000000000, 0.0000000000000000000 ) ) ;
#3944 = CARTESIAN_POINT ( 'NONE',  ( -1.817949410868546800, 0.6209064701127271500, 1.939045903244058600 ) ) ;
#3945 = EDGE_CURVE ( 'NONE', #927, #5149, #377, .T. ) ;
#3946 = CARTESIAN_POINT ( 'NONE',  ( 2.650000000000000400, 0.5712356080546922000, 2.055489986750404600 ) ) ;
#3947 = VECTOR ( 'NONE', #3678, 1000.000000000000000 ) ;
#3948 = PLANE ( 'NONE',  #71 ) ;
#3949 = CARTESIAN_POINT ( 'NONE',  ( 2.549999999999999800, -7.114569690193853100E-015, -1.949999999999999300 ) ) ;
#3950 = CIRCLE ( 'NONE', #515, 0.2000000000000001800 ) ;
#3951 = EDGE_LOOP ( 'NONE', ( #1133, #2963, #3512, #4412 ) ) ;
#3952 = DIRECTION ( 'NONE',  ( -1.000000000000000000, 0.0000000000000000000, 2.990902544787597600E-016 ) ) ;
#3953 = PLANE ( 'NONE',  #1841 ) ;
#3954 = CARTESIAN_POINT ( 'NONE',  ( 2.550000000000002500, 0.6000000000000004200, 0.8999999999999990200 ) ) ;
#3955 = CIRCLE ( 'NONE', #2143, 0.8396585409429242500 ) ;
#3956 = DIRECTION ( 'NONE',  ( 0.0000000000000000000, 0.0000000000000000000, 1.000000000000000000 ) ) ;
#3957 = CARTESIAN_POINT ( 'NONE',  ( 1.425983906906292700, 0.7841220649284690300, 1.794041878298966000 ) ) ;
#3958 = ORIENTED_EDGE ( 'NONE', *, *, #834, .F. ) ;
#3959 = LINE ( 'NONE', #4071, #2605 ) ;
#3960 = LINE ( 'NONE', #2708, #3821 ) ;
#3961 = CARTESIAN_POINT ( 'NONE',  ( -1.566839612366199400, 0.7689058563756616700, 1.861754120745606300 ) ) ;
#3962 = CARTESIAN_POINT ( 'NONE',  ( 1.964294742901957900, 0.7047197551196603400, 1.949999999999998600 ) ) ;
#3963 = AXIS2_PLACEMENT_3D ( 'NONE', #3407, #5274, #680 ) ;
#3964 = AXIS2_PLACEMENT_3D ( 'NONE', #33, #2724, #3580 ) ;
#3965 = VERTEX_POINT ( 'NONE', #2621 ) ;
#3966 = ORIENTED_EDGE ( 'NONE', *, *, #3755, .F. ) ;
#3967 = ADVANCED_FACE ( 'NONE', ( #5053 ), #5761, .F. ) ;
#3968 = DIRECTION ( 'NONE',  ( 0.0000000000000000000, 0.0000000000000000000, 1.000000000000000000 ) ) ;
#3969 = CIRCLE ( 'NONE', #2779, 1.598311161796839700 ) ;
#3970 = DIRECTION ( 'NONE',  ( 1.827307032278939000E-016, 0.0000000000000000000, 1.000000000000000000 ) ) ;
#3971 = CARTESIAN_POINT ( 'NONE',  ( 1.925000000000000700, 0.0000000000000000000, -1.849999999999999600 ) ) ;
#3972 = CARTESIAN_POINT ( 'NONE',  ( 2.550000000000000700, 0.1000000000000002600, -1.000000000000001100 ) ) ;
#3973 = ORIENTED_EDGE ( 'NONE', *, *, #4792, .F. ) ;
#3974 = DIRECTION ( 'NONE',  ( 0.0000000000000000000, -1.000000000000000000, 0.0000000000000000000 ) ) ;
#3975 = ORIENTED_EDGE ( 'NONE', *, *, #4585, .F. ) ;
#3976 = AXIS2_PLACEMENT_3D ( 'NONE', #5045, #5070, #5101 ) ;
#3977 = VECTOR ( 'NONE', #2802, 1000.000000000000000 ) ;
#3978 = EDGE_CURVE ( 'NONE', #2666, #5963, #5395, .T. ) ;
#3979 = DIRECTION ( 'NONE',  ( -0.0000000000000000000, 1.000000000000000000, -0.0000000000000000000 ) ) ;
#3980 = ORIENTED_EDGE ( 'NONE', *, *, #333, .T. ) ;
#3981 = VERTEX_POINT ( 'NONE', #2546 ) ;
#3982 = CARTESIAN_POINT ( 'NONE',  ( 0.9059306859315690000, 0.09999999999999997800, -1.883275469097127400 ) ) ;
#3983 = CARTESIAN_POINT ( 'NONE',  ( 1.241990378884432600, 0.8967755951296955100, 2.131874629936777700 ) ) ;
#3984 = PLANE ( 'NONE',  #796 ) ;
#3985 = EDGE_LOOP ( 'NONE', ( #3381, #1928, #5062, #539 ) ) ;
#3986 = CARTESIAN_POINT ( 'NONE',  ( 1.774562647529315000, 0.8382089343549358200, 2.234709805051309200 ) ) ;
#3987 = CARTESIAN_POINT ( 'NONE',  ( 2.650000000000000400, 0.5718591561268764300, 2.245965239960272100 ) ) ;
#3988 = ORIENTED_EDGE ( 'NONE', *, *, #214, .F. ) ;
#3989 = DIRECTION ( 'NONE',  ( 0.5693756040746119600, 0.7282268375108914600, -0.3814408140374555600 ) ) ;
#3990 = EDGE_CURVE ( 'NONE', #4346, #2682, #4243, .T. ) ;
#3991 = ORIENTED_EDGE ( 'NONE', *, *, #4049, .F. ) ;
#3992 = CARTESIAN_POINT ( 'NONE',  ( -2.649999999999999500, 0.1000000000000000100, -1.849999999999999900 ) ) ;
#3993 = CARTESIAN_POINT ( 'NONE',  ( 1.925000000000000500, 0.6000000000000004200, 1.949999999999998200 ) ) ;
#3994 = DIRECTION ( 'NONE',  ( -1.000000000000000000, -0.0000000000000000000, 2.168404344971003300E-015 ) ) ;
#3995 = CARTESIAN_POINT ( 'NONE',  ( 0.8386609206840866000, 2.200000000000000200, 0.7103414590570751300 ) ) ;
#3996 = EDGE_LOOP ( 'NONE', ( #3543, #1402, #1850, #2188 ) ) ;
#3997 = CARTESIAN_POINT ( 'NONE',  ( -0.5722612009522857200, 2.200000000000000200, 0.0000000000000000000 ) ) ;
#3998 = ADVANCED_FACE ( 'NONE', ( #4390 ), #3007, .F. ) ;
#3999 = DIRECTION ( 'NONE',  ( -2.168404344970998600E-015, 0.0000000000000000000, 1.000000000000000000 ) ) ;
#4000 = CARTESIAN_POINT ( 'NONE',  ( -2.650000000000000800, 0.6038696424203147100, 2.049331127847337600 ) ) ;
#4001 = CARTESIAN_POINT ( 'NONE',  ( 1.019626432817432900, 1.297285309603991800, 1.328706931612907600 ) ) ;
#4002 = MANIFOLD_SOLID_BREP ( 'Mirror1[2]', #5515 ) ;
#4003 = EDGE_CURVE ( 'NONE', #4570, #4401, #5798, .T. ) ;
#4004 = CARTESIAN_POINT ( 'NONE',  ( 1.495249680392694500, 0.9029464458756758500, 2.246383384934158600 ) ) ;
#4005 = CARTESIAN_POINT ( 'NONE',  ( -1.316493186676005700, 1.513460607632466100, 1.503147923560944600 ) ) ;
#4006 = CARTESIAN_POINT ( 'NONE',  ( -1.869314090492249600E-018, 0.0000000000000000000, -1.849999999999999200 ) ) ;
#4007 = EDGE_CURVE ( 'NONE', #4639, #3409, #1327, .T. ) ;
#4008 = AXIS2_PLACEMENT_3D ( 'NONE', #3876, #5272, #3938 ) ;
#4009 = CARTESIAN_POINT ( 'NONE',  ( 0.8386609206840861500, 2.200000000000000600, 1.549999999999999400 ) ) ;
#4010 = DIRECTION ( 'NONE',  ( 0.0000000000000000000, 1.000000000000000000, 0.0000000000000000000 ) ) ;
#4011 = CARTESIAN_POINT ( 'NONE',  ( -2.650000000000000400, 0.6642891388482195000, 2.077980932459958300 ) ) ;
#4012 = FACE_OUTER_BOUND ( 'NONE', #2815, .T. ) ;
#4013 = CARTESIAN_POINT ( 'NONE',  ( 2.549999999999999800, 0.9000000000000014700, -1.350000000000001000 ) ) ;
#4014 = DIRECTION ( 'NONE',  ( -0.0000000000000000000, 1.000000000000000000, -0.0000000000000000000 ) ) ;
#4015 = CARTESIAN_POINT ( 'NONE',  ( 2.175246257163844000, 2.200000000000000600, 4.274279060137024200 ) ) ;
#4016 = DIRECTION ( 'NONE',  ( 0.0000000000000000000, -1.000000000000000000, 6.123233995736766000E-017 ) ) ;
#4017 = CIRCLE ( 'NONE', #2742, 0.2791601061504556700 ) ;
#4018 = CARTESIAN_POINT ( 'NONE',  ( -1.964294742901958400, 0.8000000000000003800, 2.045280244880339100 ) ) ;
#4019 = CARTESIAN_POINT ( 'NONE',  ( 1.215473684401278600, 0.8081423120439356100, 2.033749150732980600 ) ) ;
#4020 = CARTESIAN_POINT ( 'NONE',  ( 0.0000000000000000000, 0.0000000000000000000, 1.849999999999999900 ) ) ;
#4021 = VECTOR ( 'NONE', #1298, 1000.000000000000000 ) ;
#4022 = CARTESIAN_POINT ( 'NONE',  ( 1.893875597806100600, 0.7081701443946163400, 2.348193699735151400 ) ) ;
#4023 = EDGE_CURVE ( 'NONE', #2539, #2954, #4204, .T. ) ;
#4024 = CARTESIAN_POINT ( 'NONE',  ( 2.650000000000000400, 0.5253400048651480900, 2.212731816864752100 ) ) ;
#4025 = ORIENTED_EDGE ( 'NONE', *, *, #4566, .T. ) ;
#4026 = ADVANCED_FACE ( 'NONE', ( #5617 ), #1033, .F. ) ;
#4027 = SURFACE_STYLE_FILL_AREA ( #2364 ) ;
#4028 = CARTESIAN_POINT ( 'NONE',  ( -1.457675612443633000, 1.146606955438629600, 1.583843529532804600 ) ) ;
#4029 =( NAMED_UNIT ( * ) SI_UNIT ( $, .STERADIAN. ) SOLID_ANGLE_UNIT ( ) );
#4030 = ORIENTED_EDGE ( 'NONE', *, *, #4833, .F. ) ;
#4031 = CARTESIAN_POINT ( 'NONE',  ( -2.650000000000000400, 0.6003287307884507300, 2.250715777235438300 ) ) ;
#4032 = DIRECTION ( 'NONE',  ( 2.344220913482172100E-016, 0.0000000000000000000, 1.000000000000000000 ) ) ;
#4033 = FACE_OUTER_BOUND ( 'NONE', #5519, .T. ) ;
#4034 = CARTESIAN_POINT ( 'NONE',  ( -2.649999999999999500, -1.164653477118326500E-014, -0.9000000000000010200 ) ) ;
#4035 = VERTEX_POINT ( 'NONE', #3088 ) ;
#4036 = ORIENTED_EDGE ( 'NONE', *, *, #3326, .T. ) ;
#4037 = DIRECTION ( 'NONE',  ( -0.3511484866841278500, 0.0000000000000000000, -0.9363197852760814000 ) ) ;
#4038 = CARTESIAN_POINT ( 'NONE',  ( -1.906917550087692700, 5.043082449912311000, 1.700623417824523600 ) ) ;
#4039 = EDGE_CURVE ( 'NONE', #1210, #3913, #5768, .T. ) ;
#4040 = VECTOR ( 'NONE', #5199, 1000.000000000000000 ) ;
#4041 = CARTESIAN_POINT ( 'NONE',  ( -2.204606218391525400, 0.3981971687492260000, 2.255661645889050600 ) ) ;
#4042 = VECTOR ( 'NONE', #4958, 1000.000000000000200 ) ;
#4043 = CARTESIAN_POINT ( 'NONE',  ( 2.549696006926525100, 0.6380767893437870900, 1.954486302015123100 ) ) ;
#4044 = CARTESIAN_POINT ( 'NONE',  ( 0.8386609206840866000, 2.200000000000000600, 0.7103414590570751300 ) ) ;
#4045 = VERTEX_POINT ( 'NONE', #4063 ) ;
#4046 = ORIENTED_EDGE ( 'NONE', *, *, #4833, .T. ) ;
#4047 = VECTOR ( 'NONE', #3792, 1000.000000000000000 ) ;
#4048 = CARTESIAN_POINT ( 'NONE',  ( 1.911269300056061000, 0.8026159533692850400, 2.253350507640674100 ) ) ;
#4049 = EDGE_CURVE ( 'NONE', #2891, #5397, #2597, .T. ) ;
#4050 = CARTESIAN_POINT ( 'NONE',  ( -1.523752989779011000, 0.8231839144109466300, 1.832818554932567300 ) ) ;
#4051 = AXIS2_PLACEMENT_3D ( 'NONE', #4086, #410, #5969 ) ;
#4052 = ORIENTED_EDGE ( 'NONE', *, *, #4984, .F. ) ;
#4053 = EDGE_LOOP ( 'NONE', ( #5478, #2681, #3528, #3169, #5413, #3684, #1780, #4868, #2689, #2208, #5355, #1104, #2246 ) ) ;
#4054 = CARTESIAN_POINT ( 'NONE',  ( -1.471019814190938300, 0.9336108124458970500, 2.230108248233697600 ) ) ;
#4055 = DIRECTION ( 'NONE',  ( 0.0000000000000000000, 1.000000000000000000, 0.0000000000000000000 ) ) ;
#4056 = CARTESIAN_POINT ( 'NONE',  ( 1.964294742901958400, 0.4952802448803403400, 1.949999999999999100 ) ) ;
#4057 = PLANE ( 'NONE',  #173 ) ;
#4058 = CARTESIAN_POINT ( 'NONE',  ( 2.649999999999999000, 0.5231865395128055800, 2.086003103801450800 ) ) ;
#4059 = CARTESIAN_POINT ( 'NONE',  ( -2.650000000000000400, 0.5224902223352849700, 2.090134367957642100 ) ) ;
#4060 = VERTEX_POINT ( 'NONE', #4957 ) ;
#4061 = VECTOR ( 'NONE', #614, 1000.000000000000000 ) ;
#4062 = PRESENTATION_LAYER_ASSIGNMENT (  '', '', ( #2040 ) ) ;
#4063 = CARTESIAN_POINT ( 'NONE',  ( 1.925000000000001400, 0.6000000000000005300, 2.349999999999998800 ) ) ;
#4064 = DIRECTION ( 'NONE',  ( 0.0000000000000000000, 1.000000000000000000, 0.0000000000000000000 ) ) ;
#4065 = CARTESIAN_POINT ( 'NONE',  ( -1.964294742901958400, 0.4000000000000000200, 2.045280244880339100 ) ) ;
#4066 = ORIENTED_EDGE ( 'NONE', *, *, #2909, .T. ) ;
#4067 = DIRECTION ( 'NONE',  ( 0.0000000000000000000, 1.084202172485504000E-015, 1.000000000000000000 ) ) ;
#4068 = EDGE_CURVE ( 'NONE', #5363, #1985, #4761, .T. ) ;
#4069 = CARTESIAN_POINT ( 'NONE',  ( -1.238850292672835800, 0.9000000000000001300, -1.777426299400804500 ) ) ;
#4070 = CARTESIAN_POINT ( 'NONE',  ( 1.790720107010456800, 0.4192456189356999500, 2.035198534649146100 ) ) ;
#4071 = CARTESIAN_POINT ( 'NONE',  ( -1.200000000000000600, 0.0000000000000000000, -1.950000000000000000 ) ) ;
#4072 = CARTESIAN_POINT ( 'NONE',  ( -1.022020518581522300, 1.368971956446978400, 1.525660650063394000 ) ) ;
#4073 = ORIENTED_EDGE ( 'NONE', *, *, #2698, .T. ) ;
#4074 = CARTESIAN_POINT ( 'NONE',  ( -2.549999999999999800, 0.1000000000000000100, -1.849999999999999200 ) ) ;
#4075 = CARTESIAN_POINT ( 'NONE',  ( 0.8386609206840864900, 2.200000000000000200, -0.7103414590570742400 ) ) ;
#4076 = DIRECTION ( 'NONE',  ( 0.0000000000000000000, 0.0000000000000000000, 1.000000000000000000 ) ) ;
#4077 = CARTESIAN_POINT ( 'NONE',  ( 1.460480687756085600, 1.291330227871133400, 1.604076064518990700 ) ) ;
#4078 =( BOUNDED_SURFACE ( )  B_SPLINE_SURFACE ( 3, 2, ( 
 ( #5955, #3634, #1759 ),
 ( #5003, #858, #2241 ),
 ( #903, #5931, #3145 ),
 ( #416, #2283, #5463 ),
 ( #2212, #1837, #5496 ),
 ( #2729, #874, #1819 ),
 ( #846, #5409, #376 ),
 ( #4515, #1786, #5673 ),
 ( #4855, #2557, #3000 ),
 ( #1957, #2408, #4270 ),
 ( #4811, #3408, #693 ),
 ( #169, #3886, #4733 ),
 ( #3870, #5695, #2432 ),
 ( #1128, #2880, #4509 ) ),
 .UNSPECIFIED., .F., .F., .F. ) 
 B_SPLINE_SURFACE_WITH_KNOTS ( ( 4, 2, 2, 2, 2, 2, 4 ),
 ( 3, 3 ),
 ( 0.0000000000000000000, 3.849716125049843500E-005, 7.699432250099687000E-005, 0.0001539886450019937400, 0.0001924858062524921800, 0.0002309829675029906100, 0.0003079772900039874800 ),
 ( 0.0000000000000000000, 1.000000000000000000 ),
 .UNSPECIFIED. ) 
 GEOMETRIC_REPRESENTATION_ITEM ( )  RATIONAL_B_SPLINE_SURFACE ( (
 ( 1.000000000000000000, 0.7081586426591012200, 1.000000000000000000),
 ( 1.000000000000000000, 0.7079675008605524900, 1.000000000000000000),
 ( 1.000000000000000000, 0.7076755215382678500, 1.000000000000000000),
 ( 1.000000000000000000, 0.7072121483521590600, 1.000000000000000000),
 ( 1.000000000000000000, 0.7070160230196711500, 1.000000000000000000),
 ( 1.000000000000000000, 0.7064799031386898000, 1.000000000000000000),
 ( 1.000000000000000000, 0.7061586241524665500, 1.000000000000000000),
 ( 1.000000000000000000, 0.7056537917765307600, 1.000000000000000000),
 ( 1.000000000000000000, 0.7055078422430752800, 1.000000000000000000),
 ( 1.000000000000000000, 0.7054031151111960200, 1.000000000000000000),
 ( 1.000000000000000000, 0.7054097770441986000, 1.000000000000000000),
 ( 1.000000000000000000, 0.7055030678444957900, 1.000000000000000000),
 ( 1.000000000000000000, 0.7056537207614420600, 1.000000000000000000),
 ( 1.000000000000000000, 0.7060311853116937300, 1.000000000000000000) ) ) 
 REPRESENTATION_ITEM ( '' )  SURFACE ( )  );
#4079 = CARTESIAN_POINT ( 'NONE',  ( -2.550405882636911600, 0.5066891435089153600, 2.334075929109929800 ) ) ;
#4080 = CARTESIAN_POINT ( 'NONE',  ( 2.649999999999999500, 0.5829173176695020600, 2.248383508018046300 ) ) ;
#4081 = FACE_OUTER_BOUND ( 'NONE', #4765, .T. ) ;
#4082 = EDGE_CURVE ( 'NONE', #4639, #5657, #3297, .T. ) ;
#4083 = CARTESIAN_POINT ( 'NONE',  ( -1.925000000000000500, 0.6000000000000000900, -1.950000000000000000 ) ) ;
#4084 = VECTOR ( 'NONE', #3200, 1000.000000000000000 ) ;
#4085 = CARTESIAN_POINT ( 'NONE',  ( -1.543684579276303000, 1.107252726841884600, 1.846739350159342500 ) ) ;
#4086 = CARTESIAN_POINT ( 'NONE',  ( 0.5722612009522862800, 3.500000000000000000, 5.421010862427522200E-017 ) ) ;
#4087 = CARTESIAN_POINT ( 'NONE',  ( 2.649999999999999500, 0.5616170841809022800, 2.345784382190620600 ) ) ;
#4088 = CARTESIAN_POINT ( 'NONE',  ( 1.547336403710214000, 0.7934783820616612100, 1.848657193403494300 ) ) ;
#4089 = VECTOR ( 'NONE', #5313, 1000.000000000000000 ) ;
#4090 = CARTESIAN_POINT ( 'NONE',  ( 1.457675612443633000, 1.146606955438629600, 1.583843529532804600 ) ) ;
#4091 = CARTESIAN_POINT ( 'NONE',  ( -2.650000000000066500, 0.5068981166072420400, 2.333701770272260700 ) ) ;
#4092 = CARTESIAN_POINT ( 'NONE',  ( 1.207645527113149000, 0.3000000000000004900, 1.841658295496671100 ) ) ;
#4093 = DIRECTION ( 'NONE',  ( 0.0000000000000000000, 1.000000000000000000, -1.084202172485504000E-015 ) ) ;
#4094 = VERTEX_POINT ( 'NONE', #3551 ) ;
#4095 = CARTESIAN_POINT ( 'NONE',  ( -2.175246257163843100, 2.200000000000000600, -4.274279060137022400 ) ) ;
#4096 = FACE_OUTER_BOUND ( 'NONE', #2047, .T. ) ;
#4097 = VECTOR ( 'NONE', #5845, 1000.000000000000000 ) ;
#4098 = CARTESIAN_POINT ( 'NONE',  ( 1.494586396350189300, 0.6944883353273108000, 1.845901327346421500 ) ) ;
#4099 = EDGE_CURVE ( 'NONE', #1178, #4179, #4245, .T. ) ;
#4100 = CARTESIAN_POINT ( 'NONE',  ( -1.369737594342602900, 1.109998787272264100, 1.514664959070758800 ) ) ;
#4101 = ORIENTED_EDGE ( 'NONE', *, *, #1295, .F. ) ;
#4102 = DIRECTION ( 'NONE',  ( 0.0000000000000000000, -1.000000000000000000, 0.0000000000000000000 ) ) ;
#4103 = VERTEX_POINT ( 'NONE', #4216 ) ;
#4104 = CARTESIAN_POINT ( 'NONE',  ( -1.509371088003944200, 1.170055779463857100, 1.778063598925239600 ) ) ;
#4105 = CIRCLE ( 'NONE', #3651, 0.1999999999999996500 ) ;
#4106 = VECTOR ( 'NONE', #2665, 1000.000000000000000 ) ;
#4107 =( NAMED_UNIT ( * ) PLANE_ANGLE_UNIT ( ) SI_UNIT ( $, .RADIAN. ) );
#4108 = CARTESIAN_POINT ( 'NONE',  ( 1.964294742901957900, 0.7047197551196602300, 2.349999999999999200 ) ) ;
#4109 = DIRECTION ( 'NONE',  ( 1.000000000000000000, -4.336808689942016900E-015, -1.012231246541414200E-030 ) ) ;
#4110 = ORIENTED_EDGE ( 'NONE', *, *, #2172, .T. ) ;
#4111 = ORIENTED_EDGE ( 'NONE', *, *, #864, .T. ) ;
#4112 = CARTESIAN_POINT ( 'NONE',  ( 1.817949410868546800, 0.6209064701127271500, 1.939045903244058600 ) ) ;
#4113 = VECTOR ( 'NONE', #5534, 1000.000000000000000 ) ;
#4114 = VERTEX_POINT ( 'NONE', #1532 ) ;
#4115 = CARTESIAN_POINT ( 'NONE',  ( 1.542611951756664300, 1.022954125904665900, 2.137582081056658400 ) ) ;
#4116 = ORIENTED_EDGE ( 'NONE', *, *, #3080, .F. ) ;
#4117 = EDGE_CURVE ( 'NONE', #5958, #4198, #3153, .T. ) ;
#4118 = EDGE_LOOP ( 'NONE', ( #310, #4495, #613, #2056, #3437, #615, #3175 ) ) ;
#4119 = CARTESIAN_POINT ( 'NONE',  ( 0.3551323502380124800, 0.1000000000000000300, 2.254179165353335200 ) ) ;
#4120 = CARTESIAN_POINT ( 'NONE',  ( 0.03481971795286784700, 0.3000000000000004900, 2.499974152542719300 ) ) ;
#4121 = CARTESIAN_POINT ( 'NONE',  ( 2.549751091521460300, 0.6126159980878270700, 1.950595614774699200 ) ) ;
#4122 = LINE ( 'NONE', #2158, #1783 ) ;
#4123 = DIRECTION ( 'NONE',  ( 1.000000000000000000, 0.0000000000000000000, 0.0000000000000000000 ) ) ;
#4124 = VERTEX_POINT ( 'NONE', #1998 ) ;
#4125 = ORIENTED_EDGE ( 'NONE', *, *, #6, .T. ) ;
#4126 = ORIENTED_EDGE ( 'NONE', *, *, #1455, .F. ) ;
#4127 = EDGE_CURVE ( 'NONE', #2562, #5968, #4467, .T. ) ;
#4128 = DIRECTION ( 'NONE',  ( -0.0000000000000000000, -1.000000000000000000, -0.0000000000000000000 ) ) ;
#4129 = AXIS2_PLACEMENT_3D ( 'NONE', #1203, #3979, #5349 ) ;
#4130 = ORIENTED_EDGE ( 'NONE', *, *, #3612, .F. ) ;
#4131 = PLANE ( 'NONE',  #3976 ) ;
#4132 = CARTESIAN_POINT ( 'NONE',  ( -1.290286956108397600, 1.046173968342892800, 1.490557895354320600 ) ) ;
#4133 = ORIENTED_EDGE ( 'NONE', *, *, #5880, .T. ) ;
#4134 = CARTESIAN_POINT ( 'NONE',  ( -1.369737594342602900, 1.109998787272264100, 1.514664959070758800 ) ) ;
#4135 = DIRECTION ( 'NONE',  ( 0.0000000000000000000, -0.0000000000000000000, 1.000000000000000000 ) ) ;
#4136 = CARTESIAN_POINT ( 'NONE',  ( 0.06670240940165049500, 0.3000000000000004900, -2.498698311694335800 ) ) ;
#4137 = DIRECTION ( 'NONE',  ( 0.9072762929542512700, 0.0000000000000000000, -0.4205350499580168800 ) ) ;
#4138 = CARTESIAN_POINT ( 'NONE',  ( 1.792927004375793700, 0.8400616080810119300, 2.024309380075333600 ) ) ;
#4139 = PRODUCT_DEFINITION_FORMATION_WITH_SPECIFIED_SOURCE ( 'ANY', '', #3282, .NOT_KNOWN. ) ;
#4140 = ORIENTED_EDGE ( 'NONE', *, *, #3123, .F. ) ;
#4141 = CARTESIAN_POINT ( 'NONE',  ( 1.446101183711558900, 0.9410147817117210400, 1.737483079866199500 ) ) ;
#4142 = CARTESIAN_POINT ( 'NONE',  ( -0.6709642937530870800, 0.1000000000000000100, 2.083716451587834100 ) ) ;
#4143 = CARTESIAN_POINT ( 'NONE',  ( 0.1351449171322046900, 0.3000000000000004900, 2.493256778082891100 ) ) ;
#4144 = DIRECTION ( 'NONE',  ( 1.000000000000000000, 3.491481338843133400E-015, 2.344220913482171700E-016 ) ) ;
#4145 = EDGE_CURVE ( 'NONE', #4124, #4231, #2036, .T. ) ;
#4146 = CARTESIAN_POINT ( 'NONE',  ( 2.550392557956220300, 0.5134478970211312500, 2.335554016288896600 ) ) ;
#4147 = DIRECTION ( 'NONE',  ( -2.168404344971012800E-015, 0.0000000000000000000, 1.000000000000000000 ) ) ;
#4148 = CARTESIAN_POINT ( 'NONE',  ( -2.650000000000002100, 0.5999999999999999800, 0.8999999999999990200 ) ) ;
#4149 = ORIENTED_EDGE ( 'NONE', *, *, #95, .T. ) ;
#4150 = CARTESIAN_POINT ( 'NONE',  ( 1.649374746523714500, 4.681835189267321300, 2.218164810732678100 ) ) ;
#4151 = CARTESIAN_POINT ( 'NONE',  ( -1.446101183711558900, 0.9410147817117210400, 1.737483079866199500 ) ) ;
#4152 = CARTESIAN_POINT ( 'NONE',  ( -1.524352020642664000, 1.007473919434200800, 1.758138779458742600 ) ) ;
#4153 = CARTESIAN_POINT ( 'NONE',  ( -1.964294742901957900, 0.8000000000000006000, 2.254719755119658900 ) ) ;
#4154 = CARTESIAN_POINT ( 'NONE',  ( -1.882000055513765900, 0.8093155072016489100, 2.040399876104368000 ) ) ;
#4155 = CARTESIAN_POINT ( 'NONE',  ( 1.906425996537373800, 0.6028488112221462900, 1.948508730989112000 ) ) ;
#4156 = EDGE_CURVE ( 'NONE', #1339, #5657, #3513, .T. ) ;
#4157 = CARTESIAN_POINT ( 'NONE',  ( 1.441926414227402200, 1.218172081829718800, 1.449537920565507900 ) ) ;
#4158 = FACE_OUTER_BOUND ( 'NONE', #1044, .T. ) ;
#4159 = CARTESIAN_POINT ( 'NONE',  ( -0.8742144208727172800, 0.09999999999999997800, 1.914738887952290900 ) ) ;
#4160 = CARTESIAN_POINT ( 'NONE',  ( -0.6077055882226875000, 0.3000000000000004900, 2.350912854654684500 ) ) ;
#4161 = CARTESIAN_POINT ( 'NONE',  ( 2.649999999999118800, 0.7738722841018075300, 2.053127637589518000 ) ) ;
#4162 = AXIS2_PLACEMENT_3D ( 'NONE', #4148, #4653, #5099 ) ;
#4163 = VECTOR ( 'NONE', #4477, 1000.000000000000000 ) ;
#4164 = CARTESIAN_POINT ( 'NONE',  ( 2.650000000000000400, 0.6089478294607665300, 2.249633120149745900 ) ) ;
#4165 = SURFACE_SIDE_STYLE ('',( #3501 ) ) ;
#4166 = SURFACE_SIDE_STYLE ('',( #3726 ) ) ;
#4167 = VERTEX_POINT ( 'NONE', #1935 ) ;
#4168 = AXIS2_PLACEMENT_3D ( 'NONE', #1171, #2018, #1132 ) ;
#4169 = CARTESIAN_POINT ( 'NONE',  ( -1.566839612366199400, 0.7689058563756616700, 1.861754120745606300 ) ) ;
#4170 = CARTESIAN_POINT ( 'NONE',  ( -1.964294742901958400, 0.8000000000000006000, 2.045280244880339100 ) ) ;
#4171 = CARTESIAN_POINT ( 'NONE',  ( -0.1351449171322043900, 0.3000000000000004900, -2.493256778082891600 ) ) ;
#4172 = CARTESIAN_POINT ( 'NONE',  ( 1.718829468977767200, 0.4344657391651504700, 2.236663170196654200 ) ) ;
#4173 = LINE ( 'NONE', #3781, #1109 ) ;
#4174 = ORIENTED_EDGE ( 'NONE', *, *, #149, .T. ) ;
#4175 = CARTESIAN_POINT ( 'NONE',  ( 1.035228769152123100, 1.139155403440661700, 1.671626844385644100 ) ) ;
#4176 = CIRCLE ( 'NONE', #1650, 0.2791601061504556100 ) ;
#4177 = VECTOR ( 'NONE', #3604, 1000.000000000000000 ) ;
#4178 = CARTESIAN_POINT ( 'NONE',  ( 2.549696006926526900, 0.6380767893437884200, 1.954486302015123500 ) ) ;
#4179 = VERTEX_POINT ( 'NONE', #1008 ) ;
#4180 = ORIENTED_EDGE ( 'NONE', *, *, #4220, .T. ) ;
#4181 = FACE_OUTER_BOUND ( 'NONE', #2900, .T. ) ;
#4182 = CARTESIAN_POINT ( 'NONE',  ( 1.925000000000000700, 0.0000000000000000000, -1.849999999999999600 ) ) ;
#4183 = CARTESIAN_POINT ( 'NONE',  ( 2.650000000000000400, 0.6952612558843809200, 2.122595516055626700 ) ) ;
#4184 = CARTESIAN_POINT ( 'NONE',  ( -1.154240927403579400, 1.140341591335515700, 1.295352537709438100 ) ) ;
#4185 = VERTEX_POINT ( 'NONE', #1085 ) ;
#4186 = ORIENTED_EDGE ( 'NONE', *, *, #45, .T. ) ;
#4187 = CARTESIAN_POINT ( 'NONE',  ( -1.012482051582027600, 1.274420238430021600, 1.400911508484533600 ) ) ;
#4188 = CIRCLE ( 'NONE', #3013, 0.2000000000000001800 ) ;
#4189 = CARTESIAN_POINT ( 'NONE',  ( -1.623596139805918400, 0.8628118432296338900, 1.867192320201121800 ) ) ;
#4190 = CARTESIAN_POINT ( 'NONE',  ( -1.906425996537373800, 0.6028488112221462900, 1.948508730989112000 ) ) ;
#4191 = CARTESIAN_POINT ( 'NONE',  ( -1.254179606750064100, 0.6000000000000005300, 2.449999999999998800 ) ) ;
#4192 = CARTESIAN_POINT ( 'NONE',  ( 1.688367502434858800, 0.7671839774336254300, 2.317295604473685000 ) ) ;
#4193 = ORIENTED_EDGE ( 'NONE', *, *, #2607, .F. ) ;
#4194 = ORIENTED_EDGE ( 'NONE', *, *, #1455, .T. ) ;
#4195 = CARTESIAN_POINT ( 'NONE',  ( -2.550000000000000700, 0.6000000000000002000, 1.849999999999999200 ) ) ;
#4196 = CIRCLE ( 'NONE', #2365, 0.2791601061504556100 ) ;
#4197 = CARTESIAN_POINT ( 'NONE',  ( 1.177909463667248900, 0.9935777090415971500, 2.053927978330177200 ) ) ;
#4198 = VERTEX_POINT ( 'NONE', #583 ) ;
#4199 = EDGE_CURVE ( 'NONE', #407, #3554, #2313, .T. ) ;
#4200 = CARTESIAN_POINT ( 'NONE',  ( -2.550285308044206300, 0.5678567769124829300, 2.347452817941088300 ) ) ;
#4201 = ORIENTED_EDGE ( 'NONE', *, *, #2079, .T. ) ;
#4202 = DIRECTION ( 'NONE',  ( 1.000000000000000000, 0.0000000000000000000, 0.0000000000000000000 ) ) ;
#4203 = DIRECTION ( 'NONE',  ( 6.982962677686266700E-015, 1.000000000000000000, 4.602975439493631500E-016 ) ) ;
#4204 = CIRCLE ( 'NONE', #4567, 0.1000000000000000500 ) ;
#4205 = CARTESIAN_POINT ( 'NONE',  ( -1.799932697871851300, 0.6182436234240691300, 2.340443075399214000 ) ) ;
#4206 = ORIENTED_EDGE ( 'NONE', *, *, #2818, .F. ) ;
#4207 = AXIS2_PLACEMENT_3D ( 'NONE', #4759, #2865, #635 ) ;
#4208 = CARTESIAN_POINT ( 'NONE',  ( -1.130782434992203500, 0.9398072341992140800, 1.921285628062492600 ) ) ;
#4209 = CARTESIAN_POINT ( 'NONE',  ( -2.549999999999999800, -1.149254302834634200E-014, 2.344220913481904100E-017 ) ) ;
#4210 = CARTESIAN_POINT ( 'NONE',  ( -1.362331900726095200, 1.155191326587447400, 1.423746122897575800 ) ) ;
#4211 = CARTESIAN_POINT ( 'NONE',  ( -1.871647286543802300, 0.7151614451669751100, 1.944529759471779900 ) ) ;
#4212 = CARTESIAN_POINT ( 'NONE',  ( 1.547336403710213500, 0.7934783820616609900, 1.848657193403494300 ) ) ;
#4213 = CARTESIAN_POINT ( 'NONE',  ( 0.4657543118144244500, 0.09999999999999996400, -2.197193086841947400 ) ) ;
#4214 = CARTESIAN_POINT ( 'NONE',  ( 1.492587938102023100, 0.5327342795169908200, 2.185178184048285100 ) ) ;
#4215 = ADVANCED_FACE ( 'NONE', ( #20 ), #4235, .F. ) ;
#4216 = CARTESIAN_POINT ( 'NONE',  ( -2.550000000000002500, 0.6000000000000007500, -0.9000000000000009100 ) ) ;
#4217 = CARTESIAN_POINT ( 'NONE',  ( -0.02773641230377732800, 0.09999999999999990800, 2.300021178459064100 ) ) ;
#4218 =( NAMED_UNIT ( * ) PLANE_ANGLE_UNIT ( ) SI_UNIT ( $, .RADIAN. ) );
#4219 = CARTESIAN_POINT ( 'NONE',  ( 1.925000000000000500, 0.09999999999999939500, -1.950000000000000000 ) ) ;
#4220 = EDGE_CURVE ( 'NONE', #3101, #2044, #3736, .T. ) ;
#4221 = DIRECTION ( 'NONE',  ( 0.0000000000000000000, 1.000000000000000000, -0.0000000000000000000 ) ) ;
#4222 = CARTESIAN_POINT ( 'NONE',  ( -1.760188988499232800, 0.6288100157648413000, 2.334905799629013200 ) ) ;
#4223 = CARTESIAN_POINT ( 'NONE',  ( 2.650000000000000400, 0.6930499736581788900, 2.183068620644152100 ) ) ;
#4224 = CARTESIAN_POINT ( 'NONE',  ( -1.278075341626839100, 0.8461611144507761300, 2.165906092949913700 ) ) ;
#4225 = DIRECTION ( 'NONE',  ( -1.827307032278939000E-016, 0.0000000000000000000, -1.000000000000000000 ) ) ;
#4226 = LINE ( 'NONE', #509, #569 ) ;
#4227 = CARTESIAN_POINT ( 'NONE',  ( 2.550000000000000700, 0.6000000000000002000, 1.849999999999999200 ) ) ;
#4228 = CARTESIAN_POINT ( 'NONE',  ( -1.759734600111408900, 0.6410045579439729300, 1.928525523696643000 ) ) ;
#4229 = CARTESIAN_POINT ( 'NONE',  ( 2.549999999999999800, 0.1000000000000000100, -1.849999999999999900 ) ) ;
#4230 = CARTESIAN_POINT ( 'NONE',  ( 1.049617701852465100, 0.09999999999999992200, -1.718932572593972100 ) ) ;
#4231 = VERTEX_POINT ( 'NONE', #1968 ) ;
#4232 = CARTESIAN_POINT ( 'NONE',  ( 1.585177027114136800, 0.8255201824493491000, 2.286659709391796600 ) ) ;
#4233 = VECTOR ( 'NONE', #576, 1000.000000000000000 ) ;
#4234 = EDGE_CURVE ( 'NONE', #5201, #1187, #1685, .T. ) ;
#4235 = PLANE ( 'NONE',  #4880 ) ;
#4236 = COLOUR_RGB ( '',0.7921568627450980000, 0.8196078431372548800, 0.9333333333333333500 ) ;
#4237 = CARTESIAN_POINT ( 'NONE',  ( -0.9205979046417720500, 0.09999999999999990800, 1.867668276169518700 ) ) ;
#4238 = SURFACE_STYLE_USAGE ( .BOTH. , #5187 ) ;
#4239 = CARTESIAN_POINT ( 'NONE',  ( 0.0000000000000000000, 0.09999999999999965900, -1.949999999999999700 ) ) ;
#4240 = EDGE_CURVE ( 'NONE', #2306, #5863, #3633, .T. ) ;
#4241 = AXIS2_PLACEMENT_3D ( 'NONE', #5446, #5386, #5889 ) ;
#4242 = PLANE ( 'NONE',  #4493 ) ;
#4243 = LINE ( 'NONE', #2132, #731 ) ;
#4244 = CARTESIAN_POINT ( 'NONE',  ( -1.711322751605630900, 4.500000000000000000, -0.2791601061504556700 ) ) ;
#4245 = CIRCLE ( 'NONE', #3698, 0.8396585409429250200 ) ;
#4246 = ORIENTED_EDGE ( 'NONE', *, *, #2172, .F. ) ;
#4247 = VECTOR ( 'NONE', #5785, 1000.000000000000000 ) ;
#4248 = AXIS2_PLACEMENT_3D ( 'NONE', #5892, #931, #418 ) ;
#4249 = FACE_OUTER_BOUND ( 'NONE', #3256, .T. ) ;
#4250 = ORIENTED_EDGE ( 'NONE', *, *, #3695, .T. ) ;
#4251 = CARTESIAN_POINT ( 'NONE',  ( -1.350735698543351400, 0.7541026910353572100, 2.214673282618121200 ) ) ;
#4252 = CARTESIAN_POINT ( 'NONE',  ( -1.547507484727732800, 0.5178828803889213800, 1.983518384317257000 ) ) ;
#4253 = CARTESIAN_POINT ( 'NONE',  ( -0.8788654356299131500, 0.3000000000000004900, -2.175721169536908300 ) ) ;
#4254 = ORIENTED_EDGE ( 'NONE', *, *, #3285, .F. ) ;
#4255 = ORIENTED_EDGE ( 'NONE', *, *, #2515, .T. ) ;
#4256 = CARTESIAN_POINT ( 'NONE',  ( 1.670567217354546300, 0.9252311363298947300, 1.979869706683956600 ) ) ;
#4257 = FACE_OUTER_BOUND ( 'NONE', #5470, .T. ) ;
#4258 = TOROIDAL_SURFACE ( 'NONE', #3856, 3.806325207609593700, 2.966666666666668600 ) ;
#4259 = EDGE_CURVE ( 'NONE', #4103, #3101, #3365, .T. ) ;
#4260 = VERTEX_POINT ( 'NONE', #528 ) ;
#4261 = EDGE_LOOP ( 'NONE', ( #502, #2479, #2264, #3701 ) ) ;
#4262 = CARTESIAN_POINT ( 'NONE',  ( 0.3069331663262780400, 0.09999999999999992200, 2.256084832580168300 ) ) ;
#4263 = APPLICATION_PROTOCOL_DEFINITION ( 'draft international standard', 'automotive_design', 1998, #1579 ) ;
#4264 = ORIENTED_EDGE ( 'NONE', *, *, #5183, .F. ) ;
#4265 = DIRECTION ( 'NONE',  ( -1.000000000000000000, -0.0000000000000000000, -0.0000000000000000000 ) ) ;
#4266 = EDGE_LOOP ( 'NONE', ( #3607, #5868, #1715, #1803, #600 ) ) ;
#4267 = MANIFOLD_SOLID_BREP ( 'Cut-Extrude7', #4425 ) ;
#4268 = ORIENTED_EDGE ( 'NONE', *, *, #3149, .F. ) ;
#4269 = DIRECTION ( 'NONE',  ( -0.7071067811865489100, 0.0000000000000000000, 0.7071067811865462400 ) ) ;
#4270 = CARTESIAN_POINT ( 'NONE',  ( -2.650000000000000800, 0.6930227911790508600, 2.116251194506617600 ) ) ;
#4271 = FACE_OUTER_BOUND ( 'NONE', #4722, .T. ) ;
#4272 = CARTESIAN_POINT ( 'NONE',  ( -1.287798956118670700, 1.125603967111248300, 1.305437453518629300 ) ) ;
#4273 = CARTESIAN_POINT ( 'NONE',  ( -1.126766868105524500, 1.318017836606449900, 1.765063771095323000 ) ) ;
#4274 = DIRECTION ( 'NONE',  ( -2.168404344971010800E-015, 7.228014483236703500E-016, -1.000000000000000000 ) ) ;
#4275 = ORIENTED_EDGE ( 'NONE', *, *, #633, .F. ) ;
#4276 = VERTEX_POINT ( 'NONE', #1469 ) ;
#4277 = ORIENTED_EDGE ( 'NONE', *, *, #2964, .T. ) ;
#4278 = CARTESIAN_POINT ( 'NONE',  ( -1.522931390394985500, 0.8756199207431701900, 2.260547205007816400 ) ) ;
#4279 = CARTESIAN_POINT ( 'NONE',  ( -1.929059320118893300, 0.7050297474763659300, 2.349838072843058800 ) ) ;
#4280 = CARTESIAN_POINT ( 'NONE',  ( -0.7209466771223009800, 0.3000000000000004900, -2.287175300816509000 ) ) ;
#4281 = CARTESIAN_POINT ( 'NONE',  ( 0.8386609206840864900, 2.200000000000000600, -0.7103414590570742400 ) ) ;
#4282 = ADVANCED_FACE ( 'NONE', ( #233 ), #3324, .T. ) ;
#4283 = ORIENTED_EDGE ( 'NONE', *, *, #433, .T. ) ;
#4284 = CARTESIAN_POINT ( 'NONE',  ( 1.964294742901958400, 0.6000000000000005300, 2.149999999999999000 ) ) ;
#4285 = AXIS2_PLACEMENT_3D ( 'NONE', #1431, #1447, #2776 ) ;
#4286 = AXIS2_PLACEMENT_3D ( 'NONE', #4687, #1908, #3682 ) ;
#4287 = DIRECTION ( 'NONE',  ( -2.854018463078767300E-016, 0.0000000000000000000, -1.000000000000000000 ) ) ;
#4288 = DIRECTION ( 'NONE',  ( 0.7071067811865489100, 0.0000000000000000000, -0.7071067811865462400 ) ) ;
#4289 = VERTEX_POINT ( 'NONE', #3264 ) ;
#4290 = CARTESIAN_POINT ( 'NONE',  ( -1.964294742901958400, 0.4952802448803403400, 1.949999999999999100 ) ) ;
#4291 = AXIS2_PLACEMENT_3D ( 'NONE', #323, #4456, #2629 ) ;
#4292 = CARTESIAN_POINT ( 'NONE',  ( -1.425983906906292700, 0.7841220649284690300, 1.794041878298966000 ) ) ;
#4293 = CARTESIAN_POINT ( 'NONE',  ( 2.550214895048588600, 0.5995634437519197200, 2.350228051543927800 ) ) ;
#4294 = AXIS2_PLACEMENT_3D ( 'NONE', #1303, #812, #3025 ) ;
#4295 = CARTESIAN_POINT ( 'NONE',  ( 2.507946495004199000, 4.500000000000000000, 2.020623747151178800 ) ) ;
#4296 = CARTESIAN_POINT ( 'NONE',  ( -1.350735698543351400, 0.7541026910353572100, 2.214673282618121200 ) ) ;
#4297 = CARTESIAN_POINT ( 'NONE',  ( -0.8535584140310181800, 0.3000000000000004900, -2.195415676732618900 ) ) ;
#4298 = CARTESIAN_POINT ( 'NONE',  ( 2.183209589707005200, 0.7024340572999614500, 1.951194049212897900 ) ) ;
#4299 = B_SPLINE_CURVE_WITH_KNOTS ( 'NONE', 3,
 ( #2786, #2325, #65, #5616, #3250, #4680, #4146, #5585 ),
 .UNSPECIFIED., .F., .F.,
 ( 4, 2, 2, 4 ),
 ( 3.848987882470139500E-015, 0.0002909060276461758300, 0.0004363590414673399100, 0.0005818120552885040500 ),
 .UNSPECIFIED. ) ;
#4300 = CARTESIAN_POINT ( 'NONE',  ( 1.287798956118670700, 1.125603967111248300, 1.305437453518629300 ) ) ;
#4301 = EDGE_CURVE ( 'NONE', #4800, #4198, #2528, .T. ) ;
#4302 = DIRECTION ( 'NONE',  ( 0.0000000000000000000, 0.0000000000000000000, 1.000000000000000000 ) ) ;
#4303 = FACE_OUTER_BOUND ( 'NONE', #3996, .T. ) ;
#4304 = CARTESIAN_POINT ( 'NONE',  ( -2.650000000000000400, 0.7047197551196604500, 2.349999999999999200 ) ) ;
#4305 = CARTESIAN_POINT ( 'NONE',  ( -1.924999999999998900, 0.8999999999999998000, 1.849999999999999900 ) ) ;
#4306 = CARTESIAN_POINT ( 'NONE',  ( 1.326401831560837700, 1.421976833092457100, 1.699409495492726400 ) ) ;
#4307 = CARTESIAN_POINT ( 'NONE',  ( 1.817949410868546800, 0.6209064701127271500, 1.939045903244058600 ) ) ;
#4308 = VECTOR ( 'NONE', #2305, 1000.000000000000000 ) ;
#4309 = B_SPLINE_CURVE_WITH_KNOTS ( 'NONE', 3,
 ( #2330, #5523, #3288, #559, #3735, #1941, #50, #495, #514, #3696, #3764, #4183, #5542, #1032, #3212, #66, #5139, #4223, #5114, #5604, #1505, #1956, #2309, #3272, #2760, #1883, #480, #4164, #3673, #1924, #541 ),
 .UNSPECIFIED., .F., .F.,
 ( 4, 3, 3, 3, 3, 3, 3, 3, 3, 3, 4 ),
 ( 1.690595147282293500E-005, 3.192146506540341900E-005, 7.162712510827535300E-005, 0.0001043446846721495000, 0.0001365073379815676600, 0.0001669888089889743000, 0.0001970434720340029100, 0.0002348095251011205700, 0.0002721111192743580900, 0.0002979410675203546200, 0.0003239200529929479800 ),
 .UNSPECIFIED. ) ;
#4310 = CARTESIAN_POINT ( 'NONE',  ( -1.664521693777649000, 0.8969284500386881500, 2.203884766438113400 ) ) ;
#4311 = CARTESIAN_POINT ( 'NONE',  ( -1.747938485359137500, 0.8496964779288317400, 2.228702749418865400 ) ) ;
#4312 = CARTESIAN_POINT ( 'NONE',  ( 0.05622449265818516000, 0.09999999999999997800, -2.298903262998561700 ) ) ;
#4313 = EDGE_CURVE ( 'NONE', #3778, #4483, #3443, .T. ) ;
#4314 = ORIENTED_EDGE ( 'NONE', *, *, #2496, .F. ) ;
#4315 = LINE ( 'NONE', #126, #653 ) ;
#4316 = DIRECTION ( 'NONE',  ( -0.0000000000000000000, -1.000000000000000000, -0.0000000000000000000 ) ) ;
#4317 = VERTEX_POINT ( 'NONE', #3417 ) ;
#4318 = DIRECTION ( 'NONE',  ( -0.0000000000000000000, -0.9769130135323334000, -0.2136374592415273800 ) ) ;
#4319 = CARTESIAN_POINT ( 'NONE',  ( -2.649999999999999500, 0.8999999999999998000, -1.849999999999999200 ) ) ;
#4320 = CIRCLE ( 'NONE', #2102, 2.966666666666668100 ) ;
#4321 = DIRECTION ( 'NONE',  ( 0.0000000000000000000, 3.469446951953611800E-015, 1.000000000000000000 ) ) ;
#4322 = CARTESIAN_POINT ( 'NONE',  ( 1.047457737986158300, 1.253758802465591000, 1.741661186493029800 ) ) ;
#4323 = AXIS2_PLACEMENT_3D ( 'NONE', #4434, #797, #737 ) ;
#4324 = ORIENTED_EDGE ( 'NONE', *, *, #2200, .T. ) ;
#4325 = TOROIDAL_SURFACE ( 'NONE', #3963, 4.564977828463508300, 2.966666666666668600 ) ;
#4326 = CARTESIAN_POINT ( 'NONE',  ( -2.419029092849328300, 0.5990180994884172200, 1.950512974578213000 ) ) ;
#4327 = DIRECTION ( 'NONE',  ( 1.000000000000000000, 0.0000000000000000000, 0.0000000000000000000 ) ) ;
#4328 = LINE ( 'NONE', #1734, #5405 ) ;
#4329 = DIRECTION ( 'NONE',  ( -0.0000000000000000000, -3.491481338843133400E-015, -1.000000000000000000 ) ) ;
#4330 = CARTESIAN_POINT ( 'NONE',  ( 1.401314468797899800, 1.026359773736647900, 1.639845128611228600 ) ) ;
#4331 = ORIENTED_EDGE ( 'NONE', *, *, #616, .T. ) ;
#4332 = ORIENTED_EDGE ( 'NONE', *, *, #4459, .F. ) ;
#4333 = LINE ( 'NONE', #346, #2328 ) ;
#4334 = CARTESIAN_POINT ( 'NONE',  ( -1.429678614960096800, 1.193662440970989300, 2.000184588698698600 ) ) ;
#4335 = AXIS2_PLACEMENT_3D ( 'NONE', #4381, #1222, #5305 ) ;
#4336 = CARTESIAN_POINT ( 'NONE',  ( -1.583772780796062900, 0.4848960362238711200, 2.210265556372986900 ) ) ;
#4337 = CARTESIAN_POINT ( 'NONE',  ( -1.920474080367715400, 0.4003502450735859100, 2.045097251198315200 ) ) ;
#4338 = CARTESIAN_POINT ( 'NONE',  ( 2.049999999999998500, 0.8999999999999998000, -1.849999999999999900 ) ) ;
#4339 = ORIENTED_EDGE ( 'NONE', *, *, #5341, .F. ) ;
#4340 = ORIENTED_EDGE ( 'NONE', *, *, #4566, .F. ) ;
#4341 = ADVANCED_FACE ( 'NONE', ( #1183 ), #1173, .F. ) ;
#4342 = CARTESIAN_POINT ( 'NONE',  ( 2.421428409667827400, 0.7037143061184086800, 2.350525204879350600 ) ) ;
#4343 = FACE_OUTER_BOUND ( 'NONE', #1347, .T. ) ;
#4344 = EDGE_CURVE ( 'NONE', #3409, #4694, #2243, .T. ) ;
#4345 = CARTESIAN_POINT ( 'NONE',  ( 2.550214895048588600, 0.5995634437519197200, 2.350228051543927800 ) ) ;
#4346 = VERTEX_POINT ( 'NONE', #2908 ) ;
#4347 = CARTESIAN_POINT ( 'NONE',  ( 2.175246257163844000, 2.200000000000000600, 4.274279060137024200 ) ) ;
#4348 = EDGE_LOOP ( 'NONE', ( #4255, #1492, #2625, #1471 ) ) ;
#4349 = CARTESIAN_POINT ( 'NONE',  ( 1.148214659803442800, 1.100831675754641000, 1.404907142573942600 ) ) ;
#4350 = LINE ( 'NONE', #2224, #2826 ) ;
#4351 = CARTESIAN_POINT ( 'NONE',  ( -2.204606218391525400, 0.3981971687492260000, 2.255661645889050600 ) ) ;
#4352 = EDGE_LOOP ( 'NONE', ( #5851, #932, #1034, #5936 ) ) ;
#4353 = DIRECTION ( 'NONE',  ( 0.0000000000000000000, 0.0000000000000000000, -1.000000000000000000 ) ) ;
#4354 = CARTESIAN_POINT ( 'NONE',  ( 1.656637997043547600, 0.9427598966707988500, 1.970503474246424500 ) ) ;
#4355 = DIRECTION ( 'NONE',  ( 1.000000000000000000, 0.0000000000000000000, -1.266949100621695300E-016 ) ) ;
#4356 = EDGE_CURVE ( 'NONE', #5497, #1187, #1967, .T. ) ;
#4357 = CARTESIAN_POINT ( 'NONE',  ( -1.454256544261385100, 1.152982386112245000, 2.039133673852013800 ) ) ;
#4358 = EDGE_LOOP ( 'NONE', ( #4126, #816, #918, #3029 ) ) ;
#4359 = CARTESIAN_POINT ( 'NONE',  ( -2.449999999999999300, 4.500000000000000000, -2.047482745188187600 ) ) ;
#4360 = CARTESIAN_POINT ( 'NONE',  ( 1.642670458277132500, 0.7033827306083000300, 1.895787742225966600 ) ) ;
#4361 = CARTESIAN_POINT ( 'NONE',  ( -0.7545720860282012500, 0.09999999999999996400, -2.019022118727654000 ) ) ;
#4362 = DIRECTION ( 'NONE',  ( 0.0000000000000000000, 1.000000000000000000, -0.0000000000000000000 ) ) ;
#4363 = EDGE_CURVE ( 'NONE', #1072, #3761, #876, .T. ) ;
#4364 = AXIS2_PLACEMENT_3D ( 'NONE', #3033, #781, #3090 ) ;
#4365 = CARTESIAN_POINT ( 'NONE',  ( -1.200000000000000600, 0.0000000000000000000, -1.849999999999999900 ) ) ;
#4366 = CARTESIAN_POINT ( 'NONE',  ( -2.415580228462010000, 0.7990518504944984500, 2.045775521658310200 ) ) ;
#4367 = ADVANCED_FACE ( 'NONE', ( #5467 ), #275, .T. ) ;
#4368 = ADVANCED_FACE ( 'NONE', ( #1828 ), #630, .F. ) ;
#4369 = DIRECTION ( 'NONE',  ( 1.000000000000000000, 0.0000000000000000000, 0.0000000000000000000 ) ) ;
#4370 = CARTESIAN_POINT ( 'NONE',  ( 1.600861366901435100, 0.8914028446017253600, 1.851913350953201500 ) ) ;
#4371 = EDGE_CURVE ( 'NONE', #5928, #1497, #2868, .T. ) ;
#4372 = CARTESIAN_POINT ( 'NONE',  ( 1.161048838701159700, 1.234312075512300000, 1.883868354070750200 ) ) ;
#4373 = CARTESIAN_POINT ( 'NONE',  ( -1.906425996537373800, 0.6028488112221462900, 1.948508730989112000 ) ) ;
#4374 = CARTESIAN_POINT ( 'NONE',  ( -1.935255410416176500, 0.6002742510206357000, 1.949856722103164400 ) ) ;
#4375 = EDGE_CURVE ( 'NONE', #3534, #3111, #582, .T. ) ;
#4376 = DIRECTION ( 'NONE',  ( 0.0000000000000000000, -1.000000000000000000, 0.0000000000000000000 ) ) ;
#4377 = CARTESIAN_POINT ( 'NONE',  ( -0.7747679530717365100, 0.3000000000000004900, 2.252351081386682700 ) ) ;
#4378 = CARTESIAN_POINT ( 'NONE',  ( 0.0000000000000000000, 0.6000000000000004200, 1.949999999999999700 ) ) ;
#4379 = CARTESIAN_POINT ( 'NONE',  ( 2.550230051156362700, 0.5931963356897310700, 2.350228239318417100 ) ) ;
#4380 = VECTOR ( 'NONE', #5027, 1000.000000000000000 ) ;
#4381 = CARTESIAN_POINT ( 'NONE',  ( -1.711322751605630900, 4.500000000000000000, 0.0000000000000000000 ) ) ;
#4382 = DIRECTION ( 'NONE',  ( -1.000000000000000000, 3.491481338843133400E-015, 2.344220913482171700E-016 ) ) ;
#4383 = DIRECTION ( 'NONE',  ( 0.0000000000000000000, 1.000000000000000000, 0.0000000000000000000 ) ) ;
#4384 = CARTESIAN_POINT ( 'NONE',  ( 0.8386609206840866000, 0.9000000000000001300, -0.7103414590570740200 ) ) ;
#4385 = LINE ( 'NONE', #2740, #3947 ) ;
#4386 = CARTESIAN_POINT ( 'NONE',  ( 1.881329049301840900, 0.6040523958667443100, 2.347878374603520300 ) ) ;
#4387 = CARTESIAN_POINT ( 'NONE',  ( -2.550467646833881800, 0.4136902400532124800, 2.225036441181647500 ) ) ;
#4388 = CARTESIAN_POINT ( 'NONE',  ( 1.576749219766256300, 0.9798301502660553600, 2.160525809809401100 ) ) ;
#4389 = DIRECTION ( 'NONE',  ( 0.3511484866841278500, 0.0000000000000000000, -0.9363197852760812800 ) ) ;
#4390 = FACE_OUTER_BOUND ( 'NONE', #1068, .T. ) ;
#4391 = CARTESIAN_POINT ( 'NONE',  ( -1.711322751605630900, 4.399999999999999500, 0.0000000000000000000 ) ) ;
#4392 = CARTESIAN_POINT ( 'NONE',  ( 1.964294742901957900, 0.6000000000000005300, 1.949999999999998800 ) ) ;
#4393 = CARTESIAN_POINT ( 'NONE',  ( -0.7656233981223697900, 0.09999999999999990800, -2.010172228241673900 ) ) ;
#4394 = VERTEX_POINT ( 'NONE', #1751 ) ;
#4395 = CARTESIAN_POINT ( 'NONE',  ( -0.8525218060721756500, 0.3000000000000004900, 2.196489193300071200 ) ) ;
#4396 = EDGE_CURVE ( 'NONE', #2121, #1272, #3950, .T. ) ;
#4397 = FACE_OUTER_BOUND ( 'NONE', #2763, .T. ) ;
#4398 = ADVANCED_FACE ( 'NONE', ( #3811 ), #1691, .F. ) ;
#4399 = VECTOR ( 'NONE', #921, 1000.000000000000000 ) ;
#4400 = CARTESIAN_POINT ( 'NONE',  ( 2.449999999999999300, 4.500000000000000000, -2.111351376446604100 ) ) ;
#4401 = VERTEX_POINT ( 'NONE', #2144 ) ;
#4402 = ORIENTED_EDGE ( 'NONE', *, *, #4792, .T. ) ;
#4403 = DIRECTION ( 'NONE',  ( 0.0000000000000000000, -1.000000000000000000, 0.0000000000000000000 ) ) ;
#4404 = DIRECTION ( 'NONE',  ( 1.000000000000000000, 0.0000000000000000000, -2.344220913482172100E-016 ) ) ;
#4405 = DIRECTION ( 'NONE',  ( 0.4205350499580169400, -0.0000000000000000000, 0.9072762929542512700 ) ) ;
#4406 = LINE ( 'NONE', #1014, #4991 ) ;
#4407 = CARTESIAN_POINT ( 'NONE',  ( -1.711322751605630900, 4.500000000000000000, 0.0000000000000000000 ) ) ;
#4408 = AXIS2_PLACEMENT_3D ( 'NONE', #359, #3071, #3120 ) ;
#4409 = ORIENTED_EDGE ( 'NONE', *, *, #4693, .F. ) ;
#4410 = VECTOR ( 'NONE', #5431, 1000.000000000000000 ) ;
#4411 = ORIENTED_EDGE ( 'NONE', *, *, #4199, .T. ) ;
#4412 = ORIENTED_EDGE ( 'NONE', *, *, #4007, .T. ) ;
#4413 = CARTESIAN_POINT ( 'NONE',  ( -2.049999999999997600, 0.9000000000000014700, -1.849999999999999400 ) ) ;
#4414 = DIRECTION ( 'NONE',  ( 0.0000000000000000000, 0.0000000000000000000, -1.000000000000000000 ) ) ;
#4415 = EDGE_LOOP ( 'NONE', ( #1860, #2340, #3611, #608 ) ) ;
#4416 = FACE_OUTER_BOUND ( 'NONE', #601, .T. ) ;
#4417 = CARTESIAN_POINT ( 'NONE',  ( -2.650000000000019500, 0.5777747640297558100, 1.949396013773832400 ) ) ;
#4418 = CARTESIAN_POINT ( 'NONE',  ( 1.148924225908658300, 1.122691891307555900, 1.350609946706378400 ) ) ;
#4419 = CARTESIAN_POINT ( 'NONE',  ( -0.8386609206840857100, 2.200000000000000600, 4.516666666666668400 ) ) ;
#4420 = ORIENTED_EDGE ( 'NONE', *, *, #2200, .F. ) ;
#4421 = ORIENTED_EDGE ( 'NONE', *, *, #1684, .T. ) ;
#4422 = VECTOR ( 'NONE', #3645, 1000.000000000000200 ) ;
#4423 = DIRECTION ( 'NONE',  ( -0.0000000000000000000, 1.084202172485505600E-015, 1.000000000000000000 ) ) ;
#4424 = CARTESIAN_POINT ( 'NONE',  ( 2.550000000000000300, 0.0000000000000000000, -6.023628521165059900E-016 ) ) ;
#4425 = CLOSED_SHELL ( 'NONE', ( #3939, #5517, #5954, #341, #2154, #2650, #364, #4774, #5806, #820, #2536, #396, #3855, #4592, #5481, #2123, #1297, #4367, #5708, #1262, #5180 ) ) ;
#4426 = CARTESIAN_POINT ( 'NONE',  ( 0.0000000000000000000, 0.0000000000000000000, 0.0000000000000000000 ) ) ;
#4427 = EDGE_CURVE ( 'NONE', #3162, #2749, #4905, .T. ) ;
#4428 = EDGE_LOOP ( 'NONE', ( #5285, #5503, #2799, #4268, #3597 ) ) ;
#4429 = DIRECTION ( 'NONE',  ( -1.000000000000000000, -0.0000000000000000000, 1.836970198721029700E-016 ) ) ;
#4430 = CARTESIAN_POINT ( 'NONE',  ( 2.550000000000000300, 0.1000000000000005300, -0.9000000000000010200 ) ) ;
#4431 = DIRECTION ( 'NONE',  ( 0.0000000000000000000, 0.0000000000000000000, 1.000000000000000000 ) ) ;
#4432 = CARTESIAN_POINT ( 'NONE',  ( 1.200000000000001100, 2.168404344971008900E-016, 1.849999999999999200 ) ) ;
#4433 = EDGE_LOOP ( 'NONE', ( #5144, #2545, #3309, #3195 ) ) ;
#4434 = CARTESIAN_POINT ( 'NONE',  ( 1.925000000000000500, 10.00000000000000000, -1.950000000000000000 ) ) ;
#4435 = ADVANCED_FACE ( 'NONE', ( #3150 ), #3545, .F. ) ;
#4436 = DIRECTION ( 'NONE',  ( 0.0000000000000000000, -1.000000000000000000, -0.0000000000000000000 ) ) ;
#4437 = CARTESIAN_POINT ( 'NONE',  ( 1.645389021482630100, 0.6716794451264072000, 2.312468758621543800 ) ) ;
#4438 = EDGE_LOOP ( 'NONE', ( #2071, #2064, #2201, #5651, #5875 ) ) ;
#4439 = CARTESIAN_POINT ( 'NONE',  ( 1.471076667614507900, 0.7241449208936878700, 1.830122066605866600 ) ) ;
#4440 = CARTESIAN_POINT ( 'NONE',  ( 1.964294742901958400, 0.6000000000000005300, 2.149999999999999000 ) ) ;
#4441 = EDGE_CURVE ( 'NONE', #4564, #4103, #1824, .T. ) ;
#4442 = CARTESIAN_POINT ( 'NONE',  ( 1.657117990109689700, 0.8253715398664570600, 1.886862258276311900 ) ) ;
#4443 = CARTESIAN_POINT ( 'NONE',  ( 2.650000000000000400, 0.4997998661411502400, 2.156213920697291000 ) ) ;
#4444 = CARTESIAN_POINT ( 'NONE',  ( -2.650000000000001700, 0.6000000000000004200, -0.9000000000000009100 ) ) ;
#4445 = EDGE_CURVE ( 'NONE', #5201, #1127, #5910, .T. ) ;
#4446 = MECHANICAL_DESIGN_GEOMETRIC_PRESENTATION_REPRESENTATION (  '', ( #835 ), #2890 ) ;
#4447 = CARTESIAN_POINT ( 'NONE',  ( 2.188039544545142200, 0.5978516822771643400, 1.951122340735699500 ) ) ;
#4448 = CARTESIAN_POINT ( 'NONE',  ( -2.650000000000090100, 0.6164433852275295100, 2.052117769353035000 ) ) ;
#4449 = CARTESIAN_POINT ( 'NONE',  ( -1.200000000000001100, 0.6000000000000004200, 1.849999999999999900 ) ) ;
#4450 = CARTESIAN_POINT ( 'NONE',  ( 2.650000000000006100, 0.5250232371279631700, 1.964209055036241700 ) ) ;
#4451 =( NAMED_UNIT ( * ) SI_UNIT ( $, .STERADIAN. ) SOLID_ANGLE_UNIT ( ) );
#4452 = FACE_OUTER_BOUND ( 'NONE', #4859, .T. ) ;
#4453 = CARTESIAN_POINT ( 'NONE',  ( -8.989973373556660000E-018, 0.9000000000000001300, -2.499999999999999100 ) ) ;
#4454 = CARTESIAN_POINT ( 'NONE',  ( -2.549999999999999800, 0.0000000000000000000, 1.350000000000001200 ) ) ;
#4455 = CARTESIAN_POINT ( 'NONE',  ( 1.282737387224788300, 1.092210571345176200, 1.397954325229644000 ) ) ;
#4456 = DIRECTION ( 'NONE',  ( 0.0000000000000000000, 1.000000000000000000, 0.0000000000000000000 ) ) ;
#4457 = VECTOR ( 'NONE', #617, 1000.000000000000100 ) ;
#4458 = CARTESIAN_POINT ( 'NONE',  ( 1.721319208631946700, 0.7529585367956361800, 2.324736550608455000 ) ) ;
#4459 = EDGE_CURVE ( 'NONE', #2699, #1281, #4684, .T. ) ;
#4460 = ADVANCED_FACE ( 'NONE', ( #5181 ), #2589, .F. ) ;
#4461 = LINE ( 'NONE', #5061, #3575 ) ;
#4462 = DIRECTION ( 'NONE',  ( -0.7071067811865505700, 0.7071067811865444600, 0.0000000000000000000 ) ) ;
#4463 = CARTESIAN_POINT ( 'NONE',  ( 1.964294742901957900, 0.8000000000000003800, 2.254719755119658900 ) ) ;
#4464 = CARTESIAN_POINT ( 'NONE',  ( -2.650000000000000400, 0.5829173176695020600, 2.248383508018046300 ) ) ;
#4465 =( NAMED_UNIT ( * ) PLANE_ANGLE_UNIT ( ) SI_UNIT ( $, .RADIAN. ) );
#4466 = CARTESIAN_POINT ( 'NONE',  ( 1.110186719841295100, 1.487618553277537400, 1.396900889052844300 ) ) ;
#4467 = LINE ( 'NONE', #3790, #4691 ) ;
#4468 = ORIENTED_EDGE ( 'NONE', *, *, #1146, .F. ) ;
#4469 = DIRECTION ( 'NONE',  ( 0.0000000000000000000, 1.000000000000000000, 0.0000000000000000000 ) ) ;
#4470 = CARTESIAN_POINT ( 'NONE',  ( -0.8677564237645007900, 0.8999999999999999100, -2.273161581894537900 ) ) ;
#4471 = CARTESIAN_POINT ( 'NONE',  ( 1.760188988499232800, 0.6288100157648413000, 2.334905799629013200 ) ) ;
#4472 = LINE ( 'NONE', #236, #962 ) ;
#4473 = EDGE_CURVE ( 'NONE', #4934, #84, #1679, .T. ) ;
#4474 = CARTESIAN_POINT ( 'NONE',  ( -2.549835829673552800, 0.5777961416379747700, 1.949559768758800700 ) ) ;
#4475 = CARTESIAN_POINT ( 'NONE',  ( 1.336328270223651400, 0.7146112638917944100, 1.880235014044184800 ) ) ;
#4476 = EDGE_LOOP ( 'NONE', ( #5719, #2145, #39, #3263 ) ) ;
#4477 = DIRECTION ( 'NONE',  ( -1.000000000000000000, 0.0000000000000000000, 1.266949100621695300E-016 ) ) ;
#4478 = LINE ( 'NONE', #3688, #1473 ) ;
#4479 = CIRCLE ( 'NONE', #4286, 0.1000000000000000500 ) ;
#4480 = CARTESIAN_POINT ( 'NONE',  ( 1.350735698543351400, 0.7541026910353572100, 2.214673282618121200 ) ) ;
#4481 = AXIS2_PLACEMENT_3D ( 'NONE', #935, #2274, #458 ) ;
#4482 = PRESENTATION_LAYER_ASSIGNMENT (  '', '', ( #3540 ) ) ;
#4483 = VERTEX_POINT ( 'NONE', #3520 ) ;
#4484 = VERTEX_POINT ( 'NONE', #2561 ) ;
#4485 = DIRECTION ( 'NONE',  ( 0.0000000000000000000, 1.000000000000000000, 0.0000000000000000000 ) ) ;
#4486 = VECTOR ( 'NONE', #2939, 1000.000000000000000 ) ;
#4487 = CARTESIAN_POINT ( 'NONE',  ( -2.650000000000000400, 0.6742607388364996200, 2.213181414713183000 ) ) ;
#4488 = EDGE_LOOP ( 'NONE', ( #4714, #3677, #5291, #621 ) ) ;
#4489 = CARTESIAN_POINT ( 'NONE',  ( 2.550000000000000700, 0.1000000000000000100, 1.849999999999999900 ) ) ;
#4490 = ORIENTED_EDGE ( 'NONE', *, *, #5756, .F. ) ;
#4491 = CARTESIAN_POINT ( 'NONE',  ( -2.650000000000000400, 0.5829173176695020600, 2.248383508018046300 ) ) ;
#4492 = ORIENTED_EDGE ( 'NONE', *, *, #4948, .F. ) ;
#4493 = AXIS2_PLACEMENT_3D ( 'NONE', #2892, #5170, #5641 ) ;
#4494 = FACE_OUTER_BOUND ( 'NONE', #832, .T. ) ;
#4495 = ORIENTED_EDGE ( 'NONE', *, *, #4889, .F. ) ;
#4496 =( NAMED_UNIT ( * ) PLANE_ANGLE_UNIT ( ) SI_UNIT ( $, .RADIAN. ) );
#4497 = ADVANCED_FACE ( 'NONE', ( #1394 ), #5128, .T. ) ;
#4498 = CARTESIAN_POINT ( 'NONE',  ( 2.549999999999999800, 0.5829173176695020600, 2.248383508018046300 ) ) ;
#4499 = EDGE_LOOP ( 'NONE', ( #3045, #1549, #3598, #2866 ) ) ;
#4500 = VERTEX_POINT ( 'NONE', #2180 ) ;
#4501 = CARTESIAN_POINT ( 'NONE',  ( -2.419029092849328300, 0.5990180994884172200, 1.950512974578213000 ) ) ;
#4502 = CARTESIAN_POINT ( 'NONE',  ( 2.650000000000042100, 0.5894307620705026000, 2.351924741851511200 ) ) ;
#4503 = CIRCLE ( 'NONE', #1153, 0.2791601061504556100 ) ;
#4504 = EDGE_LOOP ( 'NONE', ( #3051, #2113, #914, #3243, #5258, #5663, #5489, #5712, #2483 ) ) ;
#4505 = CARTESIAN_POINT ( 'NONE',  ( 1.602410540530401400, 0.5761749128191888700, 2.307641912769403000 ) ) ;
#4506 = CARTESIAN_POINT ( 'NONE',  ( 2.650000000000000400, 0.5106053884226255900, 2.192977502629975400 ) ) ;
#4507 = CARTESIAN_POINT ( 'NONE',  ( -1.460480687756085600, 1.291330227871133400, 1.604076064518990700 ) ) ;
#4508 = EDGE_LOOP ( 'NONE', ( #317, #4961, #409, #4194, #456 ) ) ;
#4509 = CARTESIAN_POINT ( 'NONE',  ( -2.650000000000000400, 0.6164433852275299500, 2.052117769353035900 ) ) ;
#4510 = DIRECTION ( 'NONE',  ( -1.000000000000000000, -0.0000000000000000000, 1.836970198721029700E-016 ) ) ;
#4511 = CARTESIAN_POINT ( 'NONE',  ( 2.650000000000000400, 0.5354172258603874200, 2.226662223281695100 ) ) ;
#4512 = CARTESIAN_POINT ( 'NONE',  ( -2.650000000000000400, 0.4997998661411502400, 2.156213920697291000 ) ) ;
#4513 = ORIENTED_EDGE ( 'NONE', *, *, #4117, .T. ) ;
#4514 = CARTESIAN_POINT ( 'NONE',  ( -2.550439011914423100, 0.4709867224111671200, 2.306553404443965900 ) ) ;
#4515 = CARTESIAN_POINT ( 'NONE',  ( -2.549589443865678100, 0.8014502933719854800, 2.160735483345595400 ) ) ;
#4516 = CARTESIAN_POINT ( 'NONE',  ( -1.964294742901957900, 0.6000000000000003100, 1.949999999999998800 ) ) ;
#4517 = CARTESIAN_POINT ( 'NONE',  ( 2.649999999999999500, 0.5616170841809022800, 2.345784382190620600 ) ) ;
#4518 = ORIENTED_EDGE ( 'NONE', *, *, #5169, .F. ) ;
#4519 = CARTESIAN_POINT ( 'NONE',  ( 1.238850292672835300, 0.9000000000000001300, -1.777426299400805000 ) ) ;
#4520 = EDGE_CURVE ( 'NONE', #545, #593, #299, .T. ) ;
#4521 = CARTESIAN_POINT ( 'NONE',  ( -1.711322751605630900, 4.399999999999999500, 0.0000000000000000000 ) ) ;
#4522 = CARTESIAN_POINT ( 'NONE',  ( 1.964294742901957900, 0.8000000000000006000, 2.254719755119658900 ) ) ;
#4523 = DIRECTION ( 'NONE',  ( 0.9072762929542516100, 0.0000000000000000000, 0.4205350499580161000 ) ) ;
#4524 = ADVANCED_FACE ( 'NONE', ( #5249 ), #431, .F. ) ;
#4525 = CARTESIAN_POINT ( 'NONE',  ( -1.181209545584136300, 1.494933466931528800, 1.577244245399285600 ) ) ;
#4526 = AXIS2_PLACEMENT_3D ( 'NONE', #518, #3214, #3715 ) ;
#4527 = DIRECTION ( 'NONE',  ( -0.1039479909181870200, 0.2912649715918035900, -0.9509781971778841200 ) ) ;
#4528 = CARTESIAN_POINT ( 'NONE',  ( 0.8386609206840866000, 0.9000000000000001300, 0.7103414590570749100 ) ) ;
#4529 = DIRECTION ( 'NONE',  ( 1.000000000000000000, -1.869314090492249700E-017, -0.0000000000000000000 ) ) ;
#4530 = FACE_BOUND ( 'NONE', #3810, .T. ) ;
#4531 = CARTESIAN_POINT ( 'NONE',  ( 2.649999999999904900, 0.5068981166072626900, 2.333701770272202500 ) ) ;
#4532 = DIRECTION ( 'NONE',  ( 0.0000000000000000000, 1.000000000000000000, 0.0000000000000000000 ) ) ;
#4533 = CARTESIAN_POINT ( 'NONE',  ( -1.200000000000000200, 0.9000000000000014700, -1.849999999999999600 ) ) ;
#4534 = VECTOR ( 'NONE', #881, 1000.000000000000000 ) ;
#4535 = MANIFOLD_SOLID_BREP ( 'Cut-Extrude4[2]', #1700 ) ;
#4536 = CARTESIAN_POINT ( 'NONE',  ( -2.650000000000000400, 0.4952802448803405600, 1.949999999999998800 ) ) ;
#4537 = CARTESIAN_POINT ( 'NONE',  ( 2.550000000000001200, 0.6000000000000005300, 2.349999999999998800 ) ) ;
#4538 = CARTESIAN_POINT ( 'NONE',  ( 1.359358460690403400, 0.6323290580086913200, 2.133090173254818200 ) ) ;
#4539 = EDGE_CURVE ( 'NONE', #4694, #4553, #4385, .T. ) ;
#4540 = CARTESIAN_POINT ( 'NONE',  ( 2.650000000000002100, 0.5999999999999999800, 0.8999999999999990200 ) ) ;
#4541 = CYLINDRICAL_SURFACE ( 'NONE', #4129, 0.2791601061504556100 ) ;
#4542 = CARTESIAN_POINT ( 'NONE',  ( -1.323227258981438200, 1.535155092623763600, 1.434747040433393700 ) ) ;
#4543 = VECTOR ( 'NONE', #4776, 1000.000000000000200 ) ;
#4544 = CARTESIAN_POINT ( 'NONE',  ( 1.018906784802959400, 0.1598470093565728100, 1.849999999999999200 ) ) ;
#4545 = EDGE_LOOP ( 'NONE', ( #1845, #5350, #3333 ) ) ;
#4546 = CARTESIAN_POINT ( 'NONE',  ( 1.238850292672835800, 0.9000000000000001300, 1.777426299400805400 ) ) ;
#4547 = CARTESIAN_POINT ( 'NONE',  ( -1.200000000000001100, 0.1000000000000000100, 1.849999999999999900 ) ) ;
#4548 = CARTESIAN_POINT ( 'NONE',  ( -2.550000000000000700, 0.1000000000000000100, 1.949999999999999700 ) ) ;
#4549 = LINE ( 'NONE', #2970, #1970 ) ;
#4550 = CARTESIAN_POINT ( 'NONE',  ( 1.672540930644304000, 0.6840911495788375400, 1.905938405391626000 ) ) ;
#4551 = VECTOR ( 'NONE', #3941, 1000.000000000000000 ) ;
#4552 = ORIENTED_EDGE ( 'NONE', *, *, #2845, .F. ) ;
#4553 = VERTEX_POINT ( 'NONE', #4746 ) ;
#4554 = CARTESIAN_POINT ( 'NONE',  ( 1.457841753567584500, 1.378211374355288000, 1.401392646529924700 ) ) ;
#4555 = EDGE_CURVE ( 'NONE', #1834, #4185, #1961, .T. ) ;
#4556 = LINE ( 'NONE', #709, #4918 ) ;
#4557 = CARTESIAN_POINT ( 'NONE',  ( -2.549999999999999400, 3.499999999999999600, 2.111351376446605900 ) ) ;
#4558 = CARTESIAN_POINT ( 'NONE',  ( -0.03290532387948511700, 0.3000000000000004900, 2.500025127837925500 ) ) ;
#4559 = LINE ( 'NONE', #4941, #108 ) ;
#4560 = CARTESIAN_POINT ( 'NONE',  ( 2.550242801920454800, 0.5894202767953553600, 2.352168588760739100 ) ) ;
#4561 = DIRECTION ( 'NONE',  ( -1.000000000000000000, -0.0000000000000000000, -0.0000000000000000000 ) ) ;
#4562 = ORIENTED_EDGE ( 'NONE', *, *, #1268, .T. ) ;
#4563 = ORIENTED_EDGE ( 'NONE', *, *, #5662, .F. ) ;
#4564 = VERTEX_POINT ( 'NONE', #3335 ) ;
#4565 = CARTESIAN_POINT ( 'NONE',  ( 1.711516543093142500, 3.499999999999999600, 2.499999999999998700 ) ) ;
#4566 = EDGE_CURVE ( 'NONE', #4394, #397, #3803, .T. ) ;
#4567 = AXIS2_PLACEMENT_3D ( 'NONE', #2239, #3585, #374 ) ;
#4568 = CARTESIAN_POINT ( 'NONE',  ( -1.396616625330779700, 1.032618888842524100, 2.170679554193392300 ) ) ;
#4569 = ORIENTED_EDGE ( 'NONE', *, *, #5056, .F. ) ;
#4570 = VERTEX_POINT ( 'NONE', #623 ) ;
#4571 = CARTESIAN_POINT ( 'NONE',  ( -1.362331900726095200, 1.155191326587447400, 1.423746122897575800 ) ) ;
#4572 = FACE_OUTER_BOUND ( 'NONE', #5920, .T. ) ;
#4573 = DIRECTION ( 'NONE',  ( 0.0000000000000000000, -1.000000000000000000, -0.0000000000000000000 ) ) ;
#4574 = DIRECTION ( 'NONE',  ( 2.990902544787602000E-016, 0.0000000000000000000, -1.000000000000000000 ) ) ;
#4575 = CARTESIAN_POINT ( 'NONE',  ( 2.649999999999999500, 0.5575864505739386300, 2.242842341694490900 ) ) ;
#4576 = CARTESIAN_POINT ( 'NONE',  ( 1.699853619615052200, 0.7909230068824509900, 1.904786400443787800 ) ) ;
#4577 = ORIENTED_EDGE ( 'NONE', *, *, #1268, .F. ) ;
#4578 = AXIS2_PLACEMENT_3D ( 'NONE', #4665, #2772, #21 ) ;
#4579 = AXIS2_PLACEMENT_3D ( 'NONE', #2615, #4404, #4881 ) ;
#4580 = CARTESIAN_POINT ( 'NONE',  ( 1.452243306204926300, 1.341400440149881800, 1.503424552735833400 ) ) ;
#4581 = CARTESIAN_POINT ( 'NONE',  ( -2.649999999999999500, 0.5829173176695020600, 2.248383508018046300 ) ) ;
#4582 = CARTESIAN_POINT ( 'NONE',  ( -0.3629892828362991700, 0.3000000000000004900, 2.448125922490046200 ) ) ;
#4583 = ORIENTED_EDGE ( 'NONE', *, *, #1050, .T. ) ;
#4584 = DIRECTION ( 'NONE',  ( 1.000000000000000000, -4.336808689942016900E-015, -1.012231246541414200E-030 ) ) ;
#4585 = EDGE_CURVE ( 'NONE', #4231, #3518, #3617, .T. ) ;
#4586 = DIRECTION ( 'NONE',  ( -2.344220913482172100E-016, -1.224646799147353000E-016, 1.000000000000000000 ) ) ;
#4587 = PLANE ( 'NONE',  #668 ) ;
#4588 = DIRECTION ( 'NONE',  ( 0.0000000000000000000, 2.258754526011467700E-016, -1.000000000000000000 ) ) ;
#4589 = ORIENTED_EDGE ( 'NONE', *, *, #3482, .F. ) ;
#4590 = CARTESIAN_POINT ( 'NONE',  ( -1.306616667488059000, 1.172504317051865600, 2.051197597948166300 ) ) ;
#4591 = DIRECTION ( 'NONE',  ( -0.1039479909181870200, -0.2912649715918035900, 0.9509781971778841200 ) ) ;
#4592 = ADVANCED_FACE ( 'NONE', ( #227 ), #1036, .T. ) ;
#4593 = CARTESIAN_POINT ( 'NONE',  ( -1.189669230266347000, 1.549892716848031400, 1.424662124624202600 ) ) ;
#4594 = CARTESIAN_POINT ( 'NONE',  ( 2.650000000000000400, 0.4952802448803405600, 1.949999999999998800 ) ) ;
#4595 = CARTESIAN_POINT ( 'NONE',  ( 0.7747679530717385100, 0.3000000000000004900, -2.252351081386681800 ) ) ;
#4596 = CARTESIAN_POINT ( 'NONE',  ( -1.759734600111408900, 0.6410045579439729300, 1.928525523696643000 ) ) ;
#4597 = CARTESIAN_POINT ( 'NONE',  ( 1.964294742901958400, 0.8000000000000006000, 2.045280244880339100 ) ) ;
#4598 = DIRECTION ( 'NONE',  ( -1.000000000000000000, -4.336808689942016900E-015, -1.012231246541414200E-030 ) ) ;
#4599 = DIRECTION ( 'NONE',  ( 0.0000000000000000000, 0.0000000000000000000, 1.000000000000000000 ) ) ;
#4600 = CARTESIAN_POINT ( 'NONE',  ( 0.6368088549934640700, 0.3000000000000004900, 2.335712410240562900 ) ) ;
#4601 = CARTESIAN_POINT ( 'NONE',  ( 2.650000000000000800, 0.6930227911790499700, 2.116251194506618000 ) ) ;
#4602 = AXIS2_PLACEMENT_3D ( 'NONE', #2992, #3924, #4414 ) ;
#4603 = AXIS2_PLACEMENT_3D ( 'NONE', #1889, #1512, #57 ) ;
#4604 = CARTESIAN_POINT ( 'NONE',  ( -2.550000000000000700, 0.1000000000000002600, 1.099999999999998800 ) ) ;
#4605 = VECTOR ( 'NONE', #492, 1000.000000000000000 ) ;
#4606 = B_SPLINE_CURVE_WITH_KNOTS ( 'NONE', 3,
 ( #4448, #352, #2593, #5899, #5428, #1256, #4011, #5828, #3564, #2206, #1302, #336, #4915, #2652, #3485, #839, #2146, #1779, #3500, #3107, #4487, #5886, #1720, #368, #1277, #2163, #5367, #2185, #4031, #1314, #4464 ),
 .UNSPECIFIED., .F., .F.,
 ( 4, 3, 3, 3, 3, 3, 3, 3, 3, 3, 4 ),
 ( 1.690595147282093300E-005, 3.192146506540341900E-005, 7.162712510827534000E-005, 0.0001043446846721495000, 0.0001365073379815676600, 0.0001669888089889743000, 0.0001970434720340029100, 0.0002348095251011205700, 0.0002721111192743580900, 0.0002979410675203546200, 0.0003239200529929479800 ),
 .UNSPECIFIED. ) ;
#4607 = CARTESIAN_POINT ( 'NONE',  ( 1.362331900726095200, 1.155191326587447400, 1.423746122897575800 ) ) ;
#4608 = CARTESIAN_POINT ( 'NONE',  ( 1.925000000000000900, 0.6000000000000003100, 1.949999999999999500 ) ) ;
#4609 = SURFACE_STYLE_USAGE ( .BOTH. , #4165 ) ;
#4610 = CARTESIAN_POINT ( 'NONE',  ( -1.248064453699956600, 0.7623603755913149800, 2.064636927226309600 ) ) ;
#4611 = AXIS2_PLACEMENT_3D ( 'NONE', #2439, #591, #180 ) ;
#4612 = CARTESIAN_POINT ( 'NONE',  ( -1.363001298872029000, 1.173186325927129100, 1.378844749850241200 ) ) ;
#4613 = AXIS2_PLACEMENT_3D ( 'NONE', #2149, #3084, #2165 ) ;
#4614 = CARTESIAN_POINT ( 'NONE',  ( 2.426244103861252600, 0.4942277222027821600, 2.350549855106533600 ) ) ;
#4615 = CARTESIAN_POINT ( 'NONE',  ( 2.549999999999999800, 0.9000000000000014700, -1.849999999999999900 ) ) ;
#4616 = CARTESIAN_POINT ( 'NONE',  ( 0.03290532387948699000, 0.3000000000000004900, -2.500025127837925100 ) ) ;
#4617 = ORIENTED_EDGE ( 'NONE', *, *, #1558, .T. ) ;
#4618 = CARTESIAN_POINT ( 'NONE',  ( -1.566839612366199400, 0.7689058563756616700, 1.861754120745606300 ) ) ;
#4619 = DIRECTION ( 'NONE',  ( 0.0000000000000000000, -0.0000000000000000000, -1.000000000000000000 ) ) ;
#4620 = FACE_OUTER_BOUND ( 'NONE', #1976, .T. ) ;
#4621 = CARTESIAN_POINT ( 'NONE',  ( 1.369737594342602900, 1.109998787272264100, 1.514664959070758800 ) ) ;
#4622 = ADVANCED_FACE ( 'NONE', ( #2523 ), #5174, .F. ) ;
#4623 = ORIENTED_EDGE ( 'NONE', *, *, #4645, .T. ) ;
#4624 = SURFACE_STYLE_FILL_AREA ( #93 ) ;
#4625 = CARTESIAN_POINT ( 'NONE',  ( 0.0000000000000000000, 4.500000000000000000, 0.0000000000000000000 ) ) ;
#4626 = PLANE ( 'NONE',  #1292 ) ;
#4627 = EDGE_LOOP ( 'NONE', ( #2127, #1045, #4771, #3844 ) ) ;
#4628 = PLANE ( 'NONE',  #3154 ) ;
#4629 = LINE ( 'NONE', #5564, #512 ) ;
#4630 = ORIENTED_EDGE ( 'NONE', *, *, #1050, .F. ) ;
#4631 = CARTESIAN_POINT ( 'NONE',  ( 1.672540930644304000, 0.6840911495788375400, 1.905938405391626000 ) ) ;
#4632 = EDGE_CURVE ( 'NONE', #758, #5201, #1755, .T. ) ;
#4633 = ORIENTED_EDGE ( 'NONE', *, *, #852, .T. ) ;
#4634 = CARTESIAN_POINT ( 'NONE',  ( -2.549696006926527800, 0.6380767893437872000, 1.954486302015122600 ) ) ;
#4635 = CARTESIAN_POINT ( 'NONE',  ( -1.244788399308403700, 0.8533975200701186000, 1.767840389523136300 ) ) ;
#4636 = FACE_OUTER_BOUND ( 'NONE', #4499, .T. ) ;
#4637 = CIRCLE ( 'NONE', #2245, 0.8396585409429242500 ) ;
#4638 = CARTESIAN_POINT ( 'NONE',  ( -1.747605315372386300, 0.8638121026374237000, 2.011840474136392200 ) ) ;
#4639 = VERTEX_POINT ( 'NONE', #2899 ) ;
#4640 = VERTEX_POINT ( 'NONE', #1960 ) ;
#4641 = CARTESIAN_POINT ( 'NONE',  ( 1.847750251907291500, 0.6130413872200688500, 1.943168051463058000 ) ) ;
#4642 = PRESENTATION_STYLE_ASSIGNMENT (( #3522 ) ) ;
#4643 = CARTESIAN_POINT ( 'NONE',  ( 1.206075998224890800, 1.382276870747308800, 1.788466355697616100 ) ) ;
#4644 = ORIENTED_EDGE ( 'NONE', *, *, #585, .T. ) ;
#4645 = EDGE_CURVE ( 'NONE', #3981, #678, #5041, .T. ) ;
#4646 = ORIENTED_EDGE ( 'NONE', *, *, #711, .F. ) ;
#4647 = CARTESIAN_POINT ( 'NONE',  ( -0.9059306859315451300, 0.09999999999999997800, 1.883275469097153400 ) ) ;
#4648 = CARTESIAN_POINT ( 'NONE',  ( -0.1340575253204383800, 0.3000000000000004900, 2.493044063901941800 ) ) ;
#4649 = CARTESIAN_POINT ( 'NONE',  ( 2.650000000000008800, 0.8006536230020422400, 2.128030991307777500 ) ) ;
#4650 = FACE_OUTER_BOUND ( 'NONE', #975, .T. ) ;
#4651 = ORIENTED_EDGE ( 'NONE', *, *, #254, .T. ) ;
#4652 = ORIENTED_EDGE ( 'NONE', *, *, #3978, .T. ) ;
#4653 = DIRECTION ( 'NONE',  ( 2.344220913482164300E-016, 2.168404344971018700E-016, -1.000000000000000000 ) ) ;
#4654 = FACE_OUTER_BOUND ( 'NONE', #2688, .T. ) ;
#4655 = CARTESIAN_POINT ( 'NONE',  ( -1.047457737986158300, 1.253758802465591000, 1.741661186493029800 ) ) ;
#4656 = MANIFOLD_SOLID_BREP ( 'Fillet1', #5857 ) ;
#4657 =( LENGTH_UNIT ( ) NAMED_UNIT ( * ) SI_UNIT ( .MILLI., .METRE. ) );
#4658 = ORIENTED_EDGE ( 'NONE', *, *, #4375, .F. ) ;
#4659 = CARTESIAN_POINT ( 'NONE',  ( -1.911269300056061000, 0.8026159533692850400, 2.253350507640674100 ) ) ;
#4660 = CARTESIAN_POINT ( 'NONE',  ( 1.359358460690403400, 0.6323290580086913200, 2.133090173254818200 ) ) ;
#4661 = VERTEX_POINT ( 'NONE', #4763 ) ;
#4662 = CARTESIAN_POINT ( 'NONE',  ( 1.208458445650570500, 0.9198811739018771800, 1.695149736026858800 ) ) ;
#4663 = DIRECTION ( 'NONE',  ( 1.000000000000000000, 0.0000000000000000000, -2.344220913482172100E-016 ) ) ;
#4664 = CARTESIAN_POINT ( 'NONE',  ( -0.5422534952133616400, 0.09999999999999996400, 2.159426581605496100 ) ) ;
#4665 = CARTESIAN_POINT ( 'NONE',  ( -1.200000000000000600, 0.1000000000000000100, -1.950000000000000000 ) ) ;
#4666 = EDGE_CURVE ( 'NONE', #3020, #3661, #3086, .T. ) ;
#4667 = CARTESIAN_POINT ( 'NONE',  ( 2.049999999999997600, 0.8999999999999998000, 1.849999999999999400 ) ) ;
#4668 = CARTESIAN_POINT ( 'NONE',  ( -1.154240927403579400, 1.140341591335515700, 1.295352537709438100 ) ) ;
#4669 = CARTESIAN_POINT ( 'NONE',  ( -1.918972545041629500, 0.7069665597500201000, 1.948824056120724600 ) ) ;
#4670 = CARTESIAN_POINT ( 'NONE',  ( -1.859308930390015700, 0.8152507467124180400, 2.037288532676452500 ) ) ;
#4671 = CARTESIAN_POINT ( 'NONE',  ( 1.692685768746681200, 0.8786635017654888000, 2.213500273867431200 ) ) ;
#4672 = EDGE_CURVE ( 'NONE', #2824, #103, #3291, .T. ) ;
#4673 = VERTEX_POINT ( 'NONE', #5143 ) ;
#4674 = CARTESIAN_POINT ( 'NONE',  ( 1.215473684401278600, 0.8081423120439356100, 2.033749150732980600 ) ) ;
#4675 = CARTESIAN_POINT ( 'NONE',  ( -0.3512863992198094800, 0.1000000000000000200, 2.242676737518631800 ) ) ;
#4676 = CARTESIAN_POINT ( 'NONE',  ( 0.4405926686352950600, 0.09999999999999997800, 2.208249803347179800 ) ) ;
#4677 = CARTESIAN_POINT ( 'NONE',  ( -1.964294742901957900, 0.6000012720365829300, 2.349999999995312700 ) ) ;
#4678 = EDGE_CURVE ( 'NONE', #3626, #3590, #3009, .T. ) ;
#4679 = PRESENTATION_LAYER_ASSIGNMENT (  '', '', ( #1612 ) ) ;
#4680 = CARTESIAN_POINT ( 'NONE',  ( 2.550439011914423100, 0.4709867224111671200, 2.306553404443965900 ) ) ;
#4681 = B_SPLINE_CURVE_WITH_KNOTS ( 'NONE', 3,
 ( #281, #3490, #351, #3082, #311, #2614 ),
 .UNSPECIFIED., .F., .F.,
 ( 4, 2, 4 ),
 ( 0.0006199283322583445900, 0.0009106308795568856000, 0.001201333426855426600 ),
 .UNSPECIFIED. ) ;
#4682 = CARTESIAN_POINT ( 'NONE',  ( 2.549999999999999800, 0.1000000000000000100, -1.849999999999999900 ) ) ;
#4683 = CARTESIAN_POINT ( 'NONE',  ( -2.049999999999998500, 0.1000000000000000100, 1.850000000000000100 ) ) ;
#4684 = CIRCLE ( 'NONE', #334, 1.898311161796839100 ) ;
#4685 = VERTEX_POINT ( 'NONE', #4683 ) ;
#4686 = EDGE_CURVE ( 'NONE', #1196, #3258, #4315, .T. ) ;
#4687 = CARTESIAN_POINT ( 'NONE',  ( 2.550000000000000700, 0.0000000000000000000, 0.9999999999999986700 ) ) ;
#4688 = CARTESIAN_POINT ( 'NONE',  ( 0.7312551540375822300, 0.09999999999999990800, -2.037402211556694500 ) ) ;
#4689 = CARTESIAN_POINT ( 'NONE',  ( 1.964294742901958400, 0.4000000000000002400, 2.045280244880339100 ) ) ;
#4690 = COLOUR_RGB ( '',0.2509803921568627400, 0.2509803921568627400, 0.2509803921568627400 ) ;
#4691 = VECTOR ( 'NONE', #5182, 1000.000000000000000 ) ;
#4692 = DIRECTION ( 'NONE',  ( 1.000000000000000000, 0.0000000000000000000, 0.0000000000000000000 ) ) ;
#4693 = EDGE_CURVE ( 'NONE', #2891, #5863, #1608, .T. ) ;
#4694 = VERTEX_POINT ( 'NONE', #2062 ) ;
#4695 = LINE ( 'NONE', #5248, #3592 ) ;
#4696 = VECTOR ( 'NONE', #3237, 1000.000000000000000 ) ;
#4697 = CARTESIAN_POINT ( 'NONE',  ( 2.549999999999999800, 0.0000000000000000000, -1.350000000000001000 ) ) ;
#4698 = EDGE_LOOP ( 'NONE', ( #4101, #1067, #175, #925, #5423 ) ) ;
#4699 = ORIENTED_EDGE ( 'NONE', *, *, #5456, .F. ) ;
#4700 = CIRCLE ( 'NONE', #287, 0.2999999999999997100 ) ;
#4701 = CARTESIAN_POINT ( 'NONE',  ( -0.9370111457228619300, 0.1000000000000000100, 1.849999999999999000 ) ) ;
#4702 = DIRECTION ( 'NONE',  ( 0.1540488043623513800, 0.6986662171146306200, -0.6986662171146260600 ) ) ;
#4703 = FACE_OUTER_BOUND ( 'NONE', #5002, .T. ) ;
#4704 = ORIENTED_EDGE ( 'NONE', *, *, #3638, .T. ) ;
#4705 = VERTEX_POINT ( 'NONE', #3864 ) ;
#4706 = SURFACE_SIDE_STYLE ('',( #3583 ) ) ;
#4707 = ORIENTED_EDGE ( 'NONE', *, *, #421, .T. ) ;
#4708 = LINE ( 'NONE', #1332, #2683 ) ;
#4709 = CARTESIAN_POINT ( 'NONE',  ( -1.699853619615052200, 0.7909230068824509900, 1.904786400443787800 ) ) ;
#4710 = CARTESIAN_POINT ( 'NONE',  ( -1.935255410416176500, 0.6002742510206357000, 1.949856722103164400 ) ) ;
#4711 = CARTESIAN_POINT ( 'NONE',  ( 0.1554550093708571300, 0.09999999999999995000, -2.288809420112058600 ) ) ;
#4712 = CARTESIAN_POINT ( 'NONE',  ( 1.644506373337224700, 0.5579897882077871100, 2.317156870309705000 ) ) ;
#4713 = ORIENTED_EDGE ( 'NONE', *, *, #1877, .F. ) ;
#4714 = ORIENTED_EDGE ( 'NONE', *, *, #4234, .T. ) ;
#4715 =( LENGTH_UNIT ( ) NAMED_UNIT ( * ) SI_UNIT ( .MILLI., .METRE. ) );
#4716 = VECTOR ( 'NONE', #5783, 1000.000000000000000 ) ;
#4717 = AXIS2_PLACEMENT_3D ( 'NONE', #3610, #4598, #1 ) ;
#4718 = ORIENTED_EDGE ( 'NONE', *, *, #1369, .F. ) ;
#4719 = EDGE_CURVE ( 'NONE', #912, #4317, #370, .T. ) ;
#4720 = CARTESIAN_POINT ( 'NONE',  ( 1.244951915609737500, 0.3000000000000003800, 1.792134645933048300 ) ) ;
#4721 = ORIENTED_EDGE ( 'NONE', *, *, #3099, .T. ) ;
#4722 = EDGE_LOOP ( 'NONE', ( #2477, #160, #3813, #4931 ) ) ;
#4723 =( BOUNDED_SURFACE ( )  B_SPLINE_SURFACE ( 3, 1, ( 
 ( #2659, #5454 ),
 ( #3514, #3693 ),
 ( #5937, #419 ),
 ( #3619, #5587 ) ),
 .UNSPECIFIED., .F., .F., .F. ) 
 B_SPLINE_SURFACE_WITH_KNOTS ( ( 4, 4 ),
 ( 2, 2 ),
 ( 0.0000000000000000000, 1.000000000000000000 ),
 ( 0.0000000000000000000, 1.000000000000000000 ),
 .UNSPECIFIED. ) 
 GEOMETRIC_REPRESENTATION_ITEM ( )  RATIONAL_B_SPLINE_SURFACE ( (
 ( 1.000000000000000000, 1.000000000000000000),
 ( 0.9551586035392543000, 0.9551586035392543000),
 ( 0.9551586035392543000, 0.9551586035392543000),
 ( 1.000000000000000000, 1.000000000000000000) ) ) 
 REPRESENTATION_ITEM ( '' )  SURFACE ( )  );
#4724 = DIRECTION ( 'NONE',  ( 0.0000000000000000000, 0.0000000000000000000, -1.000000000000000000 ) ) ;
#4725 = ORIENTED_EDGE ( 'NONE', *, *, #754, .T. ) ;
#4726 = AXIS2_PLACEMENT_3D ( 'NONE', #4095, #5961, #2755 ) ;
#4727 = DIRECTION ( 'NONE',  ( -0.7071067811865487900, 0.0000000000000000000, 0.7071067811865463500 ) ) ;
#4728 = ORIENTED_EDGE ( 'NONE', *, *, #3482, .T. ) ;
#4729 = CARTESIAN_POINT ( 'NONE',  ( -1.394576857130301900, 0.6409736585278439400, 1.919315294466532400 ) ) ;
#4730 = CARTESIAN_POINT ( 'NONE',  ( -1.823853217270780600, 0.5109213292731625800, 1.941806343454336000 ) ) ;
#4731 = CARTESIAN_POINT ( 'NONE',  ( 0.7970248063520978300, 0.09999999999999990800, -1.984362524412333700 ) ) ;
#4732 = CARTESIAN_POINT ( 'NONE',  ( 1.893875597806100600, 0.7081701443946163400, 2.348193699735151400 ) ) ;
#4733 = CARTESIAN_POINT ( 'NONE',  ( -2.650000000000000400, 0.6637294223509797600, 2.073809881459290700 ) ) ;
#4734 = DIRECTION ( 'NONE',  ( 0.0000000000000000000, 0.0000000000000000000, -1.000000000000000000 ) ) ;
#4735 = B_SPLINE_CURVE_WITH_KNOTS ( 'NONE', 3,
 ( #561, #1094, #5666, #3766, #1543, #2870, #5623, #4273, #1508, #125, #1984, #4744 ),
 .UNSPECIFIED., .F., .F.,
 ( 4, 2, 2, 2, 2, 4 ),
 ( 0.5819328839176166600, 0.6579959241240468400, 0.7366919789667576400, 0.8167155206589358200, 0.9100549755234312900, 1.000000000000000000 ),
 .UNSPECIFIED. ) ;
#4736 = CARTESIAN_POINT ( 'NONE',  ( 0.3877156121197333200, 0.09999999999999996400, 2.229066739674367500 ) ) ;
#4737 =( NAMED_UNIT ( * ) SI_UNIT ( $, .STERADIAN. ) SOLID_ANGLE_UNIT ( ) );
#4738 = CARTESIAN_POINT ( 'NONE',  ( -1.254179606750064100, 0.6000000000000003100, 1.949999999999999500 ) ) ;
#4739 = EDGE_CURVE ( 'NONE', #103, #2824, #2307, .T. ) ;
#4740 = CARTESIAN_POINT ( 'NONE',  ( -1.949999999999994400, 0.9000000000000001300, 1.950000000000003500 ) ) ;
#4741 = CARTESIAN_POINT ( 'NONE',  ( -1.455733550706816500, 0.7961240955367950800, 2.247335209346948300 ) ) ;
#4742 = CARTESIAN_POINT ( 'NONE',  ( 2.550000000000000300, -1.094966217096457300E-032, -1.100000000000001400 ) ) ;
#4743 = CARTESIAN_POINT ( 'NONE',  ( -1.523752989779011000, 0.8231839144109466300, 1.832818554932567300 ) ) ;
#4744 = CARTESIAN_POINT ( 'NONE',  ( -1.110186719841295100, 1.487618553277537400, 1.396900889052844300 ) ) ;
#4745 = LINE ( 'NONE', #3881, #5532 ) ;
#4746 = CARTESIAN_POINT ( 'NONE',  ( -2.549999999999999800, 4.399999999999998600, -2.111351376446603600 ) ) ;
#4747 = CARTESIAN_POINT ( 'NONE',  ( -1.495249680392694500, 0.9029464458756758500, 2.246383384934158600 ) ) ;
#4748 = CARTESIAN_POINT ( 'NONE',  ( -1.692685768746681200, 0.8786635017654888000, 2.213500273867431200 ) ) ;
#4749 = CARTESIAN_POINT ( 'NONE',  ( -0.4729416541192497100, 0.3000000000000004300, -2.410666109817341900 ) ) ;
#4750 = DIRECTION ( 'NONE',  ( 0.0000000000000000000, -0.0000000000000000000, 1.000000000000000000 ) ) ;
#4751 = CIRCLE ( 'NONE', #1737, 1.898311161796839600 ) ;
#4752 = EDGE_CURVE ( 'NONE', #4276, #593, #16, .T. ) ;
#4753 = CARTESIAN_POINT ( 'NONE',  ( -0.4838709677331280400, 0.3000000000000004900, 2.762096774188621800 ) ) ;
#4754 = CARTESIAN_POINT ( 'NONE',  ( -1.471048240902722600, 0.8288778666697921300, 2.030115157419782000 ) ) ;
#4755 = FACE_OUTER_BOUND ( 'NONE', #2628, .T. ) ;
#4756 = CARTESIAN_POINT ( 'NONE',  ( 1.200000000000000600, 4.873977856002723800, -1.849999999999999900 ) ) ;
#4757 = EDGE_CURVE ( 'NONE', #119, #1796, #4017, .T. ) ;
#4758 = AXIS2_PLACEMENT_3D ( 'NONE', #4015, #4972, #4037 ) ;
#4759 = CARTESIAN_POINT ( 'NONE',  ( -1.711322751605630900, 4.399999999999999500, 0.0000000000000000000 ) ) ;
#4760 = CARTESIAN_POINT ( 'NONE',  ( -1.964294742901957900, 0.6000000000000003100, 1.949999999999998800 ) ) ;
#4761 = CIRCLE ( 'NONE', #5068, 0.09999999999999982500 ) ;
#4762 = ORIENTED_EDGE ( 'NONE', *, *, #5164, .F. ) ;
#4763 = CARTESIAN_POINT ( 'NONE',  ( -2.650000000000000400, 0.5829173176695020600, 2.248383508018046300 ) ) ;
#4764 = EDGE_LOOP ( 'NONE', ( #2139, #822, #5071, #3832, #55, #4275, #5123, #3958, #316 ) ) ;
#4765 = EDGE_LOOP ( 'NONE', ( #2976, #5116, #3738, #5211, #3185, #238, #398, #3330 ) ) ;
#4766 = CARTESIAN_POINT ( 'NONE',  ( -1.449188232576808200, 1.173823606201635600, 1.538772022787196600 ) ) ;
#4767 = AXIS2_PLACEMENT_3D ( 'NONE', #493, #2346, #1614 ) ;
#4768 = CARTESIAN_POINT ( 'NONE',  ( -1.595254244244953500, 0.9564536391584007600, 2.172963075207522600 ) ) ;
#4769 = CARTESIAN_POINT ( 'NONE',  ( -1.515266833267403500, 0.6218911739690877700, 2.283665547017188900 ) ) ;
#4770 = CARTESIAN_POINT ( 'NONE',  ( -0.9521199465474157200, 0.3000000000000004900, -2.114591861640028100 ) ) ;
#4771 = ORIENTED_EDGE ( 'NONE', *, *, #4666, .F. ) ;
#4772 = CARTESIAN_POINT ( 'NONE',  ( 1.893879448033117600, 0.4987310626942725900, 1.948193405857499200 ) ) ;
#4773 = CIRCLE ( 'NONE', #1233, 2.966666666666668600 ) ;
#4774 = ADVANCED_FACE ( 'NONE', ( #4966 ), #284, .T. ) ;
#4775 = CIRCLE ( 'NONE', #1534, 0.2000000000000002100 ) ;
#4776 = DIRECTION ( 'NONE',  ( -0.9072762929542511600, -0.0000000000000000000, 0.4205350499580168300 ) ) ;
#4777 = EDGE_CURVE ( 'NONE', #530, #4231, #1427, .T. ) ;
#4778 = VERTEX_POINT ( 'NONE', #2041 ) ;
#4779 = ORIENTED_EDGE ( 'NONE', *, *, #5596, .F. ) ;
#4780 = DIRECTION ( 'NONE',  ( -1.000000000000000000, -0.0000000000000000000, 2.990902544787601500E-016 ) ) ;
#4781 = DIRECTION ( 'NONE',  ( -0.3511484866841278500, 0.0000000000000000000, -0.9363197852760814000 ) ) ;
#4782 = FACE_OUTER_BOUND ( 'NONE', #3247, .T. ) ;
#4783 = CARTESIAN_POINT ( 'NONE',  ( 1.102122023881315400, 1.127441745476950300, 1.913849506031861700 ) ) ;
#4784 = EDGE_LOOP ( 'NONE', ( #257, #188, #4843, #4492, #4562, #3899, #3223 ) ) ;
#4785 = ORIENTED_EDGE ( 'NONE', *, *, #120, .F. ) ;
#4786 = CARTESIAN_POINT ( 'NONE',  ( -2.421434752500690700, 0.4942748007623293200, 1.950525303227349700 ) ) ;
#4787 = CARTESIAN_POINT ( 'NONE',  ( 1.254179606750064100, 0.6000000000000002000, 1.849999999999999400 ) ) ;
#4788 = CIRCLE ( 'NONE', #444, 1.139658540942923600 ) ;
#4789 = CARTESIAN_POINT ( 'NONE',  ( -0.7764188321543620300, 0.1000000000000000200, -2.002116850404569400 ) ) ;
#4790 = CARTESIAN_POINT ( 'NONE',  ( 1.432302206330990500, 0.9826102955736043500, 2.204101733984360500 ) ) ;
#4791 = ORIENTED_EDGE ( 'NONE', *, *, #2089, .T. ) ;
#4792 = EDGE_CURVE ( 'NONE', #1039, #2695, #648, .T. ) ;
#4793 = VERTEX_POINT ( 'NONE', #1664 ) ;
#4794 = B_SPLINE_CURVE_WITH_KNOTS ( 'NONE', 3,
 ( #3940, #738, #5734, #1175 ),
 .UNSPECIFIED., .F., .F.,
 ( 4, 4 ),
 ( 0.0000000000000000000, 1.000000000000000000 ),
 .UNSPECIFIED. ) ;
#4795 = CARTESIAN_POINT ( 'NONE',  ( -1.480281440072031200, 1.091456216223175800, 1.662057769848577900 ) ) ;
#4796 = VECTOR ( 'NONE', #2498, 1000.000000000000000 ) ;
#4797 = CARTESIAN_POINT ( 'NONE',  ( -1.721319208631946700, 0.7529585367956361800, 2.324736550608455000 ) ) ;
#4798 = CARTESIAN_POINT ( 'NONE',  ( -0.5423761227880392600, 0.09999999999999990800, -2.159359818956679600 ) ) ;
#4799 = DIRECTION ( 'NONE',  ( -2.344220913482172100E-016, 0.0000000000000000000, -1.000000000000000000 ) ) ;
#4800 = VERTEX_POINT ( 'NONE', #5796 ) ;
#4801 = CARTESIAN_POINT ( 'NONE',  ( 1.964294742901957900, 0.4952802448803403400, 2.349999999999998800 ) ) ;
#4802 = AXIS2_PLACEMENT_3D ( 'NONE', #1618, #5749, #2975 ) ;
#4803 = AXIS2_PLACEMENT_3D ( 'NONE', #5588, #1923, #105 ) ;
#4804 = CARTESIAN_POINT ( 'NONE',  ( 1.200000000000000600, 0.3000000000000033800, -1.849999999999999900 ) ) ;
#4805 = VERTEX_POINT ( 'NONE', #5233 ) ;
#4806 = CARTESIAN_POINT ( 'NONE',  ( -1.711322751605630900, 4.399999999999999500, 0.0000000000000000000 ) ) ;
#4807 = CARTESIAN_POINT ( 'NONE',  ( 1.432302206330990500, 0.9826102955736043500, 2.204101733984360500 ) ) ;
#4808 = ORIENTED_EDGE ( 'NONE', *, *, #3529, .T. ) ;
#4809 = CARTESIAN_POINT ( 'NONE',  ( -2.650000000000000400, 0.7047197551196604500, 1.949999999999998800 ) ) ;
#4810 = STYLED_ITEM ( 'NONE', ( #5171 ), #5603 ) ;
#4811 = CARTESIAN_POINT ( 'NONE',  ( -2.549520589271197400, 0.7734555914454662700, 2.053374537000159300 ) ) ;
#4812 = CARTESIAN_POINT ( 'NONE',  ( 1.367281466543723000, 1.187878130681741000, 1.333198689089988100 ) ) ;
#4813 = EDGE_CURVE ( 'NONE', #3760, #3868, #1603, .T. ) ;
#4814 = CARTESIAN_POINT ( 'NONE',  ( 1.319303502107606100, 0.9646972419861098400, 2.151277092065084800 ) ) ;
#4815 = CARTESIAN_POINT ( 'NONE',  ( -1.285458484761898800, 0.7149958366687871900, 2.089726840593142000 ) ) ;
#4816 = CARTESIAN_POINT ( 'NONE',  ( -1.495249680392694500, 0.9029464458756758500, 2.246383384934158600 ) ) ;
#4817 = DIRECTION ( 'NONE',  ( -1.000000000000000000, -0.0000000000000000000, 1.836970198721029700E-016 ) ) ;
#4818 = CARTESIAN_POINT ( 'NONE',  ( 2.181111645872787700, 0.7976346716768939500, 2.046515801281427700 ) ) ;
#4819 = CARTESIAN_POINT ( 'NONE',  ( 0.9370111457228608200, 0.1000000000000000100, -1.849999999999999900 ) ) ;
#4820 = CARTESIAN_POINT ( 'NONE',  ( 0.7321894336489321900, 0.09999999999999990800, 2.036440814101225800 ) ) ;
#4821 = CARTESIAN_POINT ( 'NONE',  ( 2.549999999999999800, 0.6000000000000000900, -1.950000000000001500 ) ) ;
#4822 = VECTOR ( 'NONE', #1016, 1000.000000000000000 ) ;
#4823 = CARTESIAN_POINT ( 'NONE',  ( -2.650000000000000400, 0.8000000000000007100, 2.045280244880339100 ) ) ;
#4824 = CARTESIAN_POINT ( 'NONE',  ( -1.199999999999999700, 0.3000000000000025400, 1.849999999999999400 ) ) ;
#4825 = DIRECTION ( 'NONE',  ( 1.000000000000000000, 0.0000000000000000000, 0.0000000000000000000 ) ) ;
#4826 = DIRECTION ( 'NONE',  ( -4.336808689942016900E-015, 1.000000000000000000, 0.0000000000000000000 ) ) ;
#4827 = CARTESIAN_POINT ( 'NONE',  ( 2.155672040684715200, 0.5981624634961095800, 1.950959980011210100 ) ) ;
#4828 = VECTOR ( 'NONE', #1602, 1000.000000000000000 ) ;
#4829 = DIRECTION ( 'NONE',  ( 0.0000000000000000000, 0.0000000000000000000, 1.000000000000000000 ) ) ;
#4830 = CARTESIAN_POINT ( 'NONE',  ( -1.672540930644304000, 0.6840911495788375400, 1.905938405391626000 ) ) ;
#4831 = CARTESIAN_POINT ( 'NONE',  ( -0.6864246268506895000, 0.09999999999999992200, -2.070277942188371200 ) ) ;
#4832 = CARTESIAN_POINT ( 'NONE',  ( -2.550000000000000300, -1.094966217096457300E-032, -1.100000000000001400 ) ) ;
#4833 = EDGE_CURVE ( 'NONE', #5575, #388, #1880, .T. ) ;
#4834 = VERTEX_POINT ( 'NONE', #2507 ) ;
#4835 = ADVANCED_FACE ( 'NONE', ( #5758 ), #4929, .T. ) ;
#4836 = VECTOR ( 'NONE', #2871, 999.9999999999998900 ) ;
#4837 = CARTESIAN_POINT ( 'NONE',  ( 2.650000000000000400, 0.7047197551196604500, 1.949999999999998800 ) ) ;
#4838 = ORIENTED_EDGE ( 'NONE', *, *, #2864, .T. ) ;
#4839 = CARTESIAN_POINT ( 'NONE',  ( 0.4489778057236477600, 0.8999999999999999100, -2.499999999999999100 ) ) ;
#4840 = LINE ( 'NONE', #5644, #1899 ) ;
#4841 = CARTESIAN_POINT ( 'NONE',  ( -2.550000000000000700, 0.1000000000000002600, -1.000000000000001100 ) ) ;
#4842 = AXIS2_PLACEMENT_3D ( 'NONE', #4044, #784, #3095 ) ;
#4843 = ORIENTED_EDGE ( 'NONE', *, *, #5896, .F. ) ;
#4844 = CIRCLE ( 'NONE', #4802, 0.09999999999999982500 ) ;
#4845 = CARTESIAN_POINT ( 'NONE',  ( -1.964294742901957900, 0.4952802448803403400, 2.349999999999998800 ) ) ;
#4846 = CARTESIAN_POINT ( 'NONE',  ( 1.869314090492249600E-018, 0.0000000000000000000, -1.849999999999999200 ) ) ;
#4847 = LINE ( 'NONE', #690, #1190 ) ;
#4848 = CARTESIAN_POINT ( 'NONE',  ( 1.369096064712298700, 1.309102757113913300, 1.868164892199704700 ) ) ;
#4849 = ORIENTED_EDGE ( 'NONE', *, *, #3638, .F. ) ;
#4850 = EDGE_LOOP ( 'NONE', ( #2540, #5394, #1716, #4116 ) ) ;
#4851 = CARTESIAN_POINT ( 'NONE',  ( 1.101615032082829300, 1.431952711689253900, 1.551452447731339800 ) ) ;
#4852 = VECTOR ( 'NONE', #1868, 1000.000000000000000 ) ;
#4853 = CARTESIAN_POINT ( 'NONE',  ( -1.369096064712298700, 1.309102757113913300, 1.868164892199704700 ) ) ;
#4854 = CARTESIAN_POINT ( 'NONE',  ( -0.3474255402395938800, 0.09999999999999995000, -2.243222223144080800 ) ) ;
#4855 = CARTESIAN_POINT ( 'NONE',  ( -2.549548256587888000, 0.8002001257542180600, 2.128089692089561800 ) ) ;
#4856 = CARTESIAN_POINT ( 'NONE',  ( -0.6932467555884664900, 0.3000000000000004900, 2.303945421352956700 ) ) ;
#4857 = ORIENTED_EDGE ( 'NONE', *, *, #2394, .F. ) ;
#4858 = ORIENTED_EDGE ( 'NONE', *, *, #2775, .T. ) ;
#4859 = EDGE_LOOP ( 'NONE', ( #804, #5780 ) ) ;
#4860 = CARTESIAN_POINT ( 'NONE',  ( 2.421434752500690700, 0.4942748007623293200, 1.950525303227349700 ) ) ;
#4861 = EDGE_CURVE ( 'NONE', #3549, #2489, #5388, .T. ) ;
#4862 = CARTESIAN_POINT ( 'NONE',  ( 0.9370111457228608200, 0.1000000000000000100, -1.849999999999999900 ) ) ;
#4863 = DIRECTION ( 'NONE',  ( 1.000000000000000000, -0.0000000000000000000, -0.0000000000000000000 ) ) ;
#4864 = EDGE_LOOP ( 'NONE', ( #5797, #4721, #5807, #3975 ) ) ;
#4865 = EDGE_LOOP ( 'NONE', ( #3393, #5915, #3991, #3676, #4277 ) ) ;
#4866 = LINE ( 'NONE', #3838, #4796 ) ;
#4867 = B_SPLINE_SURFACE_WITH_KNOTS ( 'NONE', 3, 3, ( 
 ( #1862, #3163, #3187, #1417, #4141, #1376, #928, #2712, #4621, #2769, #5055, #965 ),
 ( #1875, #901, #1441, #446, #5080, #3143, #415, #4090, #3647, #4157, #1805, #1836 ),
 ( #5535, #38, #5001, #2240, #5447, #2697, #426, #872, #4077, #4580, #1363, #4554 ),
 ( #1817, #4115, #5022, #2263, #5462, #1396, #5953, #2282, #5494, #1152, #676, #2358 ),
 ( #3707, #4807, #2926, #2033, #1009, #76, #3858, #4643, #2055, #3245, #2946, #1454 ),
 ( #2480, #1936, #651, #4197, #2913, #4783, #1134, #4322, #201, #179, #505, #61 ),
 ( #991, #1472, #4674, #3875, #3840, #213, #2800, #4175, #1596, #3724, #5244, #5703 ),
 ( #3383, #2499, #3265, #5730, #5129, #4662, #5227, #3404, #2455, #4349, #1892, #2342 ),
 ( #5094, #5553, #2780, #1914, #5109, #5580, #529, #5682, #3361, #632, #1111, #4300 ),
 ( #1580, #778, #314, #2106, #2078, #3487, #4898, #5813, #1258, #3027, #2519, #2990 ) ),
 .UNSPECIFIED., .T., .F., .F.,
 ( 4, 2, 2, 2, 4 ),
 ( 4, 2, 2, 2, 2, 4 ),
 ( 0.0000000000000000000, 0.2500000000000000000, 0.5000000000000000000, 0.7500000000000000000, 1.000000000000000000 ),
 ( 0.5819328839176166600, 0.6579959241240468400, 0.7366919789667576400, 0.8167155206589358200, 0.9100549755234312900, 1.000000000000000000 ),
 .UNSPECIFIED. ) ;
#4868 = ORIENTED_EDGE ( 'NONE', *, *, #1575, .T. ) ;
#4869 = CARTESIAN_POINT ( 'NONE',  ( -1.200000000000000600, 0.9000000000000032400, -1.849999999999999600 ) ) ;
#4870 = ORIENTED_EDGE ( 'NONE', *, *, #1478, .F. ) ;
#4871 = CARTESIAN_POINT ( 'NONE',  ( -2.649999999999973300, 0.4141193719059709200, 2.224846433205207600 ) ) ;
#4872 = CARTESIAN_POINT ( 'NONE',  ( 1.367281466543723000, 1.187878130681741000, 1.333198689089988100 ) ) ;
#4873 = EDGE_LOOP ( 'NONE', ( #4589, #1694, #5113, #1709 ) ) ;
#4874 = EDGE_CURVE ( 'NONE', #3162, #5132, #365, .T. ) ;
#4875 = EDGE_LOOP ( 'NONE', ( #2894, #4699 ) ) ;
#4876 = CARTESIAN_POINT ( 'NONE',  ( -1.522722310733388500, 0.6663798894537046300, 1.860438266954565800 ) ) ;
#4877 = CARTESIAN_POINT ( 'NONE',  ( 1.792927004375793700, 0.8400616080810119300, 2.024309380075333600 ) ) ;
#4878 = CARTESIAN_POINT ( 'NONE',  ( -0.8776381517281198800, 0.3000000000000004900, 2.176964486686044300 ) ) ;
#4879 = EDGE_CURVE ( 'NONE', #4231, #4124, #2095, .T. ) ;
#4880 = AXIS2_PLACEMENT_3D ( 'NONE', #3342, #5127, #5658 ) ;
#4881 = DIRECTION ( 'NONE',  ( -2.344220913482172100E-016, 0.0000000000000000000, -1.000000000000000000 ) ) ;
#4882 = PLANE ( 'NONE',  #4294 ) ;
#4883 = DIRECTION ( 'NONE',  ( 7.529181753371549200E-018, 2.258754526011467200E-016, -1.000000000000000000 ) ) ;
#4884 = CARTESIAN_POINT ( 'NONE',  ( -2.649999999999999900, 0.09999999999999975600, 0.8999999999999989100 ) ) ;
#4885 = CARTESIAN_POINT ( 'NONE',  ( -2.550263624168284300, 0.4160070691352583700, 2.056658102114481900 ) ) ;
#4886 = CARTESIAN_POINT ( 'NONE',  ( 1.378366482324259400, 1.082347921297782000, 1.560440944930504800 ) ) ;
#4887 = STYLED_ITEM ( 'NONE', ( #4642 ), #1797 ) ;
#4888 = DIRECTION ( 'NONE',  ( 1.000000000000000000, 0.0000000000000000000, -2.344220913482172100E-016 ) ) ;
#4889 = EDGE_CURVE ( 'NONE', #3702, #4800, #1096, .T. ) ;
#4890 = CARTESIAN_POINT ( 'NONE',  ( 2.650000000000000400, 0.5802580822064725700, 2.052186426429815700 ) ) ;
#4891 = ADVANCED_FACE ( 'NONE', ( #799 ), #3078, .F. ) ;
#4892 = DIRECTION ( 'NONE',  ( 0.0000000000000000000, 1.000000000000000000, 0.0000000000000000000 ) ) ;
#4893 = CARTESIAN_POINT ( 'NONE',  ( -2.550000000000000700, -9.486769009248163800E-017, 1.849999999999999900 ) ) ;
#4894 = DIRECTION ( 'NONE',  ( -8.133150102986633400E-031, 1.000000000000000000, -3.469446951953611800E-015 ) ) ;
#4895 = CIRCLE ( 'NONE', #2334, 0.1000000000000000500 ) ;
#4896 = CARTESIAN_POINT ( 'NONE',  ( 0.4838709677419348300, 0.3000000000000005400, 2.762096774193547200 ) ) ;
#4897 = CARTESIAN_POINT ( 'NONE',  ( -2.550000000000000700, 0.6000000000000005300, 1.949999999999999500 ) ) ;
#4898 = CARTESIAN_POINT ( 'NONE',  ( 1.401314468797899800, 1.026359773736647900, 1.639845128611228600 ) ) ;
#4899 = DIRECTION ( 'NONE',  ( 0.0000000000000000000, 1.000000000000000000, 0.0000000000000000000 ) ) ;
#4900 = LINE ( 'NONE', #1843, #5611 ) ;
#4901 = CARTESIAN_POINT ( 'NONE',  ( -2.549752407909109000, 0.6103481465355445900, 1.948341950225500200 ) ) ;
#4902 = CARTESIAN_POINT ( 'NONE',  ( 1.130782434992203500, 0.9398072341992140800, 1.921285628062492600 ) ) ;
#4903 = DIRECTION ( 'NONE',  ( 0.0000000000000000000, -0.0000000000000000000, 1.000000000000000000 ) ) ;
#4904 = UNCERTAINTY_MEASURE_WITH_UNIT (LENGTH_MEASURE( 1.000000000000000100E-005 ), #353, 'distance_accuracy_value', 'NONE');
#4905 = LINE ( 'NONE', #3060, #3659 ) ;
#4906 = DIRECTION ( 'NONE',  ( -2.344220913482172100E-016, 0.0000000000000000000, -1.000000000000000000 ) ) ;
#4907 = STYLED_ITEM ( 'NONE', ( #3754 ), #2823 ) ;
#4908 = CARTESIAN_POINT ( 'NONE',  ( 2.650000000000000400, 0.6109192363838037400, 2.050893715801509500 ) ) ;
#4909 = VERTEX_POINT ( 'NONE', #2171 ) ;
#4910 = AXIS2_PLACEMENT_3D ( 'NONE', #440, #1392, #4135 ) ;
#4911 = PRESENTATION_STYLE_ASSIGNMENT (( #5618 ) ) ;
#4912 = CARTESIAN_POINT ( 'NONE',  ( 1.200000000000001100, 0.6000000000000004200, 1.949999999999999700 ) ) ;
#4913 = ORIENTED_EDGE ( 'NONE', *, *, #26, .T. ) ;
#4914 = CARTESIAN_POINT ( 'NONE',  ( 2.550297732634558400, 0.5615536664349057800, 2.346074376379448700 ) ) ;
#4915 = CARTESIAN_POINT ( 'NONE',  ( -2.650000000000000400, 0.6976210475945785500, 2.133081172889026900 ) ) ;
#4916 = FILL_AREA_STYLE ('',( #3063 ) ) ;
#4917 = CARTESIAN_POINT ( 'NONE',  ( 2.549968980663076300, 0.5250366526940570800, 1.964238466539017600 ) ) ;
#4918 = VECTOR ( 'NONE', #4376, 1000.000000000000000 ) ;
#4919 = AXIS2_PLACEMENT_3D ( 'NONE', #850, #1707, #1764 ) ;
#4920 = AXIS2_PLACEMENT_3D ( 'NONE', #654, #3366, #1643 ) ;
#4921 = ORIENTED_EDGE ( 'NONE', *, *, #585, .F. ) ;
#4922 = VERTEX_POINT ( 'NONE', #345 ) ;
#4923 = ADVANCED_FACE ( 'NONE', ( #2233 ), #3721, .F. ) ;
#4924 = ADVANCED_FACE ( 'NONE', ( #3507 ), #151, .F. ) ;
#4925 = LINE ( 'NONE', #5490, #1274 ) ;
#4926 = DIRECTION ( 'NONE',  ( 0.0000000000000000000, -1.000000000000000000, 0.0000000000000000000 ) ) ;
#4927 = CARTESIAN_POINT ( 'NONE',  ( 1.086106140609196500, 1.021582879206627000, 1.831891492532632200 ) ) ;
#4928 = DIRECTION ( 'NONE',  ( -2.344220913482172100E-016, 0.0000000000000000000, -1.000000000000000000 ) ) ;
#4929 = PLANE ( 'NONE',  #5404 ) ;
#4930 = ORIENTED_EDGE ( 'NONE', *, *, #4023, .F. ) ;
#4931 = ORIENTED_EDGE ( 'NONE', *, *, #4371, .F. ) ;
#4932 = CIRCLE ( 'NONE', #769, 1.898311161796839600 ) ;
#4933 = CARTESIAN_POINT ( 'NONE',  ( 1.747938485359137500, 0.8496964779288317400, 2.228702749418865400 ) ) ;
#4934 = VERTEX_POINT ( 'NONE', #1683 ) ;
#4935 = ORIENTED_EDGE ( 'NONE', *, *, #1684, .F. ) ;
#4936 = EDGE_CURVE ( 'NONE', #4685, #3768, #3144, .T. ) ;
#4937 = LINE ( 'NONE', #590, #1291 ) ;
#4938 = DIRECTION ( 'NONE',  ( 1.000000000000000000, 0.0000000000000000000, -1.266949100621695300E-016 ) ) ;
#4939 = CARTESIAN_POINT ( 'NONE',  ( 0.8386609206840860400, 0.9000000000000001300, -1.849999999999997600 ) ) ;
#4940 = DIRECTION ( 'NONE',  ( -1.000000000000000000, -0.0000000000000000000, -0.0000000000000000000 ) ) ;
#4941 = CARTESIAN_POINT ( 'NONE',  ( -1.711322751605630900, 4.399999999999999500, 0.2791601061504556100 ) ) ;
#4942 = ORIENTED_EDGE ( 'NONE', *, *, #4313, .F. ) ;
#4943 = DIRECTION ( 'NONE',  ( -0.3511484866841284000, 0.0000000000000000000, 0.9363197852760810600 ) ) ;
#4944 = CARTESIAN_POINT ( 'NONE',  ( -2.649999999999986100, 0.5250232371279535100, 1.964209055036241400 ) ) ;
#4945 = ORIENTED_EDGE ( 'NONE', *, *, #2881, .F. ) ;
#4946 = CARTESIAN_POINT ( 'NONE',  ( 1.446101183711558900, 0.9410147817117210400, 1.737483079866199500 ) ) ;
#4947 = CARTESIAN_POINT ( 'NONE',  ( 1.102415996722067900, 1.462966139979255500, 1.474913481953265400 ) ) ;
#4948 = EDGE_CURVE ( 'NONE', #5507, #5928, #3286, .T. ) ;
#4949 = CARTESIAN_POINT ( 'NONE',  ( 1.916670816891700600, 0.4956467064833171600, 2.349808554449261500 ) ) ;
#4950 = ADVANCED_FACE ( 'NONE', ( #1459 ), #2646, .T. ) ;
#4951 = ADVANCED_FACE ( 'NONE', ( #1252 ), #3984, .F. ) ;
#4952 = CARTESIAN_POINT ( 'NONE',  ( -1.429678614960096800, 1.193662440970989300, 2.000184588698698600 ) ) ;
#4953 = AXIS2_PLACEMENT_3D ( 'NONE', #200, #5728, #2945 ) ;
#4954 = AXIS2_PLACEMENT_3D ( 'NONE', #1069, #1633, #3379 ) ;
#4955 = CARTESIAN_POINT ( 'NONE',  ( -1.200000000000001100, 0.0000000000000000000, 1.849999999999999200 ) ) ;
#4956 = CARTESIAN_POINT ( 'NONE',  ( -2.650000000000000400, 0.5329153449041567100, 2.221427951330780600 ) ) ;
#4957 = CARTESIAN_POINT ( 'NONE',  ( 2.550214895048588600, 0.5995634437519197200, 2.350228051543927800 ) ) ;
#4958 = DIRECTION ( 'NONE',  ( 0.6444347552184372900, 0.6444347552184427300, -0.4115916575115419200 ) ) ;
#4959 = CARTESIAN_POINT ( 'NONE',  ( 2.650000000000000400, 0.6452347656618233600, 2.237492286686075800 ) ) ;
#4960 = AXIS2_PLACEMENT_3D ( 'NONE', #5674, #692, #5259 ) ;
#4961 = ORIENTED_EDGE ( 'NONE', *, *, #5601, .T. ) ;
#4962 = DIRECTION ( 'NONE',  ( 1.000000000000000000, -0.0000000000000000000, -8.972707634362788400E-016 ) ) ;
#4963 = VECTOR ( 'NONE', #4203, 1000.000000000000000 ) ;
#4964 = CARTESIAN_POINT ( 'NONE',  ( 1.492587938102023100, 0.5327342795169908200, 2.185178184048285100 ) ) ;
#4965 = CARTESIAN_POINT ( 'NONE',  ( 2.650000000000000400, 0.5050275760909966900, 2.119520605860987700 ) ) ;
#4966 = FACE_OUTER_BOUND ( 'NONE', #3839, .T. ) ;
#4967 = CARTESIAN_POINT ( 'NONE',  ( -1.432302206330990500, 0.9826102955736043500, 2.204101733984360500 ) ) ;
#4968 = CARTESIAN_POINT ( 'NONE',  ( -1.924999999999998900, 4.873977856002723800, 1.849999999999999900 ) ) ;
#4969 = DIRECTION ( 'NONE',  ( 0.0000000000000000000, 3.469446951953611800E-015, 1.000000000000000000 ) ) ;
#4970 = CARTESIAN_POINT ( 'NONE',  ( -2.650000000000000400, 0.5173335212859409000, 2.203540749870227100 ) ) ;
#4971 = ORIENTED_EDGE ( 'NONE', *, *, #5913, .T. ) ;
#4972 = DIRECTION ( 'NONE',  ( 0.9363197852760812800, -0.0000000000000000000, -0.3511484866841278500 ) ) ;
#4973 = DIRECTION ( 'NONE',  ( -1.000000000000000000, 0.0000000000000000000, 0.0000000000000000000 ) ) ;
#4974 = VECTOR ( 'NONE', #595, 1000.000000000000100 ) ;
#4975 = EDGE_CURVE ( 'NONE', #330, #3750, #722, .T. ) ;
#4976 = VECTOR ( 'NONE', #2048, 1000.000000000000000 ) ;
#4977 = DIRECTION ( 'NONE',  ( -0.9072762929542512700, 0.0000000000000000000, 0.4205350499580169400 ) ) ;
#4978 = VERTEX_POINT ( 'NONE', #3535 ) ;
#4979 = CARTESIAN_POINT ( 'NONE',  ( 1.925000000000000700, 0.5999999999999998700, -1.849999999999999600 ) ) ;
#4980 = VECTOR ( 'NONE', #3008, 1000.000000000000000 ) ;
#4981 = LINE ( 'NONE', #1239, #1544 ) ;
#4982 = DIRECTION ( 'NONE',  ( 0.0000000000000000000, 1.000000000000000000, 0.0000000000000000000 ) ) ;
#4983 = CARTESIAN_POINT ( 'NONE',  ( 1.823829732508358100, 0.7203636813709775000, 2.341804783407915600 ) ) ;
#4984 = EDGE_CURVE ( 'NONE', #1072, #5132, #2935, .T. ) ;
#4985 = DIRECTION ( 'NONE',  ( -2.168404344971003300E-015, 3.491481338843133400E-015, 1.000000000000000000 ) ) ;
#4986 = AXIS2_PLACEMENT_3D ( 'NONE', #1801, #4574, #5922 ) ;
#4987 = ORIENTED_EDGE ( 'NONE', *, *, #208, .T. ) ;
#4988 = B_SPLINE_SURFACE_WITH_KNOTS ( 'NONE', 3, 3, ( 
 ( #2932, #1139, #5276, #3862, #639, #2525, #4330, #5232, #1157, #2461, #5765, #4812 ),
 ( #3925, #4370, #5687, #3904, #2487, #1179, #1601, #204, #3392, #684, #5294, #1644 ),
 ( #4354, #1208, #2548, #3428, #3846, #2978, #2084, #656, #2919, #1119, #2061, #2506 ),
 ( #4388, #1621, #5252, #5750, #3368, #2953, #4848, #2022, #4306, #2093, #1586, #239 ),
 ( #5738, #4790, #220, #2994, #2039, #266, #704, #3451, #720, #5214, #302, #322 ),
 ( #1290, #2603, #3983, #824, #5391, #343, #3473, #5855, #1727, #2581, #5795, #741 ),
 ( #5354, #3012, #4019, #3510, #4902, #4927, #283, #5837, #802, #1307, #3942, #4001 ),
 ( #5372, #4475, #5819, #1230, #3036, #3533, #3492, #2170, #2194, #3055, #4418, #783 ),
 ( #4439, #767, #3957, #1246, #2156, #1265, #1744, #5329, #1705, #4455, #2627, #2645 ),
 ( #1682, #358, #5312, #3070, #4946, #5877, #3093, #4886, #3555, #2136, #1663, #4872 ) ),
 .UNSPECIFIED., .T., .F., .F.,
 ( 4, 2, 2, 2, 4 ),
 ( 4, 2, 2, 2, 2, 4 ),
 ( 0.0000000000000000000, 0.2500000000000000000, 0.5000000000000000000, 0.7500000000000000000, 1.000000000000000000 ),
 ( 0.5819328839176166600, 0.6579959241240468400, 0.7366919789667576400, 0.8167155206589358200, 0.9100549755234312900, 1.000000000000000000 ),
 .UNSPECIFIED. ) ;
#4989 = ORIENTED_EDGE ( 'NONE', *, *, #2304, .F. ) ;
#4990 = CARTESIAN_POINT ( 'NONE',  ( -1.396616625330779700, 1.032618888842524100, 2.170679554193392300 ) ) ;
#4991 = VECTOR ( 'NONE', #1483, 1000.000000000000000 ) ;
#4992 = EDGE_LOOP ( 'NONE', ( #2277, #1771, #167, #4201 ) ) ;
#4993 = CARTESIAN_POINT ( 'NONE',  ( 1.925000000000000500, 0.09999999999999939500, 1.950000000000000000 ) ) ;
#4994 = EDGE_LOOP ( 'NONE', ( #481, #4651, #645, #5208 ) ) ;
#4995 = CARTESIAN_POINT ( 'NONE',  ( 2.550297732634555700, 0.5615536664345700500, 2.346074376379375400 ) ) ;
#4996 = CARTESIAN_POINT ( 'NONE',  ( -2.650000000000000400, 0.5718591561268764300, 2.245965239960272100 ) ) ;
#4997 = AXIS2_PLACEMENT_3D ( 'NONE', #4209, #1485, #4826 ) ;
#4998 = EDGE_LOOP ( 'NONE', ( #5323, #191, #1554, #2693, #5188 ) ) ;
#4999 = VECTOR ( 'NONE', #4780, 1000.000000000000000 ) ;
#5000 = EDGE_CURVE ( 'NONE', #3907, #2699, #1320, .T. ) ;
#5001 = CARTESIAN_POINT ( 'NONE',  ( 1.607126847835769200, 1.008598641727087100, 1.930972281759390000 ) ) ;
#5002 = EDGE_LOOP ( 'NONE', ( #523, #329, #5122, #5082 ) ) ;
#5003 = CARTESIAN_POINT ( 'NONE',  ( -2.550242801920454800, 0.5894202767953512500, 2.352168588760738200 ) ) ;
#5004 = ORIENTED_EDGE ( 'NONE', *, *, #5093, .T. ) ;
#5005 = CARTESIAN_POINT ( 'NONE',  ( 0.8386609206840866000, 2.200000000000000600, 0.7103414590570751300 ) ) ;
#5006 = CARTESIAN_POINT ( 'NONE',  ( 2.650000000000006100, 0.6220323780836952700, 2.350626415734326600 ) ) ;
#5007 = FACE_OUTER_BOUND ( 'NONE', #1909, .T. ) ;
#5008 = EDGE_CURVE ( 'NONE', #2595, #4276, #1750, .T. ) ;
#5009 = DIRECTION ( 'NONE',  ( 1.000000000000000000, -0.0000000000000000000, -1.836970198721029700E-016 ) ) ;
#5010 = ORIENTED_EDGE ( 'NONE', *, *, #4441, .F. ) ;
#5011 = CARTESIAN_POINT ( 'NONE',  ( 1.656637997043548300, 0.9427598966707988500, 1.970503474246424500 ) ) ;
#5012 = CARTESIAN_POINT ( 'NONE',  ( -1.254179606750064100, 0.6000000000000005300, 2.349999999999998800 ) ) ;
#5013 = ORIENTED_EDGE ( 'NONE', *, *, #2889, .T. ) ;
#5014 = ADVANCED_FACE ( 'NONE', ( #4755 ), #5356, .F. ) ;
#5015 = CARTESIAN_POINT ( 'NONE',  ( -1.524352020642664000, 1.007473919434200800, 1.758138779458742600 ) ) ;
#5016 = ORIENTED_EDGE ( 'NONE', *, *, #3695, .F. ) ;
#5017 = DIRECTION ( 'NONE',  ( -3.265262085617095000E-032, -2.409338161078890300E-016, 1.000000000000000000 ) ) ;
#5018 = CARTESIAN_POINT ( 'NONE',  ( -0.4489778057217512800, 0.3000000000000004900, -2.499999999999033700 ) ) ;
#5019 = CARTESIAN_POINT ( 'NONE',  ( -2.549999999999999800, 4.336808689942017700E-016, 0.8999999999999988000 ) ) ;
#5020 = CARTESIAN_POINT ( 'NONE',  ( 2.550000000000000700, 4.399999999999998600, 2.111351376446604100 ) ) ;
#5021 = CARTESIAN_POINT ( 'NONE',  ( 1.774289244641455500, 0.7487827314856921900, 1.926933023678934600 ) ) ;
#5022 = CARTESIAN_POINT ( 'NONE',  ( 1.510788061845506500, 1.067583892207285600, 2.107861096873944600 ) ) ;
#5023 = CARTESIAN_POINT ( 'NONE',  ( -2.649999999999973300, 0.5060842350215103400, 2.184134810606935600 ) ) ;
#5024 = CARTESIAN_POINT ( 'NONE',  ( 0.4573997228230189400, 0.3000000000000004900, 2.416549765651181000 ) ) ;
#5025 = CARTESIAN_POINT ( 'NONE',  ( 2.650000000000000400, 0.6336019661882276200, 2.243635641485593400 ) ) ;
#5026 = AXIS2_PLACEMENT_3D ( 'NONE', #2130, #716, #3423 ) ;
#5027 = DIRECTION ( 'NONE',  ( 1.000000000000000000, 0.0000000000000000000, 2.990902544787601500E-016 ) ) ;
#5028 = EDGE_CURVE ( 'NONE', #1237, #531, #3873, .T. ) ;
#5029 = CARTESIAN_POINT ( 'NONE',  ( -1.964294742901957900, 0.6000012720365829300, 2.349999999995312700 ) ) ;
#5030 = CARTESIAN_POINT ( 'NONE',  ( 0.8386609206840856000, 2.200000000000000600, -4.516666666666667500 ) ) ;
#5031 = FILL_AREA_STYLE_COLOUR ( '', #2781 ) ;
#5032 = CARTESIAN_POINT ( 'NONE',  ( -1.369096064712298700, 1.309102757113913300, 1.868164892199704700 ) ) ;
#5033 = DIRECTION ( 'NONE',  ( 3.805357950771688200E-016, 0.0000000000000000000, 1.000000000000000000 ) ) ;
#5034 = DIRECTION ( 'NONE',  ( 1.000000000000000000, 0.0000000000000000000, 0.0000000000000000000 ) ) ;
#5035 = SURFACE_STYLE_FILL_AREA ( #2002 ) ;
#5036 = DIRECTION ( 'NONE',  ( 0.6427368667560704500, -0.7493510564894908500, -0.1592554999071405500 ) ) ;
#5037 = DIRECTION ( 'NONE',  ( 0.0000000000000000000, 1.000000000000000000, -0.0000000000000000000 ) ) ;
#5038 = ADVANCED_FACE ( 'NONE', ( #4620 ), #5471, .F. ) ;
#5039 = CARTESIAN_POINT ( 'NONE',  ( -2.650000000000000400, 0.4000000000000003000, 2.045280244880339100 ) ) ;
#5040 = CARTESIAN_POINT ( 'NONE',  ( -0.1172254898513030700, 0.3000000000000004300, 2.494710131922905900 ) ) ;
#5041 = LINE ( 'NONE', #4227, #2238 ) ;
#5042 = CARTESIAN_POINT ( 'NONE',  ( 1.522722310733388500, 0.6663798894537046300, 1.860438266954565800 ) ) ;
#5043 = EDGE_CURVE ( 'NONE', #4705, #4978, #865, .T. ) ;
#5044 = CARTESIAN_POINT ( 'NONE',  ( -1.259679514979581200, 1.258432862634995200, 1.957263103125588300 ) ) ;
#5045 = CARTESIAN_POINT ( 'NONE',  ( 1.214481433492048000, 4.500000000000000000, -2.620162607017971500 ) ) ;
#5046 = CARTESIAN_POINT ( 'NONE',  ( -1.369737594342602900, 1.109998787272264100, 1.514664959070758800 ) ) ;
#5047 = VECTOR ( 'NONE', #308, 1000.000000000000000 ) ;
#5048 = VERTEX_POINT ( 'NONE', #4519 ) ;
#5049 = DIRECTION ( 'NONE',  ( 0.0000000000000000000, 0.0000000000000000000, -1.000000000000000000 ) ) ;
#5050 = CARTESIAN_POINT ( 'NONE',  ( 0.4568564432039173300, 0.3000000000000004900, -2.417055874248978100 ) ) ;
#5051 = CARTESIAN_POINT ( 'NONE',  ( -1.847750251907291500, 0.6130413872200688500, 1.943168051463058000 ) ) ;
#5052 = CARTESIAN_POINT ( 'NONE',  ( 1.944133680021654900, 0.8002199437977455300, 2.045165354712860300 ) ) ;
#5053 = FACE_OUTER_BOUND ( 'NONE', #4998, .T. ) ;
#5054 = ORIENTED_EDGE ( 'NONE', *, *, #2685, .T. ) ;
#5055 = CARTESIAN_POINT ( 'NONE',  ( 1.363001298872029000, 1.173186325927129100, 1.378844749850241200 ) ) ;
#5056 = EDGE_CURVE ( 'NONE', #4834, #3778, #3653, .T. ) ;
#5057 = VECTOR ( 'NONE', #256, 1000.000000000000000 ) ;
#5058 = CARTESIAN_POINT ( 'NONE',  ( -0.5929662920760743200, 0.1000000000000000300, 2.133899385350030100 ) ) ;
#5059 = VECTOR ( 'NONE', #1255, 1000.000000000000000 ) ;
#5060 = CARTESIAN_POINT ( 'NONE',  ( 2.649999999999999000, 0.6416788903911940800, 2.057710481764300600 ) ) ;
#5061 = CARTESIAN_POINT ( 'NONE',  ( -2.649999999999999500, 0.6000000000000004200, -1.850000000000001600 ) ) ;
#5062 = ORIENTED_EDGE ( 'NONE', *, *, #290, .T. ) ;
#5063 = ORIENTED_EDGE ( 'NONE', *, *, #5824, .F. ) ;
#5064 = LINE ( 'NONE', #4449, #3826 ) ;
#5065 = CARTESIAN_POINT ( 'NONE',  ( 1.363001298872029000, 1.173186325927129100, 1.378844749850241200 ) ) ;
#5066 = EDGE_CURVE ( 'NONE', #2680, #1137, #1024, .T. ) ;
#5067 = CARTESIAN_POINT ( 'NONE',  ( -1.925000000000000300, 0.6000000000000002000, 1.849999999999999400 ) ) ;
#5068 = AXIS2_PLACEMENT_3D ( 'NONE', #4229, #5283, #5804 ) ;
#5069 = ORIENTED_EDGE ( 'NONE', *, *, #149, .F. ) ;
#5070 = DIRECTION ( 'NONE',  ( 0.2973631855519396300, 0.7071067811865418000, -0.6415412191577488700 ) ) ;
#5071 = ORIENTED_EDGE ( 'NONE', *, *, #5476, .F. ) ;
#5072 = ORIENTED_EDGE ( 'NONE', *, *, #2072, .T. ) ;
#5073 = CARTESIAN_POINT ( 'NONE',  ( -1.425983906906292700, 0.7841220649284690300, 1.794041878298966000 ) ) ;
#5074 = VECTOR ( 'NONE', #1130, 1000.000000000000000 ) ;
#5075 = CARTESIAN_POINT ( 'NONE',  ( -1.600861366901435100, 0.8914028446017253600, 1.851913350953201500 ) ) ;
#5076 = CARTESIAN_POINT ( 'NONE',  ( -1.589920150421539200, 0.7458757146600809600, 1.873650262615438800 ) ) ;
#5077 = VERTEX_POINT ( 'NONE', #1382 ) ;
#5078 = CLOSED_SHELL ( 'NONE', ( #2073, #5764, #916, #4368 ) ) ;
#5079 = AXIS2_PLACEMENT_3D ( 'NONE', #672, #5726, #696 ) ;
#5080 = CARTESIAN_POINT ( 'NONE',  ( 1.524352020642664000, 1.007473919434200800, 1.758138779458742600 ) ) ;
#5081 = CARTESIAN_POINT ( 'NONE',  ( -0.1805840033258319900, 0.1000000000000000200, 2.288167332167288800 ) ) ;
#5082 = ORIENTED_EDGE ( 'NONE', *, *, #1765, .T. ) ;
#5083 = DIRECTION ( 'NONE',  ( 0.0000000000000000000, -1.000000000000000000, 0.0000000000000000000 ) ) ;
#5084 = EDGE_CURVE ( 'NONE', #5929, #5968, #4461, .T. ) ;
#5085 = CARTESIAN_POINT ( 'NONE',  ( -0.4838709677419362800, 0.9000000000000001300, 2.762096774193547200 ) ) ;
#5086 = CARTESIAN_POINT ( 'NONE',  ( 1.547336403710214000, 0.7934783820616612100, 1.848657193403494300 ) ) ;
#5087 = ORIENTED_EDGE ( 'NONE', *, *, #2909, .F. ) ;
#5088 = CARTESIAN_POINT ( 'NONE',  ( -2.649999999999999900, 3.499999999999999600, 2.065000000000001300 ) ) ;
#5089 = CARTESIAN_POINT ( 'NONE',  ( -1.130782434992203500, 0.9398072341992140800, 1.921285628062492600 ) ) ;
#5090 = CARTESIAN_POINT ( 'NONE',  ( -1.964294742901957900, 0.6000000000000005300, 1.949999999999998800 ) ) ;
#5091 = CARTESIAN_POINT ( 'NONE',  ( 0.4258467372988168900, 0.3000000000000004900, -2.428159765594021500 ) ) ;
#5092 = CARTESIAN_POINT ( 'NONE',  ( -2.550000000000000700, 0.6000000000000005300, 2.149999999999999000 ) ) ;
#5093 = EDGE_CURVE ( 'NONE', #2010, #3981, #4900, .T. ) ;
#5094 = CARTESIAN_POINT ( 'NONE',  ( 1.471076667614507900, 0.7241449208936878700, 1.830122066605866600 ) ) ;
#5095 = CARTESIAN_POINT ( 'NONE',  ( 0.9370122315488818000, 0.1000000000000000100, 1.850000891826769400 ) ) ;
#5096 = CARTESIAN_POINT ( 'NONE',  ( -0.06670240940164975900, 0.3000000000000004900, 2.498698311694335800 ) ) ;
#5097 = AXIS2_PLACEMENT_3D ( 'NONE', #1352, #1325, #3151 ) ;
#5098 = DIRECTION ( 'NONE',  ( 0.9363197852760810600, -0.0000000000000000000, 0.3511484866841287900 ) ) ;
#5099 = DIRECTION ( 'NONE',  ( 1.000000000000000000, 0.0000000000000000000, 2.344220913482164300E-016 ) ) ;
#5100 = CARTESIAN_POINT ( 'NONE',  ( -1.318500341999527100, 0.7949438901099510300, 2.193037994638443100 ) ) ;
#5101 = DIRECTION ( 'NONE',  ( 0.9072762929542511600, 0.0000000000000000000, 0.4205350499580168300 ) ) ;
#5102 = CARTESIAN_POINT ( 'NONE',  ( -1.282737387224788300, 1.092210571345176200, 1.397954325229644000 ) ) ;
#5103 = AXIS2_PLACEMENT_3D ( 'NONE', #1209, #2488, #657 ) ;
#5104 = AXIS2_PLACEMENT_3D ( 'NONE', #5817, #3472, #823 ) ;
#5105 = CARTESIAN_POINT ( 'NONE',  ( -1.846809173992063600, 0.7216791529293649100, 1.941113364303811400 ) ) ;
#5106 = CARTESIAN_POINT ( 'NONE',  ( -1.774562647529315000, 0.8382089343549358200, 2.234709805051309200 ) ) ;
#5107 = CARTESIAN_POINT ( 'NONE',  ( 1.319255951117685300, 0.6721868277111854300, 2.112403601530749200 ) ) ;
#5108 = VECTOR ( 'NONE', #1745, 1000.000000000000000 ) ;
#5109 = CARTESIAN_POINT ( 'NONE',  ( 1.367850346780454400, 0.8745556439892412400, 1.716827380273656400 ) ) ;
#5110 = PLANE ( 'NONE',  #5579 ) ;
#5111 = CARTESIAN_POINT ( 'NONE',  ( 0.1974167119896262900, 0.09999999999999996400, 2.282143084328788400 ) ) ;
#5112 = DIRECTION ( 'NONE',  ( -1.000000000000000000, 3.491481338843133400E-015, 2.344220913482171700E-016 ) ) ;
#5113 = ORIENTED_EDGE ( 'NONE', *, *, #1254, .T. ) ;
#5114 = CARTESIAN_POINT ( 'NONE',  ( 2.650000000000000400, 0.6882688531226738300, 2.191917073543623300 ) ) ;
#5115 = CARTESIAN_POINT ( 'NONE',  ( -1.311812470391553200, 0.7491570615637254100, 1.856860335618401700 ) ) ;
#5116 = ORIENTED_EDGE ( 'NONE', *, *, #453, .T. ) ;
#5117 = CARTESIAN_POINT ( 'NONE',  ( 2.549696006926525100, 0.6380767893437870900, 1.954486302015123100 ) ) ;
#5118 = CARTESIAN_POINT ( 'NONE',  ( -1.030704209416242400, 1.425344389707045500, 1.369139653481486100 ) ) ;
#5119 = FACE_OUTER_BOUND ( 'NONE', #5727, .T. ) ;
#5120 = CARTESIAN_POINT ( 'NONE',  ( -1.859308930390015700, 0.8152507467124180400, 2.037288532676452500 ) ) ;
#5121 = CARTESIAN_POINT ( 'NONE',  ( -1.589920150421539200, 0.7458757146600809600, 1.873650262615438800 ) ) ;
#5122 = ORIENTED_EDGE ( 'NONE', *, *, #4520, .F. ) ;
#5123 = ORIENTED_EDGE ( 'NONE', *, *, #2574, .F. ) ;
#5124 = CARTESIAN_POINT ( 'NONE',  ( 1.522931390394985500, 0.8756199207431701900, 2.260547205007816400 ) ) ;
#5125 = LINE ( 'NONE', #4787, #170 ) ;
#5126 = LINE ( 'NONE', #1802, #1983 ) ;
#5127 = DIRECTION ( 'NONE',  ( 2.990902544787602000E-016, -0.0000000000000000000, 1.000000000000000000 ) ) ;
#5128 = B_SPLINE_SURFACE_WITH_KNOTS ( 'NONE', 3, 3, ( 
 ( #2573, #2635, #5808, #809, #5304, #5776, #3576, #3600, #5482, #4571, #5919, #1356 ),
 ( #2723, #3625, #833, #3152, #5015, #5898, #3103, #4028, #1798, #2690, #366, #1389 ),
 ( #2234, #2255, #3560, #3138, #4085, #4104, #1312, #1371, #4507, #2706, #1827, #3126 ),
 ( #1328, #5966, #5459, #386, #4952, #436, #5032, #2664, #2276, #1773, #3177, #4542 ),
 ( #4054, #4967, #4990, #3642, #5942, #866, #917, #1812, #889, #4525, #2221, #4593 ),
 ( #5443, #2203, #5883, #5424, #5396, #422, #2651, #408, #854, #4072, #1851, #5118 ),
 ( #85, #4610, #1463, #5571, #5089, #3717, #1434, #54, #1903, #1000, #4187, #70 ),
 ( #3658, #3201, #1871, #462, #4635, #1888, #3741, #982, #3276, #30, #938, #4668 ),
 ( #3700, #2816, #5073, #1929, #2791, #3216, #3257, #2333, #4132, #5102, #544, #5545 ),
 ( #1019, #5508, #2312, #519, #4151, #2367, #2352, #484, #5046, #4210, #5591, #5527 ) ),
 .UNSPECIFIED., .T., .F., .F.,
 ( 4, 2, 2, 2, 4 ),
 ( 4, 2, 2, 2, 2, 4 ),
 ( 0.0000000000000000000, 0.2500000000000000000, 0.5000000000000000000, 0.7500000000000000000, 1.000000000000000000 ),
 ( 0.5819328839176166600, 0.6579959241240468400, 0.7366919789667576400, 0.8167155206589358200, 0.9100549755234312900, 1.000000000000000000 ),
 .UNSPECIFIED. ) ;
#5129 = CARTESIAN_POINT ( 'NONE',  ( 1.244788399308403700, 0.8533975200701186000, 1.767840389523136300 ) ) ;
#5130 = ORIENTED_EDGE ( 'NONE', *, *, #5239, .F. ) ;
#5131 = EDGE_CURVE ( 'NONE', #593, #1137, #3219, .T. ) ;
#5132 = VERTEX_POINT ( 'NONE', #4979 ) ;
#5133 = CARTESIAN_POINT ( 'NONE',  ( -1.110186719841295100, 1.487618553277537400, 1.396900889052844300 ) ) ;
#5134 = LINE ( 'NONE', #255, #3835 ) ;
#5135 = DIRECTION ( 'NONE',  ( 0.0000000000000000000, -1.000000000000000000, 0.0000000000000000000 ) ) ;
#5136 = ORIENTED_EDGE ( 'NONE', *, *, #45, .F. ) ;
#5137 = ORIENTED_EDGE ( 'NONE', *, *, #433, .F. ) ;
#5138 = DIRECTION ( 'NONE',  ( -0.1039479909181870200, 0.2912649715918035900, -0.9509781971778841200 ) ) ;
#5139 = CARTESIAN_POINT ( 'NONE',  ( 2.650000000000000400, 0.6966534451502214300, 2.173400077428798000 ) ) ;
#5140 = CARTESIAN_POINT ( 'NONE',  ( -1.082081867427022100, 1.169215633025781200, 1.861655712833393900 ) ) ;
#5141 = CARTESIAN_POINT ( 'NONE',  ( 0.8386609206840867100, 2.200000000000000600, 4.516666666666668400 ) ) ;
#5142 = ORIENTED_EDGE ( 'NONE', *, *, #660, .T. ) ;
#5143 = CARTESIAN_POINT ( 'NONE',  ( 2.550000000000002500, 0.6000000000000003100, 0.8999999999999990200 ) ) ;
#5144 = ORIENTED_EDGE ( 'NONE', *, *, #4396, .T. ) ;
#5145 = ORIENTED_EDGE ( 'NONE', *, *, #1192, .T. ) ;
#5146 = CARTESIAN_POINT ( 'NONE',  ( -1.657117990109689700, 0.8253715398664570600, 1.886862258276311900 ) ) ;
#5147 = CARTESIAN_POINT ( 'NONE',  ( -0.5490880146518064600, 0.3000000000000004900, -2.379054303244446000 ) ) ;
#5148 = CARTESIAN_POINT ( 'NONE',  ( 1.876485745783142100, 0.4042852537196080000, 2.043036597951954000 ) ) ;
#5149 = VERTEX_POINT ( 'NONE', #4069 ) ;
#5150 = DIRECTION ( 'NONE',  ( 1.000000000000000000, 1.869314090492263000E-017, -1.869314090492249700E-017 ) ) ;
#5151 = CARTESIAN_POINT ( 'NONE',  ( -1.049617701852467700, 0.09999999999999992200, 1.718932572593969300 ) ) ;
#5152 = ORIENTED_EDGE ( 'NONE', *, *, #773, .F. ) ;
#5153 = CARTESIAN_POINT ( 'NONE',  ( -2.549999999999999400, 4.399999999999998600, 2.111351376446605400 ) ) ;
#5154 = EDGE_CURVE ( 'NONE', #5077, #305, #83, .T. ) ;
#5155 =( BOUNDED_SURFACE ( )  B_SPLINE_SURFACE ( 3, 1, ( 
 ( #2575, #777 ),
 ( #2563, #1675 ),
 ( #312, #4896 ),
 ( #1657, #2147 ) ),
 .UNSPECIFIED., .F., .F., .F. ) 
 B_SPLINE_SURFACE_WITH_KNOTS ( ( 4, 4 ),
 ( 2, 2 ),
 ( 0.0000000000000000000, 1.000000000000000000 ),
 ( 0.0000000000000000000, 1.000000000000000000 ),
 .UNSPECIFIED. ) 
 GEOMETRIC_REPRESENTATION_ITEM ( )  RATIONAL_B_SPLINE_SURFACE ( (
 ( 1.000000000000000000, 1.000000000000000000),
 ( 0.8266666666666667700, 0.8266666666666667700),
 ( 0.8266666666666667700, 0.8266666666666667700),
 ( 1.000000000000000000, 1.000000000000000000) ) ) 
 REPRESENTATION_ITEM ( '' )  SURFACE ( )  );
#5156 = CARTESIAN_POINT ( 'NONE',  ( 0.0000000000000000000, 0.1000000000000000100, 1.949999999999999700 ) ) ;
#5157 = DIRECTION ( 'NONE',  ( 2.344220913482172100E-016, 1.224646799147353200E-016, 1.000000000000000000 ) ) ;
#5158 =( NAMED_UNIT ( * ) SI_UNIT ( $, .STERADIAN. ) SOLID_ANGLE_UNIT ( ) );
#5159 = CARTESIAN_POINT ( 'NONE',  ( -1.441926414227402200, 1.218172081829718800, 1.449537920565507900 ) ) ;
#5160 = CARTESIAN_POINT ( 'NONE',  ( -1.724566217200916200, 0.8788134112726943000, 2.003936369439267100 ) ) ;
#5161 = CARTESIAN_POINT ( 'NONE',  ( -1.566839612366199400, 0.7689058563756616700, 1.861754120745606300 ) ) ;
#5162 = CARTESIAN_POINT ( 'NONE',  ( -0.6368088549934624000, 0.3000000000000004900, -2.335712410240563300 ) ) ;
#5163 = CARTESIAN_POINT ( 'NONE',  ( 1.656637997043548300, 0.9427598966707988500, 1.970503474246424500 ) ) ;
#5164 = EDGE_CURVE ( 'NONE', #2630, #397, #2032, .T. ) ;
#5165 =( NAMED_UNIT ( * ) PLANE_ANGLE_UNIT ( ) SI_UNIT ( $, .RADIAN. ) );
#5166 = COLOUR_RGB ( '',0.7921568627450980000, 0.8196078431372548800, 0.9333333333333333500 ) ;
#5167 = CARTESIAN_POINT ( 'NONE',  ( -0.1413771696446251800, 0.09999999999999990800, 2.290765313538607000 ) ) ;
#5168 = DIRECTION ( 'NONE',  ( 1.000000000000000000, 0.0000000000000000000, 0.0000000000000000000 ) ) ;
#5169 = EDGE_CURVE ( 'NONE', #981, #2680, #2787, .T. ) ;
#5170 = DIRECTION ( 'NONE',  ( 0.0000000000000000000, 1.000000000000000000, 0.0000000000000000000 ) ) ;
#5171 = PRESENTATION_STYLE_ASSIGNMENT (( #4609 ) ) ;
#5172 = CARTESIAN_POINT ( 'NONE',  ( -1.645389021482630100, 0.6716794451264072000, 2.312468758621543800 ) ) ;
#5173 = DIRECTION ( 'NONE',  ( -0.0000000000000000000, 0.0000000000000000000, -1.000000000000000000 ) ) ;
#5174 = PLANE ( 'NONE',  #3577 ) ;
#5175 = AXIS2_PLACEMENT_3D ( 'NONE', #3992, #5844, #4010 ) ;
#5176 = CARTESIAN_POINT ( 'NONE',  ( -1.318500341999527800, 0.7949438901099514800, 2.193037994638443100 ) ) ;
#5177 = CARTESIAN_POINT ( 'NONE',  ( -1.790720107010456800, 0.4192456189356999500, 2.035198534649146100 ) ) ;
#5178 = CARTESIAN_POINT ( 'NONE',  ( 0.09884735305053638000, 0.09999999999999990800, -2.295538713022561100 ) ) ;
#5179 = CARTESIAN_POINT ( 'NONE',  ( 1.515266833267403500, 0.6218911739690877700, 2.283665547017188900 ) ) ;
#5180 = ADVANCED_FACE ( 'NONE', ( #2373 ), #3168, .T. ) ;
#5181 = FACE_OUTER_BOUND ( 'NONE', #2449, .T. ) ;
#5182 = DIRECTION ( 'NONE',  ( -2.344220913482172100E-016, 3.491481338843133400E-015, 1.000000000000000000 ) ) ;
#5183 = EDGE_CURVE ( 'NONE', #5242, #3127, #2517, .T. ) ;
#5184 = ORIENTED_EDGE ( 'NONE', *, *, #3689, .T. ) ;
#5185 = CARTESIAN_POINT ( 'NONE',  ( -0.3070496721726984600, 0.09999999999999996400, 2.256047459392170200 ) ) ;
#5186 = FACE_OUTER_BOUND ( 'NONE', #4627, .T. ) ;
#5187 = SURFACE_SIDE_STYLE ('',( #5035 ) ) ;
#5188 = ORIENTED_EDGE ( 'NONE', *, *, #2003, .T. ) ;
#5189 = LINE ( 'NONE', #757, #5057 ) ;
#5190 = DIRECTION ( 'NONE',  ( 1.112002228190261000E-016, 0.0000000000000000000, 1.000000000000000000 ) ) ;
#5191 = FACE_OUTER_BOUND ( 'NONE', #5638, .T. ) ;
#5192 = ORIENTED_EDGE ( 'NONE', *, *, #2775, .F. ) ;
#5193 = LINE ( 'NONE', #3685, #320 ) ;
#5194 = B_SPLINE_CURVE_WITH_KNOTS ( 'NONE', 3,
 ( #2317, #3646, #1890, #1874 ),
 .UNSPECIFIED., .F., .F.,
 ( 4, 4 ),
 ( 0.0000000000000000000, 1.000000000000000000 ),
 .UNSPECIFIED. ) ;
#5195 = CARTESIAN_POINT ( 'NONE',  ( -1.452243306204926300, 1.341400440149881800, 1.503424552735833400 ) ) ;
#5196 = CARTESIAN_POINT ( 'NONE',  ( -1.929061388711463200, 0.4955902182068863100, 1.949838051677019100 ) ) ;
#5197 = CARTESIAN_POINT ( 'NONE',  ( -1.964294742901957900, 0.7047197551196603400, 2.349999999999998800 ) ) ;
#5198 = CARTESIAN_POINT ( 'NONE',  ( -1.244951915609736200, 0.3000000000000003800, -1.792134645933049200 ) ) ;
#5199 = DIRECTION ( 'NONE',  ( 8.133150102986633400E-031, 1.000000000000000000, -3.469446951953611800E-015 ) ) ;
#5200 = ORIENTED_EDGE ( 'NONE', *, *, #3572, .F. ) ;
#5201 = VERTEX_POINT ( 'NONE', #862 ) ;
#5202 = CARTESIAN_POINT ( 'NONE',  ( 2.192869499383279100, 0.4932693072543673000, 1.951050632258500800 ) ) ;
#5203 = CYLINDRICAL_SURFACE ( 'NONE', #5175, 0.09999999999999986700 ) ;
#5204 = PRESENTATION_LAYER_ASSIGNMENT (  '', '', ( #4887 ) ) ;
#5205 = PLANE ( 'NONE',  #1470 ) ;
#5206 = ORIENTED_EDGE ( 'NONE', *, *, #5584, .T. ) ;
#5207 = CARTESIAN_POINT ( 'NONE',  ( -2.550000000000000700, 0.6000000000000005300, 2.149999999999999000 ) ) ;
#5208 = ORIENTED_EDGE ( 'NONE', *, *, #5698, .T. ) ;
#5209 = CARTESIAN_POINT ( 'NONE',  ( -2.549696006926527800, 0.6380767893437872000, 1.954486302015122600 ) ) ;
#5210 = ADVANCED_FACE ( 'NONE', ( #1169 ), #2655, .F. ) ;
#5211 = ORIENTED_EDGE ( 'NONE', *, *, #2016, .T. ) ;
#5212 = AXIS2_PLACEMENT_3D ( 'NONE', #2701, #1323, #23 ) ;
#5213 = CARTESIAN_POINT ( 'NONE',  ( -0.5953724241753416400, 0.1000000000000000200, -2.132585905840934000 ) ) ;
#5214 = CARTESIAN_POINT ( 'NONE',  ( 1.181209545584136300, 1.494933466931528800, 1.577244245399285600 ) ) ;
#5215 = AXIS2_PLACEMENT_3D ( 'NONE', #5311, #282, #3956 ) ;
#5216 =( LENGTH_UNIT ( ) NAMED_UNIT ( * ) SI_UNIT ( .MILLI., .METRE. ) );
#5217 = ORIENTED_EDGE ( 'NONE', *, *, #3516, .F. ) ;
#5218 = ORIENTED_EDGE ( 'NONE', *, *, #2530, .F. ) ;
#5219 = CARTESIAN_POINT ( 'NONE',  ( -1.749072755408382900, 0.4303274523388142500, 2.029391413141012500 ) ) ;
#5220 = CARTESIAN_POINT ( 'NONE',  ( -1.394576857130301900, 0.6409736585278439400, 1.919315294466532400 ) ) ;
#5221 = CARTESIAN_POINT ( 'NONE',  ( 0.8183708045969680900, 0.09999999999999996400, -1.965848472823219500 ) ) ;
#5222 = CARTESIAN_POINT ( 'NONE',  ( 1.721328182464051800, 0.5435201836500482800, 1.924735683547264400 ) ) ;
#5223 = CARTESIAN_POINT ( 'NONE',  ( 2.192856824238384100, 0.7027089236140124900, 2.351050375022972500 ) ) ;
#5224 = CARTESIAN_POINT ( 'NONE',  ( -1.378366482324259400, 1.082347921297782000, 1.560440944930504800 ) ) ;
#5225 = CARTESIAN_POINT ( 'NONE',  ( -1.711322751605630900, 4.500000000000000000, -0.2791601061504556700 ) ) ;
#5226 = CARTESIAN_POINT ( 'NONE',  ( 0.7983500786725179500, 0.09999999999999997800, 1.983234062586512800 ) ) ;
#5227 = CARTESIAN_POINT ( 'NONE',  ( 1.193267242786742100, 0.9515690921350571400, 1.655548590482292600 ) ) ;
#5228 = EDGE_CURVE ( 'NONE', #4167, #3534, #2444, .T. ) ;
#5229 = ORIENTED_EDGE ( 'NONE', *, *, #2986, .F. ) ;
#5230 = CARTESIAN_POINT ( 'NONE',  ( 2.549999999999999800, 0.6000000000000004200, -1.850000000000001600 ) ) ;
#5231 = CARTESIAN_POINT ( 'NONE',  ( 0.0000000000000000000, 0.0000000000000000000, 1.949999999999999700 ) ) ;
#5232 = CARTESIAN_POINT ( 'NONE',  ( 1.378366482324259400, 1.082347921297782000, 1.560440944930504800 ) ) ;
#5233 = CARTESIAN_POINT ( 'NONE',  ( -1.711322751605630900, 4.399999999999999500, 0.2791601061504556100 ) ) ;
#5234 = CARTESIAN_POINT ( 'NONE',  ( -1.446763976968775500, 1.250152294252233600, 1.360959924661346900 ) ) ;
#5235 = CARTESIAN_POINT ( 'NONE',  ( -1.515266833267403500, 0.6218911739690877700, 2.283665547017188900 ) ) ;
#5236 = CARTESIAN_POINT ( 'NONE',  ( -1.863345014939384000, 0.4049154491658448200, 2.252146054359566400 ) ) ;
#5237 = CARTESIAN_POINT ( 'NONE',  ( -0.7983500786725155100, 0.09999999999999997800, -1.983234062586516600 ) ) ;
#5238 = LINE ( 'NONE', #937, #77 ) ;
#5239 = EDGE_CURVE ( 'NONE', #4793, #1859, #3215, .T. ) ;
#5240 = CARTESIAN_POINT ( 'NONE',  ( 1.964294742901957900, 0.4000000000000000200, 2.254719755119658900 ) ) ;
#5241 = CARTESIAN_POINT ( 'NONE',  ( -1.401314468797899800, 1.026359773736647900, 1.639845128611228600 ) ) ;
#5242 = VERTEX_POINT ( 'NONE', #1458 ) ;
#5243 = VECTOR ( 'NONE', #1823, 1000.000000000000000 ) ;
#5244 = CARTESIAN_POINT ( 'NONE',  ( 1.012482051582027600, 1.274420238430021600, 1.400911508484533600 ) ) ;
#5245 = AXIS2_PLACEMENT_3D ( 'NONE', #5207, #3894, #674 ) ;
#5246 = AXIS2_PLACEMENT_3D ( 'NONE', #1660, #2599, #5292 ) ;
#5247 = PLANE ( 'NONE',  #4008 ) ;
#5248 = CARTESIAN_POINT ( 'NONE',  ( -2.549999999999999800, 0.9000000000000014700, 1.350000000000001200 ) ) ;
#5249 = FACE_OUTER_BOUND ( 'NONE', #4992, .T. ) ;
#5250 = CARTESIAN_POINT ( 'NONE',  ( -0.8739271390430309900, 0.09999999999999999200, -1.915012515177893200 ) ) ;
#5251 = ORIENTED_EDGE ( 'NONE', *, *, #5318, .T. ) ;
#5252 = CARTESIAN_POINT ( 'NONE',  ( 1.510788061845506500, 1.067583892207285600, 2.107861096873944600 ) ) ;
#5253 = FACE_OUTER_BOUND ( 'NONE', #4488, .T. ) ;
#5254 = AXIS2_PLACEMENT_3D ( 'NONE', #211, #5759, #2988 ) ;
#5255 = CARTESIAN_POINT ( 'NONE',  ( -1.776035663235344500, 0.5161235654771606500, 2.339081367390512000 ) ) ;
#5256 = CARTESIAN_POINT ( 'NONE',  ( -1.471019814190938700, 0.9336108124458972800, 2.230108248233697600 ) ) ;
#5257 = CARTESIAN_POINT ( 'NONE',  ( -0.2249796586946887200, 0.09999999999999990800, -2.276669728063999800 ) ) ;
#5258 = ORIENTED_EDGE ( 'NONE', *, *, #4459, .T. ) ;
#5259 = DIRECTION ( 'NONE',  ( 2.168404344971012800E-015, 0.0000000000000000000, 1.000000000000000000 ) ) ;
#5260 = VECTOR ( 'NONE', #763, 1000.000000000000000 ) ;
#5261 = CIRCLE ( 'NONE', #3731, 2.966666666666668600 ) ;
#5262 = DIRECTION ( 'NONE',  ( 0.0000000000000000000, 1.000000000000000000, 0.0000000000000000000 ) ) ;
#5263 = EDGE_CURVE ( 'NONE', #5881, #2824, #5473, .T. ) ;
#5264 = ORIENTED_EDGE ( 'NONE', *, *, #5362, .F. ) ;
#5265 = VERTEX_POINT ( 'NONE', #2773 ) ;
#5266 = CARTESIAN_POINT ( 'NONE',  ( 1.106603292521152400, 0.2265403049864023500, -1.849999999999999900 ) ) ;
#5267 = CARTESIAN_POINT ( 'NONE',  ( 0.0000000000000000000, -6.765421556309541400E-015, -1.849999999999999400 ) ) ;
#5268 = COLOUR_RGB ( '',0.5372549019607842900, 0.3490196078431372400, 0.3372549019607843400 ) ;
#5269 = CIRCLE ( 'NONE', #3458, 0.1000000000000000300 ) ;
#5270 = EDGE_LOOP ( 'NONE', ( #1561, #455, #4989, #3156 ) ) ;
#5271 = ORIENTED_EDGE ( 'NONE', *, *, #4039, .T. ) ;
#5272 = DIRECTION ( 'NONE',  ( 0.0000000000000000000, 0.0000000000000000000, -1.000000000000000000 ) ) ;
#5273 = ADVANCED_FACE ( 'NONE', ( #3431 ), #1500, .T. ) ;
#5274 = DIRECTION ( 'NONE',  ( 0.0000000000000000000, 1.000000000000000000, -0.0000000000000000000 ) ) ;
#5275 = FACE_OUTER_BOUND ( 'NONE', #5436, .T. ) ;
#5276 = CARTESIAN_POINT ( 'NONE',  ( 1.503297030129477900, 0.8520437117848803600, 1.813444340427279300 ) ) ;
#5277 = CARTESIAN_POINT ( 'NONE',  ( 1.200000000000000600, 0.0000000000000000000, -1.849999999999999200 ) ) ;
#5278 = ORIENTED_EDGE ( 'NONE', *, *, #5357, .F. ) ;
#5279 = EDGE_CURVE ( 'NONE', #531, #3702, #2513, .T. ) ;
#5280 = ORIENTED_EDGE ( 'NONE', *, *, #3018, .F. ) ;
#5281 = PRODUCT_DEFINITION_SHAPE ( 'NONE', 'NONE',  #3508 ) ;
#5282 = FACE_OUTER_BOUND ( 'NONE', #759, .T. ) ;
#5283 = DIRECTION ( 'NONE',  ( -1.000000000000000000, -0.0000000000000000000, 2.344220913482172100E-016 ) ) ;
#5284 = CARTESIAN_POINT ( 'NONE',  ( 1.935255410416176500, 0.6002742510206357000, 1.949856722103164400 ) ) ;
#5285 = ORIENTED_EDGE ( 'NONE', *, *, #2119, .F. ) ;
#5286 = CARTESIAN_POINT ( 'NONE',  ( 1.964294742901957900, 0.7047197551196601200, 1.949999999999998600 ) ) ;
#5287 = EDGE_CURVE ( 'NONE', #530, #2281, #4299, .T. ) ;
#5288 = PRESENTATION_STYLE_ASSIGNMENT (( #3132 ) ) ;
#5289 = DIRECTION ( 'NONE',  ( 1.000000000000000000, -0.0000000000000000000, -8.856307110281076300E-017 ) ) ;
#5290 = CARTESIAN_POINT ( 'NONE',  ( 2.549999999999999800, 4.336808689942017700E-016, -2.183462708477746700E-017 ) ) ;
#5291 = ORIENTED_EDGE ( 'NONE', *, *, #2101, .F. ) ;
#5292 = DIRECTION ( 'NONE',  ( -2.854018463078766300E-016, 0.0000000000000000000, -1.000000000000000000 ) ) ;
#5293 = AXIS2_PLACEMENT_3D ( 'NONE', #3650, #4584, #2657 ) ;
#5294 = CARTESIAN_POINT ( 'NONE',  ( 1.442591212320319900, 1.235766943727923700, 1.405610229178795100 ) ) ;
#5295 = EDGE_CURVE ( 'NONE', #5870, #1849, #3797, .T. ) ;
#5296 = DIRECTION ( 'NONE',  ( 1.000000000000000000, -0.0000000000000000000, -0.0000000000000000000 ) ) ;
#5297 = CARTESIAN_POINT ( 'NONE',  ( -1.338167331331740200, 1.384606833564511000, 1.761018132879553600 ) ) ;
#5298 = CARTESIAN_POINT ( 'NONE',  ( -2.550000000000000700, 0.0000000000000000000, 1.849999999999999900 ) ) ;
#5299 = DIRECTION ( 'NONE',  ( 2.344220913482172100E-016, 0.0000000000000000000, -1.000000000000000000 ) ) ;
#5300 = EDGE_CURVE ( 'NONE', #4778, #2891, #1530, .T. ) ;
#5301 = CARTESIAN_POINT ( 'NONE',  ( -0.05768448073530514600, 0.09999999999999990800, -2.298819384400963900 ) ) ;
#5302 = CARTESIAN_POINT ( 'NONE',  ( -1.086490818154276100, 0.3000000000000004900, 1.983307596894464500 ) ) ;
#5303 = ADVANCED_FACE ( 'NONE', ( #3716 ), #4628, .F. ) ;
#5304 = CARTESIAN_POINT ( 'NONE',  ( -1.446101183711558900, 0.9410147817117210400, 1.737483079866199500 ) ) ;
#5305 = DIRECTION ( 'NONE',  ( 0.0000000000000000000, 0.0000000000000000000, 1.000000000000000000 ) ) ;
#5306 = CARTESIAN_POINT ( 'NONE',  ( 2.649999999999960800, 0.6103600419175510000, 1.948087928548713600 ) ) ;
#5307 = DIRECTION ( 'NONE',  ( 9.346570452461219400E-018, 1.000000000000000000, -6.982962677686266700E-015 ) ) ;
#5308 = FACE_OUTER_BOUND ( 'NONE', #735, .T. ) ;
#5309 = CARTESIAN_POINT ( 'NONE',  ( -1.200000000000000600, 0.3000000000000003800, -1.849999999999999600 ) ) ;
#5310 = CARTESIAN_POINT ( 'NONE',  ( -1.925000000000000500, 10.00000000000000000, 1.950000000000000000 ) ) ;
#5311 = CARTESIAN_POINT ( 'NONE',  ( -0.8386609206840866000, 2.200000000000000600, -0.7103414590570742400 ) ) ;
#5312 = CARTESIAN_POINT ( 'NONE',  ( 1.503297030129477900, 0.8520437117848803600, 1.813444340427279300 ) ) ;
#5313 = DIRECTION ( 'NONE',  ( -0.0000000000000000000, -1.000000000000000000, -0.0000000000000000000 ) ) ;
#5314 = LINE ( 'NONE', #3711, #2722 ) ;
#5315 = CARTESIAN_POINT ( 'NONE',  ( -1.964294742901957900, 0.6000000000000005300, 1.949999999999998800 ) ) ;
#5316 = CARTESIAN_POINT ( 'NONE',  ( 1.686295240437943200, 0.9096707521881816100, 1.987895298707573300 ) ) ;
#5317 = AXIS2_PLACEMENT_3D ( 'NONE', #2917, #3820, #1093 ) ;
#5318 = EDGE_CURVE ( 'NONE', #3965, #912, #5314, .T. ) ;
#5319 = DIRECTION ( 'NONE',  ( -0.3511484866841280700, 0.0000000000000000000, -0.9363197852760811700 ) ) ;
#5320 = CARTESIAN_POINT ( 'NONE',  ( 2.550000000000002500, 0.6000000000000007500, -0.9000000000000009100 ) ) ;
#5321 = DIRECTION ( 'NONE',  ( 0.0000000000000000000, 1.000000000000000000, 0.0000000000000000000 ) ) ;
#5322 = VECTOR ( 'NONE', #3812, 1000.000000000000000 ) ;
#5323 = ORIENTED_EDGE ( 'NONE', *, *, #356, .T. ) ;
#5324 = VECTOR ( 'NONE', #280, 1000.000000000000000 ) ;
#5325 = CARTESIAN_POINT ( 'NONE',  ( -0.8677564237645010200, 0.9000000000000032400, -2.273161581894536500 ) ) ;
#5326 = ADVANCED_FACE ( 'NONE', ( #1818 ), #1529, .T. ) ;
#5327 = CARTESIAN_POINT ( 'NONE',  ( -1.689467558815849900, 4.500000000000000000, -2.399999999999998600 ) ) ;
#5328 = VECTOR ( 'NONE', #5946, 1000.000000000000000 ) ;
#5329 = CARTESIAN_POINT ( 'NONE',  ( 1.299057352204885400, 1.018088887156934500, 1.537038360328204500 ) ) ;
#5330 = VERTEX_POINT ( 'NONE', #2848 ) ;
#5331 = VERTEX_POINT ( 'NONE', #5602 ) ;
#5332 = DIRECTION ( 'NONE',  ( 0.0000000000000000000, 0.0000000000000000000, -1.000000000000000000 ) ) ;
#5333 = UNCERTAINTY_MEASURE_WITH_UNIT (LENGTH_MEASURE( 1.000000000000000100E-005 ), #3777, 'distance_accuracy_value', 'NONE');
#5334 = LINE ( 'NONE', #4742, #2882 ) ;
#5335 = CARTESIAN_POINT ( 'NONE',  ( -1.589920150421539200, 0.7458757146600809600, 1.873650262615438800 ) ) ;
#5336 = CARTESIAN_POINT ( 'NONE',  ( 1.798141017758766000, 0.7384889322378975800, 1.932315363846021800 ) ) ;
#5337 = CARTESIAN_POINT ( 'NONE',  ( 2.650000000000000400, 0.5515949924328779100, 2.235265179020432800 ) ) ;
#5338 = ORIENTED_EDGE ( 'NONE', *, *, #2402, .F. ) ;
#5339 = EDGE_LOOP ( 'NONE', ( #3670, #2955, #4987 ) ) ;
#5340 = FACE_OUTER_BOUND ( 'NONE', #4504, .T. ) ;
#5341 = EDGE_CURVE ( 'NONE', #3624, #4805, #3072, .T. ) ;
#5342 = CARTESIAN_POINT ( 'NONE',  ( -1.689467558815850500, 4.500000000000000000, 2.399999999999998600 ) ) ;
#5343 = CARTESIAN_POINT ( 'NONE',  ( 1.244746375977766200, 0.3000000000000003800, -1.792384965417170600 ) ) ;
#5344 = EDGE_LOOP ( 'NONE', ( #2051, #67 ) ) ;
#5345 = DIRECTION ( 'NONE',  ( 0.0000000000000000000, 1.000000000000000000, 0.0000000000000000000 ) ) ;
#5346 = VERTEX_POINT ( 'NONE', #2379 ) ;
#5347 = DIRECTION ( 'NONE',  ( 0.0000000000000000000, 0.0000000000000000000, -1.000000000000000000 ) ) ;
#5348 = CIRCLE ( 'NONE', #4953, 1.898311161796839600 ) ;
#5349 = DIRECTION ( 'NONE',  ( 0.0000000000000000000, 0.0000000000000000000, 1.000000000000000000 ) ) ;
#5350 = ORIENTED_EDGE ( 'NONE', *, *, #1086, .T. ) ;
#5351 = CARTESIAN_POINT ( 'NONE',  ( 1.455733550706816500, 0.7961240955367950800, 2.247335209346948300 ) ) ;
#5352 = EDGE_LOOP ( 'NONE', ( #4518, #5264, #2878, #5732 ) ) ;
#5353 = CARTESIAN_POINT ( 'NONE',  ( -2.650000000000013200, 0.5030914741338636800, 1.976143374228849000 ) ) ;
#5354 = CARTESIAN_POINT ( 'NONE',  ( 1.285458484761898200, 0.7149958366687867400, 2.089726840593142000 ) ) ;
#5355 = ORIENTED_EDGE ( 'NONE', *, *, #2584, .T. ) ;
#5356 = PLANE ( 'NONE',  #5212 ) ;
#5357 = EDGE_CURVE ( 'NONE', #3965, #2954, #3006, .T. ) ;
#5358 = ORIENTED_EDGE ( 'NONE', *, *, #2806, .T. ) ;
#5359 = DIRECTION ( 'NONE',  ( 0.0000000000000000000, -0.0000000000000000000, 1.000000000000000000 ) ) ;
#5360 = ADVANCED_FACE ( 'NONE', ( #4012 ), #3796, .F. ) ;
#5361 = ORIENTED_EDGE ( 'NONE', *, *, #3915, .T. ) ;
#5362 = EDGE_CURVE ( 'NONE', #2044, #981, #1388, .T. ) ;
#5363 = VERTEX_POINT ( 'NONE', #1112 ) ;
#5364 = STYLED_ITEM ( 'NONE', ( #956 ), #4267 ) ;
#5365 = DIRECTION ( 'NONE',  ( -2.344220913482164300E-016, 2.168404344971018700E-016, -1.000000000000000000 ) ) ;
#5366 = CARTESIAN_POINT ( 'NONE',  ( 2.183209589707005200, 0.7024340572999614500, 1.951194049212897900 ) ) ;
#5367 = CARTESIAN_POINT ( 'NONE',  ( -2.650000000000000400, 0.6175463026559993000, 2.248553053859189400 ) ) ;
#5368 = CARTESIAN_POINT ( 'NONE',  ( 2.649999999999999000, 0.5542117713734018300, 2.062764108326407900 ) ) ;
#5369 = CARTESIAN_POINT ( 'NONE',  ( -2.650000000000000400, 0.5418310404788286800, 2.229127282508037500 ) ) ;
#5370 = DIRECTION ( 'NONE',  ( 0.0000000000000000000, 1.000000000000000000, -0.0000000000000000000 ) ) ;
#5371 = CARTESIAN_POINT ( 'NONE',  ( -2.650000000000000800, 0.6164433852300742500, 2.052117769353600800 ) ) ;
#5372 = CARTESIAN_POINT ( 'NONE',  ( 1.365347262039189500, 0.6779255830735297900, 1.899704505030163700 ) ) ;
#5373 = CARTESIAN_POINT ( 'NONE',  ( -1.711516543093141200, 4.399999999999998600, 2.499999999999999100 ) ) ;
#5374 = AXIS2_PLACEMENT_3D ( 'NONE', #4281, #4362, #168 ) ;
#5375 = CARTESIAN_POINT ( 'NONE',  ( 1.471019814190938700, 0.9336108124458972800, 2.230108248233697600 ) ) ;
#5376 = EDGE_CURVE ( 'NONE', #2969, #2452, #2029, .T. ) ;
#5377 = CARTESIAN_POINT ( 'NONE',  ( 2.650000000000000400, 0.5005033214988181500, 2.164924778254927200 ) ) ;
#5378 = DIRECTION ( 'NONE',  ( 1.000000000000000000, 3.491481338843133400E-015, 2.344220913482171700E-016 ) ) ;
#5379 = CARTESIAN_POINT ( 'NONE',  ( -2.549999999999999800, 4.336808689942017700E-016, 0.8999999999999988000 ) ) ;
#5380 = CARTESIAN_POINT ( 'NONE',  ( 2.421428409667827400, 0.7037143061184086800, 2.350525204879350600 ) ) ;
#5381 = DIRECTION ( 'NONE',  ( -1.000000000000000000, 0.0000000000000000000, -2.990902544787597600E-016 ) ) ;
#5382 = FACE_OUTER_BOUND ( 'NONE', #331, .T. ) ;
#5383 =( NAMED_UNIT ( * ) SI_UNIT ( $, .STERADIAN. ) SOLID_ANGLE_UNIT ( ) );
#5384 = CARTESIAN_POINT ( 'NONE',  ( -2.650000000000000400, 0.5027379655748942500, 2.173584019007754000 ) ) ;
#5385 = ORIENTED_EDGE ( 'NONE', *, *, #2515, .F. ) ;
#5386 = DIRECTION ( 'NONE',  ( 0.0000000000000000000, 1.000000000000000000, 0.0000000000000000000 ) ) ;
#5387 = ADVANCED_FACE ( 'NONE', ( #5382 ), #793, .F. ) ;
#5388 = LINE ( 'NONE', #825, #4163 ) ;
#5389 = EDGE_CURVE ( 'NONE', #1631, #4640, #9, .T. ) ;
#5390 = CARTESIAN_POINT ( 'NONE',  ( 0.3076409810998320700, 0.1000000000000000100, -2.256414289581278400 ) ) ;
#5391 = CARTESIAN_POINT ( 'NONE',  ( 1.150114993625849500, 1.039586041606920900, 2.009886198763079600 ) ) ;
#5392 = B_SPLINE_CURVE_WITH_KNOTS ( 'NONE', 3,
 ( #4491, #4996, #5871, #2694, #5369, #4956, #1754, #4970, #2207, #338, #5384, #2669, #4512, #369, #5925, #5848, #2653, #795, #3608, #4059, #2619, #394, #5403, #5888, #1782, #3582, #1337, #3566, #842, #869, #2237 ),
 .UNSPECIFIED., .F., .F.,
 ( 4, 3, 3, 3, 3, 3, 3, 3, 3, 3, 4 ),
 ( 0.0003239200529929479800, 0.0003578558866983060000, 0.0003923416894193901100, 0.0004288754068050748700, 0.0004549623527114394300, 0.0004811349269853165000, 0.0005138749023837096300, 0.0005501445105849227800, 0.0005858944269298681900, 0.0006146827441060032400, 0.0006315886955788241200 ),
 .UNSPECIFIED. ) ;
#5393 = CARTESIAN_POINT ( 'NONE',  ( 1.776035663235344500, 0.5161235654771606500, 2.339081367390512000 ) ) ;
#5394 = ORIENTED_EDGE ( 'NONE', *, *, #2394, .T. ) ;
#5395 = LINE ( 'NONE', #2991, #5918 ) ;
#5396 = CARTESIAN_POINT ( 'NONE',  ( -1.150114993625849500, 1.039586041606920900, 2.009886198763079600 ) ) ;
#5397 = VERTEX_POINT ( 'NONE', #1051 ) ;
#5398 = CARTESIAN_POINT ( 'NONE',  ( 1.964294742901957900, 0.6000000000000003100, 1.949999999999998800 ) ) ;
#5399 = CARTESIAN_POINT ( 'NONE',  ( 2.649999999999999500, 0.1000000000000000100, -1.849999999999999900 ) ) ;
#5400 = CARTESIAN_POINT ( 'NONE',  ( 1.064950599469287800, 0.3000000000000004900, -2.006133850298978100 ) ) ;
#5401 = CARTESIAN_POINT ( 'NONE',  ( 2.549782265668134600, 0.5995728764910528400, 1.950223141967440300 ) ) ;
#5402 = VECTOR ( 'NONE', #259, 1000.000000000000000 ) ;
#5403 = CARTESIAN_POINT ( 'NONE',  ( -2.650000000000000400, 0.5494972009087584200, 2.065827466876738700 ) ) ;
#5404 = AXIS2_PLACEMENT_3D ( 'NONE', #4020, #5332, #3493 ) ;
#5405 = VECTOR ( 'NONE', #776, 1000.000000000000000 ) ;
#5406 = ORIENTED_EDGE ( 'NONE', *, *, #2641, .F. ) ;
#5407 = ORIENTED_EDGE ( 'NONE', *, *, #4678, .F. ) ;
#5408 = CARTESIAN_POINT ( 'NONE',  ( 2.550000000000000700, 0.1000000000000002600, 0.9999999999999986700 ) ) ;
#5409 = CARTESIAN_POINT ( 'NONE',  ( -2.649999999999963100, 0.7835451674383464600, 2.243647390163164600 ) ) ;
#5410 = VECTOR ( 'NONE', #1100, 1000.000000000000000 ) ;
#5411 = CARTESIAN_POINT ( 'NONE',  ( -2.650000000000000400, 0.6000000000000005300, 1.949999999999998800 ) ) ;
#5412 = CARTESIAN_POINT ( 'NONE',  ( 0.5722612009522862800, 3.500000000000000000, 5.421010862427522200E-017 ) ) ;
#5413 = ORIENTED_EDGE ( 'NONE', *, *, #4049, .T. ) ;
#5414 = ORIENTED_EDGE ( 'NONE', *, *, #4156, .F. ) ;
#5415 = VECTOR ( 'NONE', #5803, 1000.000000000000000 ) ;
#5416 = DIRECTION ( 'NONE',  ( 0.0000000000000000000, 0.0000000000000000000, 1.000000000000000000 ) ) ;
#5417 = CARTESIAN_POINT ( 'NONE',  ( 1.285458484761898800, 0.7149958366687871900, 2.089726840593142000 ) ) ;
#5418 = CARTESIAN_POINT ( 'NONE',  ( -1.503297030129477900, 0.8520437117848803600, 1.813444340427279300 ) ) ;
#5419 = CARTESIAN_POINT ( 'NONE',  ( -1.182005927965526200, 1.525546762847769500, 1.501678906225014700 ) ) ;
#5420 = ADVANCED_FACE ( 'NONE', ( #293 ), #4242, .F. ) ;
#5421 = ADVANCED_FACE ( 'NONE', ( #2300 ), #154, .T. ) ;
#5422 = ORIENTED_EDGE ( 'NONE', *, *, #2284, .F. ) ;
#5423 = ORIENTED_EDGE ( 'NONE', *, *, #5809, .F. ) ;
#5424 = CARTESIAN_POINT ( 'NONE',  ( -1.177909463667248900, 0.9935777090415971500, 2.053927978330177200 ) ) ;
#5425 = VECTOR ( 'NONE', #4382, 1000.000000000000000 ) ;
#5426 = PLANE ( 'NONE',  #1193 ) ;
#5427 = PLANE ( 'NONE',  #1588 ) ;
#5428 = CARTESIAN_POINT ( 'NONE',  ( -2.650000000000000400, 0.6431159139245973300, 2.061566442418500500 ) ) ;
#5429 = CARTESIAN_POINT ( 'NONE',  ( 0.9267364864763835100, 0.3000000000000004900, -2.136637743352435100 ) ) ;
#5430 = CARTESIAN_POINT ( 'NONE',  ( 2.550024304833773000, 0.5030785814806910700, 1.976122502111744800 ) ) ;
#5431 = DIRECTION ( 'NONE',  ( -0.0000000000000000000, -1.000000000000000000, -0.0000000000000000000 ) ) ;
#5432 = ORIENTED_EDGE ( 'NONE', *, *, #2827, .T. ) ;
#5433 = VECTOR ( 'NONE', #556, 999.9999999999998900 ) ;
#5434 = CARTESIAN_POINT ( 'NONE',  ( -0.4489778057236477600, 0.8999999999999999100, -2.499999999999999100 ) ) ;
#5435 = CARTESIAN_POINT ( 'NONE',  ( -2.550465908426938500, 0.4256577153577776300, 2.247051681485865000 ) ) ;
#5436 = EDGE_LOOP ( 'NONE', ( #880, #1787, #3251, #1121, #2707 ) ) ;
#5437 = DIRECTION ( 'NONE',  ( 0.3511484866841276300, 0.0000000000000000000, 0.9363197852760814000 ) ) ;
#5438 = DIRECTION ( 'NONE',  ( 0.0000000000000000000, -0.0000000000000000000, 1.000000000000000000 ) ) ;
#5439 = EDGE_CURVE ( 'NONE', #1849, #3702, #4895, .T. ) ;
#5440 = B_SPLINE_CURVE_WITH_KNOTS ( 'NONE', 3,
 ( #1304, #2639, #3085, #3112 ),
 .UNSPECIFIED., .F., .F.,
 ( 4, 4 ),
 ( 0.04639115019032563600, 0.3155082430143768500 ),
 .UNSPECIFIED. ) ;
#5441 = CARTESIAN_POINT ( 'NONE',  ( 1.522931390394985500, 0.8756199207431701900, 2.260547205007816400 ) ) ;
#5442 = ORIENTED_EDGE ( 'NONE', *, *, #3326, .F. ) ;
#5443 = CARTESIAN_POINT ( 'NONE',  ( -1.318500341999527100, 0.7949438901099510300, 2.193037994638443100 ) ) ;
#5444 = MECHANICAL_DESIGN_GEOMETRIC_PRESENTATION_REPRESENTATION (  '', ( #4810 ), #2037 ) ;
#5445 = DIRECTION ( 'NONE',  ( 7.523163845262616200E-030, 1.000000000000000000, -3.469446951953611800E-015 ) ) ;
#5446 = CARTESIAN_POINT ( 'NONE',  ( -0.5722612009522857200, 2.200000000000000600, 0.0000000000000000000 ) ) ;
#5447 = CARTESIAN_POINT ( 'NONE',  ( 1.543684579276303000, 1.107252726841884600, 1.846739350159342500 ) ) ;
#5448 = ADVANCED_FACE ( 'NONE', ( #4303 ), #3905, .F. ) ;
#5449 = DIRECTION ( 'NONE',  ( 0.3814408140374508400, -0.1769974230406578300, -0.9072898200814408800 ) ) ;
#5450 = DIRECTION ( 'NONE',  ( 0.0000000000000000000, 1.000000000000000000, 0.0000000000000000000 ) ) ;
#5451 = CARTESIAN_POINT ( 'NONE',  ( 2.649999999999994600, 0.6746181658396086500, 2.335940399046540600 ) ) ;
#5452 = CARTESIAN_POINT ( 'NONE',  ( 1.200000000000001100, 0.1000000000000000100, 1.849999999999999900 ) ) ;
#5453 = LINE ( 'NONE', #2851, #2160 ) ;
#5454 = CARTESIAN_POINT ( 'NONE',  ( 1.200000000000000800, 0.3000000000000003800, -1.849999999999999600 ) ) ;
#5455 = CARTESIAN_POINT ( 'NONE',  ( 1.394576857130301900, 0.6409736585278439400, 1.919315294466532400 ) ) ;
#5456 = EDGE_CURVE ( 'NONE', #388, #1622, #148, .T. ) ;
#5457 = CARTESIAN_POINT ( 'NONE',  ( -1.464350960922946400, 0.9109885594081055200, 1.766035075666145400 ) ) ;
#5458 = CYLINDRICAL_SURFACE ( 'NONE', #4526, 2.966666666666668600 ) ;
#5459 = CARTESIAN_POINT ( 'NONE',  ( -1.510788061845506500, 1.067583892207285600, 2.107861096873944600 ) ) ;
#5460 = DIRECTION ( 'NONE',  ( 0.0000000000000000000, 1.000000000000000000, 0.0000000000000000000 ) ) ;
#5461 = CARTESIAN_POINT ( 'NONE',  ( 1.925000000000000300, 0.6000000000000004200, 1.849999999999999900 ) ) ;
#5462 = CARTESIAN_POINT ( 'NONE',  ( 1.429678614960096800, 1.193662440970989300, 2.000184588698698600 ) ) ;
#5463 = CARTESIAN_POINT ( 'NONE',  ( -2.650000000000000800, 0.6336019661882175100, 2.243635641485607100 ) ) ;
#5464 = SURFACE_STYLE_FILL_AREA ( #718 ) ;
#5465 = EDGE_CURVE ( 'NONE', #5704, #758, #1746, .T. ) ;
#5466 = CARTESIAN_POINT ( 'NONE',  ( -2.649999999999996800, 0.4260592265144162400, 2.246813809136835300 ) ) ;
#5467 = FACE_OUTER_BOUND ( 'NONE', #4348, .T. ) ;
#5468 = CARTESIAN_POINT ( 'NONE',  ( 0.2338689765662873600, 0.3000000000000004900, 2.478859872812186400 ) ) ;
#5469 = DIRECTION ( 'NONE',  ( -1.000000000000000000, 0.0000000000000000000, 1.266949100621695300E-016 ) ) ;
#5470 = EDGE_LOOP ( 'NONE', ( #2738, #3618, #1615, #1835 ) ) ;
#5471 = PLANE ( 'NONE',  #919 ) ;
#5472 = CYLINDRICAL_SURFACE ( 'NONE', #1533, 0.1000000000000000500 ) ;
#5473 = B_SPLINE_CURVE_WITH_KNOTS ( 'NONE', 3,
 ( #2363, #3759, #1029, #121 ),
 .UNSPECIFIED., .F., .F.,
 ( 4, 4 ),
 ( 0.04564224151249921700, 0.3155082430143768500 ),
 .UNSPECIFIED. ) ;
#5474 = CYLINDRICAL_SURFACE ( 'NONE', #1842, 0.09999999999999979700 ) ;
#5475 = CARTESIAN_POINT ( 'NONE',  ( 1.847750251907291500, 0.6130413872200688500, 1.943168051463058000 ) ) ;
#5476 = EDGE_CURVE ( 'NONE', #4793, #5048, #4751, .T. ) ;
#5477 = CARTESIAN_POINT ( 'NONE',  ( -2.549999999999999800, 4.336808689942017700E-016, -0.9000000000000011300 ) ) ;
#5478 = ORIENTED_EDGE ( 'NONE', *, *, #59, .F. ) ;
#5479 = DIRECTION ( 'NONE',  ( 0.0000000000000000000, -1.000000000000000000, 0.0000000000000000000 ) ) ;
#5480 = ORIENTED_EDGE ( 'NONE', *, *, #1877, .T. ) ;
#5481 = ADVANCED_FACE ( 'NONE', ( #2440 ), #4131, .T. ) ;
#5482 = CARTESIAN_POINT ( 'NONE',  ( -1.369737594342602900, 1.109998787272264100, 1.514664959070758800 ) ) ;
#5483 = LINE ( 'NONE', #1370, #1269 ) ;
#5484 =( LENGTH_UNIT ( ) NAMED_UNIT ( * ) SI_UNIT ( .MILLI., .METRE. ) );
#5485 = CARTESIAN_POINT ( 'NONE',  ( 2.649999999999999900, 0.1000000000000001700, -0.9000000000000010200 ) ) ;
#5486 = PLANE ( 'NONE',  #3964 ) ;
#5487 = EDGE_LOOP ( 'NONE', ( #3394, #2494, #1506, #2730 ) ) ;
#5488 = CARTESIAN_POINT ( 'NONE',  ( 2.650000000000000800, 0.4986479419468480800, 2.146046131703397600 ) ) ;
#5489 = ORIENTED_EDGE ( 'NONE', *, *, #4473, .T. ) ;
#5490 = CARTESIAN_POINT ( 'NONE',  ( 3.738628180984511500E-018, 2.168404344971008900E-016, 1.849999999999999200 ) ) ;
#5491 = FACE_OUTER_BOUND ( 'NONE', #5909, .T. ) ;
#5492 = EDGE_LOOP ( 'NONE', ( #1977, #5554, #1897, #5229 ) ) ;
#5493 = AXIS2_PLACEMENT_3D ( 'NONE', #97, #3248, #2343 ) ;
#5494 = CARTESIAN_POINT ( 'NONE',  ( 1.326401831560837700, 1.421976833092457100, 1.699409495492726400 ) ) ;
#5495 = ORIENTED_EDGE ( 'NONE', *, *, #4068, .F. ) ;
#5496 = CARTESIAN_POINT ( 'NONE',  ( -2.650000000000000400, 0.6452347656618190300, 2.237492286686084700 ) ) ;
#5497 = VERTEX_POINT ( 'NONE', #2351 ) ;
#5498 = CARTESIAN_POINT ( 'NONE',  ( -1.964294742901957900, 0.4952802448803403400, 2.349999999999998800 ) ) ;
#5499 = CARTESIAN_POINT ( 'NONE',  ( 0.7209466771223015400, 0.3000000000000004900, 2.287175300816508500 ) ) ;
#5500 = PLANE ( 'NONE',  #961 ) ;
#5501 = LINE ( 'NONE', #5887, #990 ) ;
#5502 = EDGE_CURVE ( 'NONE', #3111, #250, #360, .T. ) ;
#5503 = ORIENTED_EDGE ( 'NONE', *, *, #1295, .T. ) ;
#5504 = ORIENTED_EDGE ( 'NONE', *, *, #5584, .F. ) ;
#5505 = CARTESIAN_POINT ( 'NONE',  ( -1.711322751605630900, 4.399999999999999500, -0.2791601061504556100 ) ) ;
#5506 = DIRECTION ( 'NONE',  ( -1.000000000000000000, -0.0000000000000000000, 1.836970198721029700E-016 ) ) ;
#5507 = VERTEX_POINT ( 'NONE', #2275 ) ;
#5508 = CARTESIAN_POINT ( 'NONE',  ( -1.523752989779011000, 0.8231839144109466300, 1.832818554932567300 ) ) ;
#5509 = ORIENTED_EDGE ( 'NONE', *, *, #3149, .T. ) ;
#5510 = CARTESIAN_POINT ( 'NONE',  ( 1.106569541588185300, 0.2265137443033344900, 1.849999999999999200 ) ) ;
#5511 = CARTESIAN_POINT ( 'NONE',  ( -1.711516543093141800, 3.499999999999999600, -2.499999999999998200 ) ) ;
#5512 = CARTESIAN_POINT ( 'NONE',  ( 0.1172254898513040300, 0.3000000000000004300, -2.494710131922905900 ) ) ;
#5513 = CARTESIAN_POINT ( 'NONE',  ( -1.935255410416176500, 0.6002742510206357000, 1.949856722103164400 ) ) ;
#5514 = CARTESIAN_POINT ( 'NONE',  ( 1.846809173992063600, 0.7216791529293649100, 1.941113364303811400 ) ) ;
#5515 = CLOSED_SHELL ( 'NONE', ( #3089, #5805, #4524, #818, #2535, #3058 ) ) ;
#5516 = CARTESIAN_POINT ( 'NONE',  ( 0.5722612009522861600, 2.200000000000000600, 0.0000000000000000000 ) ) ;
#5517 = ADVANCED_FACE ( 'NONE', ( #1091 ), #483, .T. ) ;
#5518 = CARTESIAN_POINT ( 'NONE',  ( 0.7764188321541407600, 0.1000000000000000100, 2.002116850404710200 ) ) ;
#5519 = EDGE_LOOP ( 'NONE', ( #48, #3328, #3527, #4808, #4133 ) ) ;
#5520 = AXIS2_PLACEMENT_3D ( 'NONE', #1564, #638, #185 ) ;
#5521 = DIRECTION ( 'NONE',  ( 0.0000000000000000000, -1.000000000000000000, 6.123233995736766000E-017 ) ) ;
#5522 = CARTESIAN_POINT ( 'NONE',  ( 1.367281466543723200, 1.187878130681740500, 1.333198689089988100 ) ) ;
#5523 = CARTESIAN_POINT ( 'NONE',  ( 2.650000000000000400, 0.6213551020596442800, 2.053206118816912200 ) ) ;
#5524 = ORIENTED_EDGE ( 'NONE', *, *, #421, .F. ) ;
#5525 = CARTESIAN_POINT ( 'NONE',  ( -1.365347262039189500, 0.6779255830735297900, 1.899704505030163700 ) ) ;
#5526 = UNCERTAINTY_MEASURE_WITH_UNIT (LENGTH_MEASURE( 1.000000000000000100E-005 ), #5661, 'distance_accuracy_value', 'NONE');
#5527 = CARTESIAN_POINT ( 'NONE',  ( -1.367281466543723000, 1.187878130681741000, 1.333198689089988100 ) ) ;
#5528 = AXIS2_PLACEMENT_3D ( 'NONE', #1449, #1408, #954 ) ;
#5529 = CARTESIAN_POINT ( 'NONE',  ( -1.542248837701228900, 0.9780171296165476300, 1.786165626430730000 ) ) ;
#5530 = CARTESIAN_POINT ( 'NONE',  ( 2.419029092849328300, 0.5990180994884172200, 1.950512974578213000 ) ) ;
#5531 = CARTESIAN_POINT ( 'NONE',  ( -2.449999999999999300, 4.500000000000000000, 2.111351376446605400 ) ) ;
#5532 = VECTOR ( 'NONE', #5710, 1000.000000000000100 ) ;
#5533 = CARTESIAN_POINT ( 'NONE',  ( -1.817949410868546800, 0.6209064701127271500, 1.939045903244058600 ) ) ;
#5534 = DIRECTION ( 'NONE',  ( 1.000000000000000000, 0.0000000000000000000, 0.0000000000000000000 ) ) ;
#5535 = CARTESIAN_POINT ( 'NONE',  ( 1.656637997043547600, 0.9427598966707988500, 1.970503474246424500 ) ) ;
#5536 = CIRCLE ( 'NONE', #2640, 2.966666666666668100 ) ;
#5537 = DIRECTION ( 'NONE',  ( -0.3511484866841280700, 0.0000000000000000000, -0.9363197852760811700 ) ) ;
#5538 = CARTESIAN_POINT ( 'NONE',  ( -0.2666017354210997700, 0.3000000000000004900, 2.472355564143882600 ) ) ;
#5539 = DIRECTION ( 'NONE',  ( -0.0000000000000000000, -1.000000000000000000, -0.0000000000000000000 ) ) ;
#5540 = VECTOR ( 'NONE', #3056, 1000.000000000000000 ) ;
#5541 = CARTESIAN_POINT ( 'NONE',  ( 1.817949410868546800, 0.6209064701127271500, 1.939045903244058600 ) ) ;
#5542 = CARTESIAN_POINT ( 'NONE',  ( 2.650000000000000400, 0.6976210475945785500, 2.133081172889026900 ) ) ;
#5543 = CARTESIAN_POINT ( 'NONE',  ( -1.102122023881315400, 1.127441745476950300, 1.913849506031861700 ) ) ;
#5544 = DIRECTION ( 'NONE',  ( 1.000000000000000000, 0.0000000000000000000, -2.990902544787597600E-016 ) ) ;
#5545 = CARTESIAN_POINT ( 'NONE',  ( -1.287798956118670700, 1.125603967111248300, 1.305437453518629300 ) ) ;
#5546 = ORIENTED_EDGE ( 'NONE', *, *, #568, .F. ) ;
#5547 = CARTESIAN_POINT ( 'NONE',  ( -1.937646414508799000, 0.8002626756007578100, 2.254582549180419900 ) ) ;
#5548 = CARTESIAN_POINT ( 'NONE',  ( -1.699853619615052200, 0.7909230068824509900, 1.904786400443787800 ) ) ;
#5549 = CARTESIAN_POINT ( 'NONE',  ( 0.3629892828363003300, 0.3000000000000004900, -2.448125922490045800 ) ) ;
#5550 = DIRECTION ( 'NONE',  ( 0.0000000000000000000, 0.0000000000000000000, -1.000000000000000000 ) ) ;
#5551 = VECTOR ( 'NONE', #1847, 999.9999999999998900 ) ;
#5552 = ORIENTED_EDGE ( 'NONE', *, *, #1794, .T. ) ;
#5553 = CARTESIAN_POINT ( 'NONE',  ( 1.446644612656586600, 0.7549649842201676700, 1.813723758911932800 ) ) ;
#5554 = ORIENTED_EDGE ( 'NONE', *, *, #2162, .T. ) ;
#5555 = EDGE_CURVE ( 'NONE', #1770, #927, #498, .T. ) ;
#5556 = FACE_OUTER_BOUND ( 'NONE', #2967, .T. ) ;
#5557 = CARTESIAN_POINT ( 'NONE',  ( -2.650000000000002100, 0.5999999999999999800, 0.8999999999999990200 ) ) ;
#5558 = CARTESIAN_POINT ( 'NONE',  ( 0.4260473539568417300, 0.3000000000000004900, 2.427776552737012800 ) ) ;
#5559 = VECTOR ( 'NONE', #3292, 1000.000000000000000 ) ;
#5560 = CARTESIAN_POINT ( 'NONE',  ( 2.549999999999999800, 4.336808689942017700E-016, 0.8999999999999988000 ) ) ;
#5561 = ORIENTED_EDGE ( 'NONE', *, *, #3927, .F. ) ;
#5562 = ORIENTED_EDGE ( 'NONE', *, *, #1215, .F. ) ;
#5563 = CIRCLE ( 'NONE', #1078, 0.2791601061504556700 ) ;
#5564 = CARTESIAN_POINT ( 'NONE',  ( -1.925000000000000500, 0.6000000000000004200, 1.949999999999998200 ) ) ;
#5565 = AXIS2_PLACEMENT_3D ( 'NONE', #4347, #177, #4781 ) ;
#5566 = EDGE_LOOP ( 'NONE', ( #2413, #3039, #445 ) ) ;
#5567 = CARTESIAN_POINT ( 'NONE',  ( -1.215473684401278600, 0.8081423120439356100, 2.033749150732980600 ) ) ;
#5568 =( NAMED_UNIT ( * ) PLANE_ANGLE_UNIT ( ) SI_UNIT ( $, .RADIAN. ) );
#5569 = ORIENTED_EDGE ( 'NONE', *, *, #3384, .F. ) ;
#5570 = ORIENTED_EDGE ( 'NONE', *, *, #3209, .T. ) ;
#5571 = CARTESIAN_POINT ( 'NONE',  ( -1.156708572766338200, 0.8969521074628975500, 1.962240633979684700 ) ) ;
#5572 = FACE_OUTER_BOUND ( 'NONE', #124, .T. ) ;
#5573 = CARTESIAN_POINT ( 'NONE',  ( -1.639092828382209500, 0.8433233774240126400, 1.877606914144791500 ) ) ;
#5574 = CARTESIAN_POINT ( 'NONE',  ( 1.285458484761898800, 0.7149958366687871900, 2.089726840593142000 ) ) ;
#5575 = VERTEX_POINT ( 'NONE', #1387 ) ;
#5576 = VERTEX_POINT ( 'NONE', #4634 ) ;
#5577 = CARTESIAN_POINT ( 'NONE',  ( -2.550000000000002500, 0.6000000000000003100, 0.8999999999999990200 ) ) ;
#5578 = VECTOR ( 'NONE', #4032, 1000.000000000000000 ) ;
#5579 = AXIS2_PLACEMENT_3D ( 'NONE', #554, #5581, #4599 ) ;
#5580 = CARTESIAN_POINT ( 'NONE',  ( 1.335797713633553500, 0.9332057960354786000, 1.652691988332295900 ) ) ;
#5581 = DIRECTION ( 'NONE',  ( 0.0000000000000000000, 1.000000000000000000, 0.0000000000000000000 ) ) ;
#5582 = ORIENTED_EDGE ( 'NONE', *, *, #5465, .T. ) ;
#5583 = PLANE ( 'NONE',  #4578 ) ;
#5584 = EDGE_CURVE ( 'NONE', #5265, #3907, #1674, .T. ) ;
#5585 = CARTESIAN_POINT ( 'NONE',  ( 2.550297732634558400, 0.5615536664349057800, 2.346074376379448700 ) ) ;
#5586 = EDGE_LOOP ( 'NONE', ( #3966, #3230, #1040, #2216 ) ) ;
#5587 = CARTESIAN_POINT ( 'NONE',  ( -8.989973373556660000E-018, 0.3000000000000003800, -2.499999999999999100 ) ) ;
#5588 = CARTESIAN_POINT ( 'NONE',  ( 0.5722612009522861600, 2.200000000000000600, 0.0000000000000000000 ) ) ;
#5589 = EDGE_LOOP ( 'NONE', ( #2137, #5010, #4283, #4633 ) ) ;
#5590 = CARTESIAN_POINT ( 'NONE',  ( 0.0000000000000000000, -7.114569690193854700E-015, -1.949999999999999300 ) ) ;
#5591 = CARTESIAN_POINT ( 'NONE',  ( -1.363001298872029000, 1.173186325927129100, 1.378844749850241200 ) ) ;
#5592 = CARTESIAN_POINT ( 'NONE',  ( -1.847750251907291500, 0.6130413872200688500, 1.943168051463058000 ) ) ;
#5593 = CARTESIAN_POINT ( 'NONE',  ( -1.937646414508799000, 0.8002626756007578100, 2.254582549180419900 ) ) ;
#5594 = CARTESIAN_POINT ( 'NONE',  ( 0.1842544458805536700, 0.3000000000000004300, -2.486742010163749800 ) ) ;
#5595 = CARTESIAN_POINT ( 'NONE',  ( 1.911269300056061000, 0.8026159533692850400, 2.253350507640674100 ) ) ;
#5596 = EDGE_CURVE ( 'NONE', #768, #2751, #3648, .T. ) ;
#5597 = CARTESIAN_POINT ( 'NONE',  ( -2.550259065416587800, 0.5804947541199464400, 2.349525609310152400 ) ) ;
#5598 = CARTESIAN_POINT ( 'NONE',  ( -0.6859134612218477100, 0.09999999999999996400, 2.070629930471190100 ) ) ;
#5599 = CARTESIAN_POINT ( 'NONE',  ( 2.650000000000000400, 0.6869201445274765200, 2.104674811156304900 ) ) ;
#5600 = CARTESIAN_POINT ( 'NONE',  ( -2.549999999999999800, 0.1000000000000000100, -1.349999999999999200 ) ) ;
#5601 = EDGE_CURVE ( 'NONE', #4640, #4685, #5238, .T. ) ;
#5602 = CARTESIAN_POINT ( 'NONE',  ( -2.549999999999999800, 0.1000000000000000100, -1.349999999999999200 ) ) ;
#5603 = MANIFOLD_SOLID_BREP ( 'Mirror1[1]', #1444 ) ;
#5604 = CARTESIAN_POINT ( 'NONE',  ( 2.650000000000000400, 0.6822734171944600000, 2.203012868353363200 ) ) ;
#5605 = PRESENTATION_LAYER_ASSIGNMENT (  '', '', ( #1816 ) ) ;
#5606 = CARTESIAN_POINT ( 'NONE',  ( -1.469904581277675600, 1.261210354463544700, 1.653877871640204900 ) ) ;
#5607 = EDGE_CURVE ( 'NONE', #5149, #3907, #5536, .T. ) ;
#5608 = DIRECTION ( 'NONE',  ( -0.0000000000000000000, -0.0000000000000000000, -1.000000000000000000 ) ) ;
#5609 = CARTESIAN_POINT ( 'NONE',  ( -0.2338689765662863600, 0.3000000000000004900, -2.478859872812186900 ) ) ;
#5610 = CARTESIAN_POINT ( 'NONE',  ( 1.446098106852461400, 0.5625492255108064400, 2.169512423960666200 ) ) ;
#5611 = VECTOR ( 'NONE', #4123, 1000.000000000000000 ) ;
#5612 = ADVANCED_FACE ( 'NONE', ( #4158 ), #5458, .F. ) ;
#5613 = CARTESIAN_POINT ( 'NONE',  ( 3.738628180984511500E-018, 2.168404344971008900E-016, 1.849999999999999200 ) ) ;
#5614 = EDGE_CURVE ( 'NONE', #3127, #84, #644, .T. ) ;
#5615 = VECTOR ( 'NONE', #1732, 1000.000000000000000 ) ;
#5616 = CARTESIAN_POINT ( 'NONE',  ( 2.550455488749964900, 0.3952912463403439000, 2.179292766535441600 ) ) ;
#5617 = FACE_OUTER_BOUND ( 'NONE', #994, .T. ) ;
#5618 = SURFACE_STYLE_USAGE ( .BOTH. , #1539 ) ;
#5619 = CARTESIAN_POINT ( 'NONE',  ( -2.650000000000090100, 0.6164433852275295100, 2.052117769353035000 ) ) ;
#5620 = VECTOR ( 'NONE', #4316, 1000.000000000000000 ) ;
#5621 = CARTESIAN_POINT ( 'NONE',  ( -1.386453084144663600, 0.8439599891996635300, 1.745904524901561000 ) ) ;
#5622 = ORIENTED_EDGE ( 'NONE', *, *, #5607, .F. ) ;
#5623 = CARTESIAN_POINT ( 'NONE',  ( -1.161048838701159700, 1.234312075512300000, 1.883868354070750200 ) ) ;
#5624 = DIRECTION ( 'NONE',  ( -1.000000000000000000, -0.0000000000000000000, 2.168404344970998600E-015 ) ) ;
#5625 = VECTOR ( 'NONE', #2565, 1000.000000000000000 ) ;
#5626 = VECTOR ( 'NONE', #2258, 1000.000000000000000 ) ;
#5627 = CARTESIAN_POINT ( 'NONE',  ( -1.871647286543802300, 0.7151614451669751100, 1.944529759471779900 ) ) ;
#5628 = CARTESIAN_POINT ( 'NONE',  ( -1.128757201843268100, 0.3000000000000004900, -1.937423936165154400 ) ) ;
#5629 = EDGE_LOOP ( 'NONE', ( #4513, #116, #324, #4314 ) ) ;
#5630 = ORIENTED_EDGE ( 'NONE', *, *, #1401, .T. ) ;
#5631 = CARTESIAN_POINT ( 'NONE',  ( 1.937646414508799000, 0.8002626756007578100, 2.254582549180419900 ) ) ;
#5632 = VECTOR ( 'NONE', #4702, 1000.000000000000000 ) ;
#5633 = FACE_OUTER_BOUND ( 'NONE', #625, .T. ) ;
#5634 = CARTESIAN_POINT ( 'NONE',  ( -0.8386609206840864900, 2.200000000000000200, 0.7103414590570751300 ) ) ;
#5635 = AXIS2_PLACEMENT_3D ( 'NONE', #1116, #1055, #2021 ) ;
#5636 = EDGE_LOOP ( 'NONE', ( #1570, #5561, #3744, #2883 ) ) ;
#5637 = EDGE_CURVE ( 'NONE', #4317, #94, #216, .T. ) ;
#5638 = EDGE_LOOP ( 'NONE', ( #2353, #5217, #3419, #5552 ) ) ;
#5639 = DIRECTION ( 'NONE',  ( 0.5693756040746119600, 0.7282268375108914600, -0.3814408140374555600 ) ) ;
#5640 = LINE ( 'NONE', #4832, #1123 ) ;
#5641 = DIRECTION ( 'NONE',  ( 0.0000000000000000000, -0.0000000000000000000, 1.000000000000000000 ) ) ;
#5642 = ORIENTED_EDGE ( 'NONE', *, *, #3689, .F. ) ;
#5643 = ORIENTED_EDGE ( 'NONE', *, *, #4777, .F. ) ;
#5644 = CARTESIAN_POINT ( 'NONE',  ( 2.649999999999999500, -1.164653477118326500E-014, -0.9000000000000010200 ) ) ;
#5645 = ADVANCED_FACE ( 'NONE', ( #2583 ), #1076, .F. ) ;
#5646 = CARTESIAN_POINT ( 'NONE',  ( 1.200000000000000600, 0.1000000000000000100, -1.950000000000000000 ) ) ;
#5647 = AXIS2_PLACEMENT_3D ( 'NONE', #4697, #1898, #2403 ) ;
#5648 = LINE ( 'NONE', #2725, #4422 ) ;
#5649 = DIRECTION ( 'NONE',  ( 1.000000000000000000, -0.0000000000000000000, -1.836970198721029700E-016 ) ) ;
#5650 = DIRECTION ( 'NONE',  ( -0.0000000000000000000, -1.000000000000000000, 0.0000000000000000000 ) ) ;
#5651 = ORIENTED_EDGE ( 'NONE', *, *, #1192, .F. ) ;
#5652 = ORIENTED_EDGE ( 'NONE', *, *, #5131, .T. ) ;
#5653 = CARTESIAN_POINT ( 'NONE',  ( -1.359358460690403400, 0.6323290580086913200, 2.133090173254818200 ) ) ;
#5654 = CARTESIAN_POINT ( 'NONE',  ( -1.823829732508358100, 0.7203636813709775000, 2.341804783407915600 ) ) ;
#5655 = CARTESIAN_POINT ( 'NONE',  ( -0.4573997228230171100, 0.3000000000000004900, -2.416549765651181800 ) ) ;
#5656 = CARTESIAN_POINT ( 'NONE',  ( 1.318500341999527800, 0.7949438901099514800, 2.193037994638443100 ) ) ;
#5657 = VERTEX_POINT ( 'NONE', #2837 ) ;
#5658 = DIRECTION ( 'NONE',  ( 1.000000000000000000, 0.0000000000000000000, -2.990902544787602000E-016 ) ) ;
#5659 = DIRECTION ( 'NONE',  ( 3.805357950771689700E-016, 0.0000000000000000000, 1.000000000000000000 ) ) ;
#5660 = CARTESIAN_POINT ( 'NONE',  ( -0.3606918280435588700, 0.09999999999999990800, 2.239008485301349000 ) ) ;
#5661 =( LENGTH_UNIT ( ) NAMED_UNIT ( * ) SI_UNIT ( .MILLI., .METRE. ) );
#5662 = EDGE_CURVE ( 'NONE', #3020, #4500, #2297, .T. ) ;
#5663 = ORIENTED_EDGE ( 'NONE', *, *, #2881, .T. ) ;
#5664 = DIRECTION ( 'NONE',  ( 1.000000000000000000, -0.0000000000000000000, 0.0000000000000000000 ) ) ;
#5665 = CARTESIAN_POINT ( 'NONE',  ( -2.650000000000000400, 0.4000000000000003000, 2.045280244880339100 ) ) ;
#5666 = CARTESIAN_POINT ( 'NONE',  ( -1.319303502107606100, 0.9646972419861098400, 2.151277092065084800 ) ) ;
#5667 = CARTESIAN_POINT ( 'NONE',  ( 1.731310763689220700, 0.6532781991784727400, 1.922106177826789200 ) ) ;
#5668 = B_SPLINE_CURVE_WITH_KNOTS ( 'NONE', 3,
 ( #2176, #3987, #1310, #5337, #3019, #3559, #4024, #3100, #4506, #304, #774, #5377, #4443, #1769, #2633, #2587, #4965, #288, #5862, #2219, #2572, #2159, #3076, #1713, #3946, #4890, #349, #5825, #3043, #4908, #2608 ),
 .UNSPECIFIED., .F., .F.,
 ( 4, 3, 3, 3, 3, 3, 3, 3, 3, 3, 4 ),
 ( 0.0003239200529929479800, 0.0003578558866983060000, 0.0003923416894193901100, 0.0004288754068050748700, 0.0004549623527114394300, 0.0004811349269853165000, 0.0005138749023837096300, 0.0005501445105849227800, 0.0005858944269298681900, 0.0006146827441060032400, 0.0006315886955788261800 ),
 .UNSPECIFIED. ) ;
#5669 = CARTESIAN_POINT ( 'NONE',  ( -1.607126847835769200, 1.008598641727087100, 1.930972281759390000 ) ) ;
#5670 = ORIENTED_EDGE ( 'NONE', *, *, #356, .F. ) ;
#5671 = CARTESIAN_POINT ( 'NONE',  ( -1.585177027114136800, 0.8255201824493491000, 2.286659709391796600 ) ) ;
#5672 = CARTESIAN_POINT ( 'NONE',  ( -1.964294742901957900, 0.4952802448803405600, 2.349999999999999200 ) ) ;
#5673 = CARTESIAN_POINT ( 'NONE',  ( -2.650000000000002600, 0.7004945690966437600, 2.154258502219224400 ) ) ;
#5674 = CARTESIAN_POINT ( 'NONE',  ( 1.925000000000000900, 0.6000000000000005300, 2.149999999999999000 ) ) ;
#5675 = EDGE_CURVE ( 'NONE', #1272, #826, #4735, .T. ) ;
#5676 = ADVANCED_FACE ( 'NONE', ( #1018 ), #3334, .F. ) ;
#5677 = CARTESIAN_POINT ( 'NONE',  ( 1.964294742901957900, 0.6000000000000003100, 1.949999999999998800 ) ) ;
#5678 = FACE_OUTER_BOUND ( 'NONE', #4352, .T. ) ;
#5679 = DIRECTION ( 'NONE',  ( 0.0000000000000000000, 1.000000000000000000, 0.0000000000000000000 ) ) ;
#5680 = CARTESIAN_POINT ( 'NONE',  ( 0.6864246268506913900, 0.09999999999999992200, 2.070277942188370400 ) ) ;
#5681 = CARTESIAN_POINT ( 'NONE',  ( 1.133505746667597100, 2.200000000000000200, -1.496530363817980800 ) ) ;
#5682 = CARTESIAN_POINT ( 'NONE',  ( 1.299057352204885400, 1.018088887156934500, 1.537038360328204500 ) ) ;
#5683 = EDGE_CURVE ( 'NONE', #1859, #3898, #3937, .T. ) ;
#5684 = MECHANICAL_DESIGN_GEOMETRIC_PRESENTATION_REPRESENTATION (  '', ( #5364 ), #634 ) ;
#5685 = CARTESIAN_POINT ( 'NONE',  ( -2.549782265668134600, 0.5995728764910528400, 1.950223141967440300 ) ) ;
#5686 = DIRECTION ( 'NONE',  ( 1.000000000000000000, -0.0000000000000000000, -8.856307110281076300E-017 ) ) ;
#5687 = CARTESIAN_POINT ( 'NONE',  ( 1.580610153352663100, 0.9199653586412918100, 1.832846802555592200 ) ) ;
#5688 = VECTOR ( 'NONE', #4586, 1000.000000000000000 ) ;
#5689 = AXIS2_PLACEMENT_3D ( 'NONE', #543, #3784, #2427 ) ;
#5690 = CARTESIAN_POINT ( 'NONE',  ( -1.452935328689656700, 1.361732251601902100, 1.452846461045340200 ) ) ;
#5691 = AXIS2_PLACEMENT_3D ( 'NONE', #3420, #4318, #3872 ) ;
#5692 = CARTESIAN_POINT ( 'NONE',  ( -1.823829732508358100, 0.7203636813709775000, 2.341804783407915600 ) ) ;
#5693 = CARTESIAN_POINT ( 'NONE',  ( -1.964294742901958400, 0.4952802448803405600, 1.949999999999999100 ) ) ;
#5694 = CARTESIAN_POINT ( 'NONE',  ( 1.365347262039190200, 0.6779255830735297900, 1.899704505030163700 ) ) ;
#5695 = CARTESIAN_POINT ( 'NONE',  ( -2.650000000000050100, 0.6928804456765463900, 1.966207921809499200 ) ) ;
#5696 = ORIENTED_EDGE ( 'NONE', *, *, #5008, .F. ) ;
#5697 = CARTESIAN_POINT ( 'NONE',  ( 1.925000000000000700, 10.00000000000000000, -1.849999999999999600 ) ) ;
#5698 = EDGE_CURVE ( 'NONE', #1638, #4639, #5453, .T. ) ;
#5699 = ORIENTED_EDGE ( 'NONE', *, *, #3197, .T. ) ;
#5700 = DIRECTION ( 'NONE',  ( 0.0000000000000000000, 1.000000000000000000, 0.0000000000000000000 ) ) ;
#5701 = CARTESIAN_POINT ( 'NONE',  ( 0.7656233981223715700, 0.09999999999999990800, 2.010172228241672500 ) ) ;
#5702 = VECTOR ( 'NONE', #2166, 1000.000000000000000 ) ;
#5703 = CARTESIAN_POINT ( 'NONE',  ( 1.019626432817432900, 1.297285309603991800, 1.328706931612907600 ) ) ;
#5704 = VERTEX_POINT ( 'NONE', #1058 ) ;
#5705 = VECTOR ( 'NONE', #1245, 1000.000000000000000 ) ;
#5706 = CARTESIAN_POINT ( 'NONE',  ( -1.367281466543723200, 1.187878130681740500, 1.333198689089988100 ) ) ;
#5707 = DIRECTION ( 'NONE',  ( -1.000000000000000000, -0.0000000000000000000, 2.344220913482172100E-016 ) ) ;
#5708 = ADVANCED_FACE ( 'NONE', ( #1243 ), #622, .T. ) ;
#5709 = LINE ( 'NONE', #113, #5559 ) ;
#5710 = DIRECTION ( 'NONE',  ( 0.7071067811865491300, -0.0000000000000000000, 0.7071067811865459100 ) ) ;
#5711 = ORIENTED_EDGE ( 'NONE', *, *, #879, .T. ) ;
#5712 = ORIENTED_EDGE ( 'NONE', *, *, #944, .T. ) ;
#5713 = EDGE_CURVE ( 'NONE', #4060, #3387, #1087, .T. ) ;
#5714 = LINE ( 'NONE', #1858, #4113 ) ;
#5715 = CARTESIAN_POINT ( 'NONE',  ( -1.964294742901957900, 0.4952802448803405600, 2.349999999999999200 ) ) ;
#5716 = CARTESIAN_POINT ( 'NONE',  ( -1.964294742901957900, 0.4000000000000001900, 2.254719755119658900 ) ) ;
#5717 = CARTESIAN_POINT ( 'NONE',  ( -0.02935008701650220600, 0.09999999999999996400, -2.299978214961761100 ) ) ;
#5718 = CARTESIAN_POINT ( 'NONE',  ( 1.547336403710214000, 0.7934783820616612100, 1.848657193403494300 ) ) ;
#5719 = ORIENTED_EDGE ( 'NONE', *, *, #4948, .T. ) ;
#5720 = ORIENTED_EDGE ( 'NONE', *, *, #4539, .T. ) ;
#5721 = CARTESIAN_POINT ( 'NONE',  ( 2.419029092849328300, 0.5990180994884172200, 1.950512974578213000 ) ) ;
#5722 = CIRCLE ( 'NONE', #640, 0.2000000000000001800 ) ;
#5723 = ORIENTED_EDGE ( 'NONE', *, *, #4099, .F. ) ;
#5724 = MECHANICAL_DESIGN_GEOMETRIC_PRESENTATION_REPRESENTATION (  '', ( #4907 ), #1311 ) ;
#5725 = CARTESIAN_POINT ( 'NONE',  ( -1.925000000000000300, 10.00000000000000000, 1.849999999999999400 ) ) ;
#5726 = DIRECTION ( 'NONE',  ( -0.0000000000000000000, 2.258754526011467700E-016, -1.000000000000000000 ) ) ;
#5727 = EDGE_LOOP ( 'NONE', ( #1792, #5772, #326, #5884 ) ) ;
#5728 = DIRECTION ( 'NONE',  ( 0.0000000000000000000, 1.000000000000000000, -0.0000000000000000000 ) ) ;
#5729 = ORIENTED_EDGE ( 'NONE', *, *, #827, .F. ) ;
#5730 = CARTESIAN_POINT ( 'NONE',  ( 1.265901757107129800, 0.8186124525458748900, 1.800959930908917500 ) ) ;
#5731 = LINE ( 'NONE', #1048, #5425 ) ;
#5732 = ORIENTED_EDGE ( 'NONE', *, *, #3362, .F. ) ;
#5733 = CARTESIAN_POINT ( 'NONE',  ( -2.416623433197966400, 0.7037613982145050100, 1.950500645929076300 ) ) ;
#5734 = CARTESIAN_POINT ( 'NONE',  ( -1.018906784802965400, 0.1598470093565780000, -1.849999999999999600 ) ) ;
#5735 = ORIENTED_EDGE ( 'NONE', *, *, #4555, .T. ) ;
#5736 = AXIS2_PLACEMENT_3D ( 'NONE', #1809, #5009, #2247 ) ;
#5737 = CARTESIAN_POINT ( 'NONE',  ( -0.8085302276573807000, 0.1000000000000000100, -1.974918479827338500 ) ) ;
#5738 = CARTESIAN_POINT ( 'NONE',  ( 1.471019814190938300, 0.9336108124458970500, 2.230108248233697600 ) ) ;
#5739 = AXIS2_PLACEMENT_3D ( 'NONE', #5005, #5450, #1937 ) ;
#5740 = ORIENTED_EDGE ( 'NONE', *, *, #2096, .T. ) ;
#5741 = CARTESIAN_POINT ( 'NONE',  ( -1.547507484727732800, 0.5178828803889213800, 1.983518384317257000 ) ) ;
#5742 = CARTESIAN_POINT ( 'NONE',  ( -1.721328182464051800, 0.5435201836500482800, 1.924735683547264400 ) ) ;
#5743 = CARTESIAN_POINT ( 'NONE',  ( -0.6156506814538875700, 0.09999999999999990800, -2.117090528802437100 ) ) ;
#5744 = CARTESIAN_POINT ( 'NONE',  ( 1.522722310733388500, 0.6663798894537046300, 1.860438266954565800 ) ) ;
#5745 = ADVANCED_FACE ( 'NONE', ( #1163 ), #3822, .F. ) ;
#5746 = ADVANCED_FACE ( 'NONE', ( #1814 ), #3275, .F. ) ;
#5747 = CARTESIAN_POINT ( 'NONE',  ( -1.238734093192509500, 1.337748341979638100, 1.365049789071415900 ) ) ;
#5748 = CARTESIAN_POINT ( 'NONE',  ( -1.964294742901957900, 0.4000000000000000200, 2.254719755119658900 ) ) ;
#5749 = DIRECTION ( 'NONE',  ( -1.000000000000000000, -0.0000000000000000000, 2.168404344970998600E-015 ) ) ;
#5750 = CARTESIAN_POINT ( 'NONE',  ( 1.454256544261385100, 1.152982386112245000, 2.039133673852013800 ) ) ;
#5751 = DIRECTION ( 'NONE',  ( -1.000000000000000000, 3.491481338843133400E-015, 2.344220913482171700E-016 ) ) ;
#5752 = CARTESIAN_POINT ( 'NONE',  ( -1.238850292672836000, 3.500000000000000000, 1.777426299400804300 ) ) ;
#5753 = CARTESIAN_POINT ( 'NONE',  ( -1.566839612366199400, 0.7689058563756616700, 1.861754120745606300 ) ) ;
#5754 = CARTESIAN_POINT ( 'NONE',  ( -0.3069331663262783700, 0.09999999999999992200, -2.256084832580167500 ) ) ;
#5755 = VECTOR ( 'NONE', #3637, 1000.000000000000000 ) ;
#5756 = EDGE_CURVE ( 'NONE', #4185, #1722, #4745, .T. ) ;
#5757 = CARTESIAN_POINT ( 'NONE',  ( 2.415580228462010000, 0.7990518504944984500, 2.045775521658310200 ) ) ;
#5758 = FACE_OUTER_BOUND ( 'NONE', #2001, .T. ) ;
#5759 = DIRECTION ( 'NONE',  ( 1.000000000000000000, 9.346570452461251800E-018, -0.0000000000000000000 ) ) ;
#5760 = CARTESIAN_POINT ( 'NONE',  ( 2.550000000000000700, 0.0000000000000000000, 1.349999999999998100 ) ) ;
#5761 = PLANE ( 'NONE',  #4323 ) ;
#5762 = ADVANCED_FACE ( 'NONE', ( #3497 ), #4988, .F. ) ;
#5763 = CARTESIAN_POINT ( 'NONE',  ( 1.200000000000000600, 0.9000000000000001300, -1.849999999999999900 ) ) ;
#5764 = ADVANCED_FACE ( 'NONE', ( #5678 ), #2023, .T. ) ;
#5765 = CARTESIAN_POINT ( 'NONE',  ( 1.363001298872029000, 1.173186325927129100, 1.378844749850241200 ) ) ;
#5766 = CARTESIAN_POINT ( 'NONE',  ( -1.925000000000000300, 10.00000000000000000, 1.849999999999999400 ) ) ;
#5767 = TOROIDAL_SURFACE ( 'NONE', #2634, 4.564977828463508300, 2.966666666666668600 ) ;
#5768 = CIRCLE ( 'NONE', #4758, 2.966666666666668100 ) ;
#5769 = CARTESIAN_POINT ( 'NONE',  ( -1.688332282736985500, 0.5577736668712532900, 1.917279331974643700 ) ) ;
#5770 = CARTESIAN_POINT ( 'NONE',  ( 1.846809173992063600, 0.7216791529293649100, 1.941113364303811400 ) ) ;
#5771 = CARTESIAN_POINT ( 'NONE',  ( -1.049588111106895900, 0.09999999999999996400, -1.718973578918033200 ) ) ;
#5772 = ORIENTED_EDGE ( 'NONE', *, *, #647, .T. ) ;
#5773 = CARTESIAN_POINT ( 'NONE',  ( -1.064950599469286100, 0.3000000000000004900, 2.006133850298979800 ) ) ;
#5774 = FACE_OUTER_BOUND ( 'NONE', #2253, .T. ) ;
#5775 = LINE ( 'NONE', #3954, #4551 ) ;
#5776 = CARTESIAN_POINT ( 'NONE',  ( -1.414576459182686600, 0.9987013546144929400, 1.674398786879159000 ) ) ;
#5777 = EDGE_CURVE ( 'NONE', #1187, #5704, #3571, .T. ) ;
#5778 = DIRECTION ( 'NONE',  ( 1.000000000000000000, 0.0000000000000000000, -2.990902544787601500E-016 ) ) ;
#5779 = EDGE_LOOP ( 'NONE', ( #997, #3314, #3749, #2339, #3605 ) ) ;
#5780 = ORIENTED_EDGE ( 'NONE', *, *, #2119, .T. ) ;
#5781 = CARTESIAN_POINT ( 'NONE',  ( 2.550000000000000700, 0.0000000000000000000, -0.9000000000000010200 ) ) ;
#5782 = CARTESIAN_POINT ( 'NONE',  ( -1.200000000000001100, 2.168404344971008900E-016, 1.849999999999999200 ) ) ;
#5783 = DIRECTION ( 'NONE',  ( 3.265262085617095000E-032, -2.409338161078890300E-016, 1.000000000000000000 ) ) ;
#5784 = LINE ( 'NONE', #1406, #4852 ) ;
#5785 = DIRECTION ( 'NONE',  ( 0.7071067811865487900, 0.0000000000000000000, -0.7071067811865463500 ) ) ;
#5786 = EDGE_LOOP ( 'NONE', ( #2822, #1331, #4658, #3062 ) ) ;
#5787 = FACE_OUTER_BOUND ( 'NONE', #4508, .T. ) ;
#5788 = ORIENTED_EDGE ( 'NONE', *, *, #1581, .F. ) ;
#5789 = VERTEX_POINT ( 'NONE', #4537 ) ;
#5790 = CARTESIAN_POINT ( 'NONE',  ( -1.238850292672836200, 0.9000000000000001300, 1.777426299400804500 ) ) ;
#5791 = CARTESIAN_POINT ( 'NONE',  ( 1.682912790984585600, 0.6554741625017116400, 2.320946710459080200 ) ) ;
#5792 = ORIENTED_EDGE ( 'NONE', *, *, #629, .F. ) ;
#5793 = FACE_OUTER_BOUND ( 'NONE', #5589, .T. ) ;
#5794 = CARTESIAN_POINT ( 'NONE',  ( 1.689467558815850500, 4.500000000000000000, 2.399999999999998100 ) ) ;
#5795 = CARTESIAN_POINT ( 'NONE',  ( 1.022826065478609700, 1.400385517110741300, 1.448148057681516400 ) ) ;
#5796 = CARTESIAN_POINT ( 'NONE',  ( 2.550000000000000700, 0.0000000000000000000, 1.099999999999998800 ) ) ;
#5797 = ORIENTED_EDGE ( 'NONE', *, *, #4145, .F. ) ;
#5798 =( BOUNDED_CURVE ( )  B_SPLINE_CURVE ( 3, ( #1804, #2642, #1757, #5903 ),
 .UNSPECIFIED., .F., .F. ) 
 B_SPLINE_CURVE_WITH_KNOTS ( ( 4, 4 ),
 ( 0.0000000000000000000, 0.5000000000000000000 ),
 .UNSPECIFIED. ) 
 CURVE ( )  GEOMETRIC_REPRESENTATION_ITEM ( )  RATIONAL_B_SPLINE_CURVE ( ( 1.000000000000000000, 0.9551586035403130100, 0.9551586035403130100, 1.000000000000000000 ) ) 
 REPRESENTATION_ITEM ( '' )  );
#5799 = EDGE_CURVE ( 'NONE', #1497, #47, #3141, .T. ) ;
#5800 = EDGE_LOOP ( 'NONE', ( #1418, #2038, #1726, #430, #2405 ) ) ;
#5801 = B_SPLINE_CURVE_WITH_KNOTS ( 'NONE', 3,
 ( #1287, #300, #4386, #800, #4471, #5791, #4437, #3010, #1742, #5351, #5816, #3552 ),
 .UNSPECIFIED., .F., .F.,
 ( 4, 2, 2, 2, 2, 4 ),
 ( 0.3155082430143768500, 0.3641475987153899300, 0.4142491139411944000, 0.4650707556951786400, 0.5244402834339316800, 0.5819328839176166600 ),
 .UNSPECIFIED. ) ;
#5802 = LINE ( 'NONE', #4239, #2341 ) ;
#5803 = DIRECTION ( 'NONE',  ( 0.0000000000000000000, -1.000000000000000000, 0.0000000000000000000 ) ) ;
#5804 = DIRECTION ( 'NONE',  ( 0.0000000000000000000, -3.523657060577895700E-015, -1.000000000000000000 ) ) ;
#5805 = ADVANCED_FACE ( 'NONE', ( #940 ), #907, .F. ) ;
#5806 = ADVANCED_FACE ( 'NONE', ( #2718 ), #5500, .T. ) ;
#5807 = ORIENTED_EDGE ( 'NONE', *, *, #1275, .T. ) ;
#5808 = CARTESIAN_POINT ( 'NONE',  ( -1.503297030129477900, 0.8520437117848803600, 1.813444340427279300 ) ) ;
#5809 = EDGE_CURVE ( 'NONE', #3387, #530, #926, .T. ) ;
#5810 = AXIS2_PLACEMENT_3D ( 'NONE', #1236, #3481, #752 ) ;
#5811 = ORIENTED_EDGE ( 'NONE', *, *, #834, .T. ) ;
#5812 = DIRECTION ( 'NONE',  ( 1.000000000000000000, 0.0000000000000000000, -1.112002228190261000E-016 ) ) ;
#5813 = CARTESIAN_POINT ( 'NONE',  ( 1.378366482324259400, 1.082347921297782000, 1.560440944930504800 ) ) ;
#5814 = ORIENTED_EDGE ( 'NONE', *, *, #1348, .F. ) ;
#5815 = PRODUCT_RELATED_PRODUCT_CATEGORY ( 'part', '', ( #3282 ) ) ;
#5816 = CARTESIAN_POINT ( 'NONE',  ( 1.422992689468022900, 0.8285245684555165900, 2.230528333776139700 ) ) ;
#5817 = CARTESIAN_POINT ( 'NONE',  ( -1.925000000000000700, 0.1000000000000000100, -1.849999999999999900 ) ) ;
#5818 = EDGE_LOOP ( 'NONE', ( #5016, #3182, #592, #5951 ) ) ;
#5819 = CARTESIAN_POINT ( 'NONE',  ( 1.311812470391553200, 0.7491570615637254100, 1.856860335618401700 ) ) ;
#5820 = AXIS2_PLACEMENT_3D ( 'NONE', #1635, #1149, #4403 ) ;
#5821 = CARTESIAN_POINT ( 'NONE',  ( 2.550000000000000700, 0.1000000000000002600, 0.9999999999999986700 ) ) ;
#5822 = CARTESIAN_POINT ( 'NONE',  ( -1.620155441081601700, 0.5935270909723462400, 1.898523699615781300 ) ) ;
#5823 = CARTESIAN_POINT ( 'NONE',  ( -1.731310763689220700, 0.6532781991784727400, 1.922106177826789200 ) ) ;
#5824 = EDGE_CURVE ( 'NONE', #1340, #3898, #142, .T. ) ;
#5825 = CARTESIAN_POINT ( 'NONE',  ( 2.650000000000000400, 0.5995750647238710100, 2.050222904902021500 ) ) ;
#5826 = DIRECTION ( 'NONE',  ( 1.000000000000000000, 0.0000000000000000000, 0.0000000000000000000 ) ) ;
#5827 = DIRECTION ( 'NONE',  ( -6.982962677686266700E-015, 1.000000000000000000, 4.602975439493631500E-016 ) ) ;
#5828 = CARTESIAN_POINT ( 'NONE',  ( -2.650000000000000400, 0.6723726702709576000, 2.085380417698156300 ) ) ;
#5829 = CARTESIAN_POINT ( 'NONE',  ( -1.711322751605630900, 4.399999999999999500, 0.2791601061504556700 ) ) ;
#5830 = CARTESIAN_POINT ( 'NONE',  ( 2.650000000000000400, 0.5906356093092601800, 2.049785845506007400 ) ) ;
#5831 = DIRECTION ( 'NONE',  ( 0.0000000000000000000, 1.000000000000000000, -0.0000000000000000000 ) ) ;
#5832 = VECTOR ( 'NONE', #4977, 999.9999999999998900 ) ;
#5833 = FILL_AREA_STYLE_COLOUR ( '', #547 ) ;
#5834 = ADVANCED_FACE ( 'NONE', ( #1669 ), #452, .T. ) ;
#5835 = DIRECTION ( 'NONE',  ( 0.0000000000000000000, 1.000000000000000000, -0.0000000000000000000 ) ) ;
#5836 = CARTESIAN_POINT ( 'NONE',  ( -2.650000000000045700, 0.4162441928734085800, 2.056795011105108100 ) ) ;
#5837 = CARTESIAN_POINT ( 'NONE',  ( 1.035228769152123100, 1.139155403440661700, 1.671626844385644100 ) ) ;
#5838 = DIRECTION ( 'NONE',  ( 0.0000000000000000000, 0.0000000000000000000, 1.000000000000000000 ) ) ;
#5839 = CARTESIAN_POINT ( 'NONE',  ( 1.365347262039190200, 0.6779255830735297900, 1.899704505030163700 ) ) ;
#5840 = AXIS2_PLACEMENT_3D ( 'NONE', #1263, #4973, #845 ) ;
#5841 = AXIS2_PLACEMENT_3D ( 'NONE', #2867, #1460, #3253 ) ;
#5842 = VECTOR ( 'NONE', #3210, 1000.000000000000000 ) ;
#5843 = CARTESIAN_POINT ( 'NONE',  ( -2.449999999999999300, 4.500000000000000000, -0.0000000000000000000 ) ) ;
#5844 = DIRECTION ( 'NONE',  ( -1.000000000000000000, 9.346570452461251800E-018, 0.0000000000000000000 ) ) ;
#5845 = DIRECTION ( 'NONE',  ( -1.000000000000000000, 0.0000000000000000000, -0.0000000000000000000 ) ) ;
#5846 = DIRECTION ( 'NONE',  ( -1.000000000000000000, -3.491481338843133400E-015, 0.0000000000000000000 ) ) ;
#5847 = DIRECTION ( 'NONE',  ( -1.112002228190261000E-016, 0.0000000000000000000, -1.000000000000000000 ) ) ;
#5848 = CARTESIAN_POINT ( 'NONE',  ( -2.650000000000000400, 0.5022472325814936200, 2.130090471527785300 ) ) ;
#5849 = VECTOR ( 'NONE', #3298, 1000.000000000000000 ) ;
#5850 = AXIS2_PLACEMENT_3D ( 'NONE', #3699, #4102, #1885 ) ;
#5851 = ORIENTED_EDGE ( 'NONE', *, *, #3412, .F. ) ;
#5852 = CARTESIAN_POINT ( 'NONE',  ( -2.550297732634558400, 0.5615536664349057800, 2.346074376379448700 ) ) ;
#5853 = CIRCLE ( 'NONE', #3934, 1.598311161796839700 ) ;
#5854 = DIRECTION ( 'NONE',  ( 1.000000000000000000, -0.0000000000000000000, -0.0000000000000000000 ) ) ;
#5855 = CARTESIAN_POINT ( 'NONE',  ( 1.047457737986158300, 1.253758802465591000, 1.741661186493029800 ) ) ;
#5856 = CARTESIAN_POINT ( 'NONE',  ( -2.549999999999999800, 4.336808689942017700E-016, -0.9000000000000011300 ) ) ;
#5857 = CLOSED_SHELL ( 'NONE', ( #5866, #5762, #1504, #1165, #2649, #3599, #4341, #4435, #5890, #447 ) ) ;
#5858 = CARTESIAN_POINT ( 'NONE',  ( 1.925000000000000700, -6.765421556309526400E-015, -1.849999999999999400 ) ) ;
#5859 = LINE ( 'NONE', #2485, #3752 ) ;
#5860 = LINE ( 'NONE', #855, #3311 ) ;
#5861 = CARTESIAN_POINT ( 'NONE',  ( 1.446098106852461400, 0.5625492255108064400, 2.169512423960666200 ) ) ;
#5862 = CARTESIAN_POINT ( 'NONE',  ( 2.650000000000000400, 0.5158279661260207800, 2.100246962876868300 ) ) ;
#5863 = VERTEX_POINT ( 'NONE', #2715 ) ;
#5864 = EDGE_LOOP ( 'NONE', ( #5740, #3024, #5385, #5136 ) ) ;
#5865 = ADVANCED_FACE ( 'NONE', ( #1523 ), #2244, .F. ) ;
#5866 = ADVANCED_FACE ( 'NONE', ( #1879 ), #3188, .T. ) ;
#5867 = CARTESIAN_POINT ( 'NONE',  ( -0.8386609206840857100, 2.200000000000000600, 4.516666666666668400 ) ) ;
#5868 = ORIENTED_EDGE ( 'NONE', *, *, #5713, .T. ) ;
#5869 = CARTESIAN_POINT ( 'NONE',  ( -2.650000000000002100, 0.6000000000000002000, 1.445602896647336200E-016 ) ) ;
#5870 = VERTEX_POINT ( 'NONE', #5560 ) ;
#5871 = CARTESIAN_POINT ( 'NONE',  ( -2.650000000000000400, 0.5611782446819372200, 2.241289482584576400 ) ) ;
#5872 = FACE_OUTER_BOUND ( 'NONE', #2768, .T. ) ;
#5873 = DIRECTION ( 'NONE',  ( -1.000000000000000000, -0.0000000000000000000, 1.266949100621695300E-016 ) ) ;
#5874 = ORIENTED_EDGE ( 'NONE', *, *, #1378, .F. ) ;
#5875 = ORIENTED_EDGE ( 'NONE', *, *, #2996, .T. ) ;
#5876 = CARTESIAN_POINT ( 'NONE',  ( -2.649999999999999900, 0.4986479419468480800, 2.146046131703389600 ) ) ;
#5877 = CARTESIAN_POINT ( 'NONE',  ( 1.414576459182686600, 0.9987013546144929400, 1.674398786879159000 ) ) ;
#5878 = CIRCLE ( 'NONE', #3429, 0.09999999999999982500 ) ;
#5879 = CARTESIAN_POINT ( 'NONE',  ( -1.924999999999998900, 0.1000000000000000100, 1.849999999999999900 ) ) ;
#5880 = EDGE_CURVE ( 'NONE', #1237, #5958, #3791, .T. ) ;
#5881 = VERTEX_POINT ( 'NONE', #3193 ) ;
#5882 = CARTESIAN_POINT ( 'NONE',  ( 1.470810704438334700, 0.6504396299010446500, 2.268662392956145800 ) ) ;
#5883 = CARTESIAN_POINT ( 'NONE',  ( -1.241990378884432600, 0.8967755951296955100, 2.131874629936777700 ) ) ;
#5884 = ORIENTED_EDGE ( 'NONE', *, *, #1738, .T. ) ;
#5885 = CARTESIAN_POINT ( 'NONE',  ( -1.547336403710213100, 0.7934783820616608800, 1.848657193403494300 ) ) ;
#5886 = CARTESIAN_POINT ( 'NONE',  ( -2.650000000000000400, 0.6650298570109560700, 2.221775176122019700 ) ) ;
#5887 = CARTESIAN_POINT ( 'NONE',  ( 0.8386609206840851500, 2.200000000000000600, -1.549999999999998500 ) ) ;
#5888 = CARTESIAN_POINT ( 'NONE',  ( -2.650000000000000400, 0.5600396094250530400, 2.059589378580188400 ) ) ;
#5889 = DIRECTION ( 'NONE',  ( 0.0000000000000000000, 0.0000000000000000000, 1.000000000000000000 ) ) ;
#5890 = ADVANCED_FACE ( 'NONE', ( #4452 ), #2303, .T. ) ;
#5891 = CARTESIAN_POINT ( 'NONE',  ( -2.183209589707005200, 0.7024340572999614500, 1.951194049212897900 ) ) ;
#5892 = CARTESIAN_POINT ( 'NONE',  ( 0.0000000000000000000, 0.0000000000000000000, 0.0000000000000000000 ) ) ;
#5893 = DIRECTION ( 'NONE',  ( 1.000000000000000000, 0.0000000000000000000, 0.0000000000000000000 ) ) ;
#5894 = CARTESIAN_POINT ( 'NONE',  ( -1.711516543093141800, 4.399999999999998600, -2.499999999999998200 ) ) ;
#5895 = CARTESIAN_POINT ( 'NONE',  ( 1.856962842768697500, 0.8120393917084345300, 2.248412592213129700 ) ) ;
#5896 = EDGE_CURVE ( 'NONE', #5928, #468, #1383, .T. ) ;
#5897 = CARTESIAN_POINT ( 'NONE',  ( -1.362331900726095200, 1.155191326587447400, 1.423746122897575800 ) ) ;
#5898 = CARTESIAN_POINT ( 'NONE',  ( -1.493355204731819700, 1.064196913193507400, 1.696105585426021900 ) ) ;
#5899 = CARTESIAN_POINT ( 'NONE',  ( -2.650000000000000400, 0.6308493461894858500, 2.056618157104340500 ) ) ;
#5900 = UNCERTAINTY_MEASURE_WITH_UNIT (LENGTH_MEASURE( 1.000000000000000100E-005 ), #497, 'distance_accuracy_value', 'NONE');
#5901 = CARTESIAN_POINT ( 'NONE',  ( 2.650000000000015900, 0.4457387417701405000, 2.019291336346404500 ) ) ;
#5902 = SURFACE_STYLE_USAGE ( .BOTH. , #3142 ) ;
#5903 = CARTESIAN_POINT ( 'NONE',  ( -2.821966363851285800E-012, 0.3000000000000004900, -2.500000000246297200 ) ) ;
#5904 = CARTESIAN_POINT ( 'NONE',  ( -2.550455488749964900, 0.3952912463403439000, 2.179292766535441600 ) ) ;
#5905 = VECTOR ( 'NONE', #2526, 1000.000000000000000 ) ;
#5906 = EDGE_CURVE ( 'NONE', #2672, #5704, #3066, .T. ) ;
#5907 = CARTESIAN_POINT ( 'NONE',  ( -2.650000000000002600, 0.5354172258604024100, 2.226662223281713700 ) ) ;
#5908 = CARTESIAN_POINT ( 'NONE',  ( 2.550160919043999100, 0.6220544177684755900, 2.350788248156273400 ) ) ;
#5909 = EDGE_LOOP ( 'NONE', ( #3664, #2183, #3308, #5670 ) ) ;
#5910 = LINE ( 'NONE', #4400, #4021 ) ;
#5911 = CARTESIAN_POINT ( 'NONE',  ( 1.238850292672835800, 3.500000000000000000, 1.777426299400805000 ) ) ;
#5912 = CARTESIAN_POINT ( 'NONE',  ( 1.628761299812714800, 0.4752611663760555300, 2.005872187029448500 ) ) ;
#5913 = EDGE_CURVE ( 'NONE', #3549, #5657, #2435, .T. ) ;
#5914 = CARTESIAN_POINT ( 'NONE',  ( -2.550214895048588600, 0.5995634437519188300, 2.350228051543927800 ) ) ;
#5915 = ORIENTED_EDGE ( 'NONE', *, *, #3729, .T. ) ;
#5916 = AXIS2_PLACEMENT_3D ( 'NONE', #5725, #210, #5778 ) ;
#5917 = ADVANCED_FACE ( 'NONE', ( #5308 ), #5583, .F. ) ;
#5918 = VECTOR ( 'NONE', #3446, 1000.000000000000000 ) ;
#5919 = CARTESIAN_POINT ( 'NONE',  ( -1.363001298872029000, 1.173186325927129100, 1.378844749850241200 ) ) ;
#5920 = EDGE_LOOP ( 'NONE', ( #2124, #384, #4340, #1279 ) ) ;
#5921 = CARTESIAN_POINT ( 'NONE',  ( -1.964294742901957900, 0.6000000000000005300, 1.949999999999998800 ) ) ;
#5922 = DIRECTION ( 'NONE',  ( -1.000000000000000000, 0.0000000000000000000, -2.990902544787602000E-016 ) ) ;
#5923 = CARTESIAN_POINT ( 'NONE',  ( 2.550405882636811200, 0.5066891435089202500, 2.334075929109931100 ) ) ;
#5924 = LINE ( 'NONE', #5290, #3300 ) ;
#5925 = CARTESIAN_POINT ( 'NONE',  ( -2.650000000000000400, 0.5000223459864136000, 2.138548689857094700 ) ) ;
#5926 = AXIS2_PLACEMENT_3D ( 'NONE', #2345, #4202, #1476 ) ;
#5927 = EDGE_CURVE ( 'NONE', #5963, #4260, #3351, .T. ) ;
#5928 = VERTEX_POINT ( 'NONE', #3709 ) ;
#5929 = VERTEX_POINT ( 'NONE', #1865 ) ;
#5930 = DIRECTION ( 'NONE',  ( 0.0000000000000000000, 1.000000000000000000, 0.0000000000000000000 ) ) ;
#5931 = CARTESIAN_POINT ( 'NONE',  ( -2.649999999999983900, 0.6220323780836944900, 2.350626415734307500 ) ) ;
#5932 = CARTESIAN_POINT ( 'NONE',  ( -2.202511208985248500, 0.4934471917213567000, 2.350957617029184400 ) ) ;
#5933 = CARTESIAN_POINT ( 'NONE',  ( 2.650000000000033700, 0.7537418520009633300, 2.281202695768789200 ) ) ;
#5934 = EDGE_CURVE ( 'NONE', #174, #1237, #2852, .T. ) ;
#5935 = EDGE_LOOP ( 'NONE', ( #111, #964, #4174, #1195 ) ) ;
#5936 = ORIENTED_EDGE ( 'NONE', *, *, #4757, .T. ) ;
#5937 = CARTESIAN_POINT ( 'NONE',  ( 0.4489778057236477600, 0.9000000000000032400, -2.499999999999999600 ) ) ;
#5938 = CARTESIAN_POINT ( 'NONE',  ( 1.523752989779011000, 0.8231839144109466300, 1.832818554932567300 ) ) ;
#5939 = DIRECTION ( 'NONE',  ( -1.000000000000000000, 0.0000000000000000000, 2.344220913482164300E-016 ) ) ;
#5940 = ORIENTED_EDGE ( 'NONE', *, *, #4234, .F. ) ;
#5941 = EDGE_LOOP ( 'NONE', ( #1428, #1349, #4718 ) ) ;
#5942 = CARTESIAN_POINT ( 'NONE',  ( -1.306616667488059000, 1.172504317051865600, 2.051197597948166300 ) ) ;
#5943 = LINE ( 'NONE', #5869, #4716 ) ;
#5944 = CARTESIAN_POINT ( 'NONE',  ( -2.550000000000000300, 0.0000000000000000000, -1.100000000000001200 ) ) ;
#5945 = CARTESIAN_POINT ( 'NONE',  ( 2.650000000000000400, 0.4000000000000003000, 2.045280244880339100 ) ) ;
#5946 = DIRECTION ( 'NONE',  ( -0.0000000000000000000, -1.000000000000000000, -0.0000000000000000000 ) ) ;
#5947 = CARTESIAN_POINT ( 'NONE',  ( 0.9507231761580936500, 0.3000000000000004900, -2.115830042274442500 ) ) ;
#5948 = EDGE_LOOP ( 'NONE', ( #624, #2471 ) ) ;
#5949 = CARTESIAN_POINT ( 'NONE',  ( 2.550467646833875600, 0.4136902400532034800, 2.225036441181617300 ) ) ;
#5950 = CARTESIAN_POINT ( 'NONE',  ( -1.925000000000000500, 0.5999999999999998700, 1.950000000000000000 ) ) ;
#5951 = ORIENTED_EDGE ( 'NONE', *, *, #934, .F. ) ;
#5952 = VECTOR ( 'NONE', #2887, 1000.000000000000000 ) ;
#5953 = CARTESIAN_POINT ( 'NONE',  ( 1.369096064712298700, 1.309102757113913300, 1.868164892199704700 ) ) ;
#5954 = ADVANCED_FACE ( 'NONE', ( #4530, #4081 ), #3284, .F. ) ;
#5955 = CARTESIAN_POINT ( 'NONE',  ( -2.550297732634555700, 0.5615536664345700500, 2.346074376379375400 ) ) ;
#5956 = CARTESIAN_POINT ( 'NONE',  ( -2.550297732634555700, 0.5615536664345700500, 2.346074376379375400 ) ) ;
#5957 = CARTESIAN_POINT ( 'NONE',  ( 0.5190155649226210200, 0.3000000000000004900, 2.392292359381736700 ) ) ;
#5958 = VERTEX_POINT ( 'NONE', #1422 ) ;
#5959 = CARTESIAN_POINT ( 'NONE',  ( 2.549822745416809400, 0.7536023519805650200, 2.281085086534287800 ) ) ;
#5960 = AXIS2_PLACEMENT_3D ( 'NONE', #294, #730, #5846 ) ;
#5961 = DIRECTION ( 'NONE',  ( -0.9363197852760814000, -0.0000000000000000000, 0.3511484866841276800 ) ) ;
#5962 = EDGE_CURVE ( 'NONE', #4909, #4553, #4226, .T. ) ;
#5963 = VERTEX_POINT ( 'NONE', #3794 ) ;
#5964 = CARTESIAN_POINT ( 'NONE',  ( 1.446101183711558900, 0.9410147817117210400, 1.737483079866199500 ) ) ;
#5965 = CARTESIAN_POINT ( 'NONE',  ( -1.547336403710213500, 0.7934783820616609900, 1.848657193403494300 ) ) ;
#5966 = CARTESIAN_POINT ( 'NONE',  ( -1.542611951756664300, 1.022954125904665900, 2.137582081056658400 ) ) ;
#5967 = AXIS2_PLACEMENT_3D ( 'NONE', #2288, #4221, #3732 ) ;
#5968 = VERTEX_POINT ( 'NONE', #3303 ) ;
#5969 = DIRECTION ( 'NONE',  ( 1.000000000000000000, 0.0000000000000000000, -2.855701937345342800E-017 ) ) ;
#5970 = CARTESIAN_POINT ( 'NONE',  ( 2.202511208985248500, 0.4934471917213567000, 2.350957617029184400 ) ) ;
#5971 = PLANE ( 'NONE',  #4910 ) ;
#5972 = CARTESIAN_POINT ( 'NONE',  ( 0.1675954949112417000, 0.3000000000000004900, -2.489056739996879000 ) ) ;
ENDSEC;
END-ISO-10303-21;
